quantity_index,z,p2p5,p16,median,p84,p97p5
0.000000000000000000e+00,4.000000000000000222e-01,9.475823380245273597e+00,1.009594253204588021e+01,1.062860951417452604e+01,1.121731941219385398e+01,1.189659979348153307e+01
0.000000000000000000e+00,4.046666666666666745e-01,9.585678667800531016e+00,1.020804628700909511e+01,1.073658382006266798e+01,1.132683567442323280e+01,1.200305594802984999e+01
0.000000000000000000e+00,4.093333333333333823e-01,9.695509683105717258e+00,1.031835688064540868e+01,1.084617861882344592e+01,1.143462672534447044e+01,1.211251626967254502e+01
0.000000000000000000e+00,4.140000000000000346e-01,9.805316362655823070e+00,1.042687165799363491e+01,1.095682587579990930e+01,1.154280363053693037e+01,1.221852104769517666e+01
0.000000000000000000e+00,4.186666666666666869e-01,9.915098630985301753e+00,1.053824641379360294e+01,1.106683481452920503e+01,1.164712404110151489e+01,1.232354857727937159e+01
0.000000000000000000e+00,4.233333333333333393e-01,1.002485646103954231e+01,1.064815126610960583e+01,1.117594798963395064e+01,1.175510831250911892e+01,1.242946244544236833e+01
0.000000000000000000e+00,4.280000000000000471e-01,1.013458981358816224e+01,1.075789306217863306e+01,1.128385251422680113e+01,1.186245117923974490e+01,1.253475374118983865e+01
0.000000000000000000e+00,4.326666666666666994e-01,1.024429865730100708e+01,1.086863231361156501e+01,1.139336621318969733e+01,1.196934218276332551e+01,1.263942491865175377e+01
0.000000000000000000e+00,4.373333333333333517e-01,1.035398296865312595e+01,1.097937671839237872e+01,1.150281180970024586e+01,1.207659776301952803e+01,1.274399424534236758e+01
0.000000000000000000e+00,4.420000000000000040e-01,1.046364273182991234e+01,1.108931164688738491e+01,1.160909870993254955e+01,1.218337979492856604e+01,1.284865577943592108e+01
0.000000000000000000e+00,4.466666666666667118e-01,1.057327793863253440e+01,1.119821585649466122e+01,1.171791395946422654e+01,1.228921789289075761e+01,1.295272388460621293e+01
0.000000000000000000e+00,4.513333333333333641e-01,1.068200620202456719e+01,1.130522056912219675e+01,1.182615613700999546e+01,1.239461404531768984e+01,1.305620084127682290e+01
0.000000000000000000e+00,4.560000000000000164e-01,1.079051758390445315e+01,1.141189804989593171e+01,1.193469082257990443e+01,1.249978458626149980e+01,1.315908893133399893e+01
0.000000000000000000e+00,4.606666666666666687e-01,1.089898285394745869e+01,1.151834430487537020e+01,1.204325648831237139e+01,1.260464183185690601e+01,1.325827220005513141e+01
0.000000000000000000e+00,4.653333333333333766e-01,1.100740206314275937e+01,1.162390049578753271e+01,1.214888068573968560e+01,1.270944939879508340e+01,1.335706322418793590e+01
0.000000000000000000e+00,4.700000000000000289e-01,1.111577596646262656e+01,1.173233279348729319e+01,1.225554024427467326e+01,1.281364563459750094e+01,1.345821444462451311e+01
0.000000000000000000e+00,4.746666666666666812e-01,1.122524076473693633e+01,1.183916314953850168e+01,1.235788929072864306e+01,1.291874670783683676e+01,1.356117908913818582e+01
0.000000000000000000e+00,4.793333333333333890e-01,1.133468184527329825e+01,1.194870050561134178e+01,1.246494792388789108e+01,1.302071540879235378e+01,1.366368202252604469e+01
0.000000000000000000e+00,4.840000000000000413e-01,1.144409926047617709e+01,1.205697607606860267e+01,1.257001233393997275e+01,1.312210365366394704e+01,1.376417904995332897e+01
0.000000000000000000e+00,4.886666666666666936e-01,1.155349306952311039e+01,1.216488147601585190e+01,1.267363008322750950e+01,1.322440978185736782e+01,1.386300902529568191e+01
0.000000000000000000e+00,4.933333333333333459e-01,1.166286333827381583e+01,1.227346532501803722e+01,1.277802545413164026e+01,1.332585900569932313e+01,1.396143520967872220e+01
0.000000000000000000e+00,4.979999999999999982e-01,1.177167908654184814e+01,1.238126433632127466e+01,1.288457240539506898e+01,1.342693414871058799e+01,1.405975812009842763e+01
0.000000000000000000e+00,5.026666666666667060e-01,1.187912444469747975e+01,1.248586264303111903e+01,1.298792137369601996e+01,1.352542310622601107e+01,1.415752385175364125e+01
0.000000000000000000e+00,5.073333333333334139e-01,1.199186072361334787e+01,1.259377068914174380e+01,1.309065726317935052e+01,1.362787247893914966e+01,1.425241463008419629e+01
0.000000000000000000e+00,5.120000000000000107e-01,1.210425644296146608e+01,1.269977564470697118e+01,1.319201826023126856e+01,1.372786466893643720e+01,1.434452404203527998e+01
0.000000000000000000e+00,5.166666666666667185e-01,1.221591645131763926e+01,1.280591733244406427e+01,1.329439690536407426e+01,1.382861280752788424e+01,1.443514523332146915e+01
0.000000000000000000e+00,5.213333333333334263e-01,1.232759655116027986e+01,1.290969150256231757e+01,1.339676485940583106e+01,1.392886491040464492e+01,1.452788910292346181e+01
0.000000000000000000e+00,5.260000000000000231e-01,1.243803849752421797e+01,1.301337098244900758e+01,1.350102350430597653e+01,1.402827052063320856e+01,1.462284322378347845e+01
0.000000000000000000e+00,5.306666666666667309e-01,1.254672901380195427e+01,1.311737515996663994e+01,1.360333011992075747e+01,1.412711798498599869e+01,1.471789523985846238e+01
0.000000000000000000e+00,5.353333333333333277e-01,1.265632506817689062e+01,1.322358955654398471e+01,1.370540688563859710e+01,1.422710766936046234e+01,1.481241491669314492e+01
0.000000000000000000e+00,5.400000000000000355e-01,1.276599686352544083e+01,1.332806615221026192e+01,1.380779067463972254e+01,1.432714123406995199e+01,1.490640438587096916e+01
0.000000000000000000e+00,5.446666666666666323e-01,1.287728855727812771e+01,1.343343015799167794e+01,1.391111392280419423e+01,1.442705484879198075e+01,1.500089567240320676e+01
0.000000000000000000e+00,5.493333333333333401e-01,1.298859366144180072e+01,1.354169959860026573e+01,1.401442065065841369e+01,1.452014607070371710e+01,1.508989589048790236e+01
0.000000000000000000e+00,5.540000000000000480e-01,1.310146642853658960e+01,1.365089415558017372e+01,1.411644037822788889e+01,1.461533943737961749e+01,1.518095286454880721e+01
0.000000000000000000e+00,5.586666666666666448e-01,1.321447880558658383e+01,1.375477229707511739e+01,1.421636511070565412e+01,1.471147276589358732e+01,1.527473905038422330e+01
0.000000000000000000e+00,5.633333333333333526e-01,1.332549246822705946e+01,1.385990082796129919e+01,1.431634024639989455e+01,1.480253961490141457e+01,1.536574113429868937e+01
0.000000000000000000e+00,5.680000000000000604e-01,1.343651446046591325e+01,1.396517345584935121e+01,1.441987702291601892e+01,1.489894898235407084e+01,1.545665511035934969e+01
0.000000000000000000e+00,5.726666666666666572e-01,1.354715229863185577e+01,1.406931951459965369e+01,1.452095272742065113e+01,1.499559703525650711e+01,1.554372437763032622e+01
0.000000000000000000e+00,5.773333333333333650e-01,1.365650962299232596e+01,1.417234853136730877e+01,1.462297190580280493e+01,1.509267693426495427e+01,1.563165673221593721e+01
0.000000000000000000e+00,5.820000000000000728e-01,1.376667834919248001e+01,1.427521676869671552e+01,1.472033630661183246e+01,1.518835421245287876e+01,1.572193970118719619e+01
0.000000000000000000e+00,5.866666666666666696e-01,1.386940840228059457e+01,1.437637155709639103e+01,1.482032541052150698e+01,1.528534416085261149e+01,1.581284248219780331e+01
0.000000000000000000e+00,5.913333333333333774e-01,1.397808909281121892e+01,1.447746079977822120e+01,1.492039826129709468e+01,1.537411526237575288e+01,1.590105734678367355e+01
0.000000000000000000e+00,5.960000000000000853e-01,1.408658038141356528e+01,1.458014976860969725e+01,1.501889038980295155e+01,1.546474702446241345e+01,1.598601380114732073e+01
0.000000000000000000e+00,6.006666666666666821e-01,1.419214891340465989e+01,1.468528670536440472e+01,1.511962234241091529e+01,1.555697061137015424e+01,1.606982237772382760e+01
0.000000000000000000e+00,6.053333333333333899e-01,1.429627263188734076e+01,1.478426688964077229e+01,1.521900856129245305e+01,1.564975877442322805e+01,1.615424691480188102e+01
0.000000000000000000e+00,6.100000000000000977e-01,1.440020665306617076e+01,1.488527404366250195e+01,1.531780810214321065e+01,1.574515024191937407e+01,1.623898143189954624e+01
0.000000000000000000e+00,6.146666666666666945e-01,1.450935953790699351e+01,1.498807103182208778e+01,1.541468258264208124e+01,1.584213237885540870e+01,1.632457398853610187e+01
0.000000000000000000e+00,6.193333333333334023e-01,1.461441709470510908e+01,1.508746712326437134e+01,1.551256990115360423e+01,1.593352047708736308e+01,1.640729904601057143e+01
0.000000000000000000e+00,6.240000000000001101e-01,1.472128630174672281e+01,1.518925314137514526e+01,1.561069384612556377e+01,1.603034432280115951e+01,1.650328630829999099e+01
0.000000000000000000e+00,6.286666666666667069e-01,1.482375905355521972e+01,1.528977873024614809e+01,1.570830745807305284e+01,1.612037689446490063e+01,1.659187943055571779e+01
0.000000000000000000e+00,6.333333333333334147e-01,1.492582548971891399e+01,1.538827035781738850e+01,1.580497501584035547e+01,1.621163165002083417e+01,1.667111247494162996e+01
0.000000000000000000e+00,6.380000000000000115e-01,1.503042840143266368e+01,1.548132203315755007e+01,1.590042725738026697e+01,1.630105744815337943e+01,1.676037019880574874e+01
0.000000000000000000e+00,6.426666666666667194e-01,1.513328961877138568e+01,1.558157447495870507e+01,1.599731578235366314e+01,1.639241853015344930e+01,1.685197762409788425e+01
0.000000000000000000e+00,6.473333333333333162e-01,1.524228452769980002e+01,1.568246956089870459e+01,1.609381418919494067e+01,1.648685502999111918e+01,1.695079093567137463e+01
0.000000000000000000e+00,6.520000000000000240e-01,1.535415990995663549e+01,1.577750983731165313e+01,1.619173534543917015e+01,1.657826298628064521e+01,1.705047594346956075e+01
0.000000000000000000e+00,6.566666666666667318e-01,1.546139175260599075e+01,1.588204133733390222e+01,1.628688469652196602e+01,1.666682901795708460e+01,1.714367501660560578e+01
0.000000000000000000e+00,6.613333333333333286e-01,1.556769727254480529e+01,1.597861921344905944e+01,1.637957723540985455e+01,1.675943194704825245e+01,1.723048781538446406e+01
0.000000000000000000e+00,6.660000000000000364e-01,1.566797569242691957e+01,1.607716512607827397e+01,1.647393119729900590e+01,1.684680694452757166e+01,1.731654002542351733e+01
0.000000000000000000e+00,6.706666666666667442e-01,1.576852877094441574e+01,1.617319820950807241e+01,1.657176166567094810e+01,1.693355753941210295e+01,1.740033199287331556e+01
0.000000000000000000e+00,6.753333333333333410e-01,1.587195582043785436e+01,1.627372777972777484e+01,1.666861682855837046e+01,1.702592655492637874e+01,1.748936240593543090e+01
0.000000000000000000e+00,6.800000000000000488e-01,1.597499021283051057e+01,1.637365536872684757e+01,1.676435139023148224e+01,1.711494018536555473e+01,1.757352535466578658e+01
0.000000000000000000e+00,6.846666666666667567e-01,1.607664215222239079e+01,1.646647083513322585e+01,1.685965745820535133e+01,1.720668805266242884e+01,1.765458276876898225e+01
0.000000000000000000e+00,6.893333333333333535e-01,1.618009719392287948e+01,1.656554985172301997e+01,1.695119106708067136e+01,1.729597418551328047e+01,1.774005882929338895e+01
0.000000000000000000e+00,6.940000000000000613e-01,1.628285602007856170e+01,1.665340890990818679e+01,1.704312199265647010e+01,1.738349465941425365e+01,1.781275040896061768e+01
0.000000000000000000e+00,6.986666666666667691e-01,1.638656016741594001e+01,1.674976641465125837e+01,1.713744021706240162e+01,1.747348661252062385e+01,1.788141325103327262e+01
0.000000000000000000e+00,7.033333333333333659e-01,1.649377957945806372e+01,1.684582097086514096e+01,1.722960849307995446e+01,1.756545451459457752e+01,1.795457496807114595e+01
0.000000000000000000e+00,7.080000000000000737e-01,1.659886118125167087e+01,1.694007771400377749e+01,1.732189246864107801e+01,1.765472279174608872e+01,1.803669748450679577e+01
0.000000000000000000e+00,7.126666666666667815e-01,1.669424831281199673e+01,1.703736575262481168e+01,1.741147285052635141e+01,1.774344022994059955e+01,1.812696407717989189e+01
0.000000000000000000e+00,7.173333333333333783e-01,1.677946627014990355e+01,1.712949604745156051e+01,1.750297809858573927e+01,1.783613138014899135e+01,1.821796492802526046e+01
0.000000000000000000e+00,7.219999999999999751e-01,1.687761192707288771e+01,1.722378820336524896e+01,1.759542518821728407e+01,1.792640985109047591e+01,1.829712934443235284e+01
0.000000000000000000e+00,7.266666666666667940e-01,1.697877234042835326e+01,1.732048358806541799e+01,1.768021639951781410e+01,1.801081156032227071e+01,1.838691906280711663e+01
0.000000000000000000e+00,7.313333333333333908e-01,1.708100143338740651e+01,1.741368818983479017e+01,1.776790091126896343e+01,1.809842176126992186e+01,1.845967239850934760e+01
0.000000000000000000e+00,7.359999999999999876e-01,1.716866175151832152e+01,1.750473128420897240e+01,1.785932142845257431e+01,1.818834733941670123e+01,1.854648294591994073e+01
0.000000000000000000e+00,7.406666666666666954e-01,1.726412489089855740e+01,1.759898784097678259e+01,1.794913038298667374e+01,1.827932946007879877e+01,1.862703477125165819e+01
0.000000000000000000e+00,7.453333333333334032e-01,1.735026675779035088e+01,1.768774365441555219e+01,1.803659169667846385e+01,1.837051242013903973e+01,1.870529640621303002e+01
0.000000000000000000e+00,7.500000000000000000e-01,1.744121797965302534e+01,1.777971461236657902e+01,1.813023670579875457e+01,1.845870215398054626e+01,1.878690911337287872e+01
0.000000000000000000e+00,7.546666666666667078e-01,1.752745227695091401e+01,1.787228588143688413e+01,1.821870891031355555e+01,1.854805294310986596e+01,1.886710392980019790e+01
0.000000000000000000e+00,7.593333333333334156e-01,1.762011434356734796e+01,1.796519028944381802e+01,1.830560575462584794e+01,1.863521523098473054e+01,1.896106674338698994e+01
0.000000000000000000e+00,7.640000000000000124e-01,1.770136397375889459e+01,1.805148706381733348e+01,1.839206964313785164e+01,1.872407950362334716e+01,1.904715747638329759e+01
0.000000000000000000e+00,7.686666666666667203e-01,1.778128487619990139e+01,1.813703540398563518e+01,1.847898949426433646e+01,1.881450552155523681e+01,1.915090011230201839e+01
0.000000000000000000e+00,7.733333333333334281e-01,1.786271180727747776e+01,1.822473434841401030e+01,1.856764475627690913e+01,1.890591094204524580e+01,1.924084159719603804e+01
0.000000000000000000e+00,7.780000000000000249e-01,1.796923330437230959e+01,1.830571671481478901e+01,1.865562917756692585e+01,1.899812189022199860e+01,1.933304960753973134e+01
0.000000000000000000e+00,7.826666666666667327e-01,1.803976710847571496e+01,1.839342197363589193e+01,1.874214954079140938e+01,1.909247821058217198e+01,1.942603251642588447e+01
0.000000000000000000e+00,7.873333333333334405e-01,1.811636960737449442e+01,1.847784672953413931e+01,1.883041716368741447e+01,1.918825924288931617e+01,1.952325380740645855e+01
0.000000000000000000e+00,7.920000000000000373e-01,1.821132513046911328e+01,1.857010108245920321e+01,1.892162300694290522e+01,1.927953813095586355e+01,1.960481262972899685e+01
0.000000000000000000e+00,7.966666666666667451e-01,1.829585835330000521e+01,1.865672917171036715e+01,1.900540698958396035e+01,1.937007002688869761e+01,1.970585365097023356e+01
0.000000000000000000e+00,8.013333333333334529e-01,1.838163717128562524e+01,1.874191950088999192e+01,1.909148524304548999e+01,1.946006520771702952e+01,1.979953828995663656e+01
0.000000000000000000e+00,8.060000000000000497e-01,1.844950699339733191e+01,1.882410925352204956e+01,1.917809229988945674e+01,1.955278361182367775e+01,1.988811218696440264e+01
0.000000000000000000e+00,8.106666666666666465e-01,1.852617476395909790e+01,1.889755553356417295e+01,1.926815615646082591e+01,1.964841627182961048e+01,1.998910799235796176e+01
0.000000000000000000e+00,8.153333333333334654e-01,1.859622528131558283e+01,1.898586343319824010e+01,1.935623794355585048e+01,1.973494802366731449e+01,2.009276959410455277e+01
0.000000000000000000e+00,8.200000000000000622e-01,1.867128529012822469e+01,1.906783579504430648e+01,1.944186997947995721e+01,1.982771376528933160e+01,2.020274496494759120e+01
0.000000000000000000e+00,8.246666666666666590e-01,1.874986119839470433e+01,1.914626452581517668e+01,1.952957844890813988e+01,1.991828598472303469e+01,2.030015617075610379e+01
0.000000000000000000e+00,8.293333333333333668e-01,1.881557811917842571e+01,1.921810010079708775e+01,1.961531991793385643e+01,2.000940969802675440e+01,2.037744673961706354e+01
0.000000000000000000e+00,8.340000000000000746e-01,1.887887525529817623e+01,1.929503481466972303e+01,1.970498927294383407e+01,2.010087944773847823e+01,2.048218862769756754e+01
0.000000000000000000e+00,8.386666666666666714e-01,1.895507576058749066e+01,1.937225846081050307e+01,1.979284669045042122e+01,2.018217771200021105e+01,2.057852090464153960e+01
0.000000000000000000e+00,8.433333333333333792e-01,1.901672548146149211e+01,1.945209158628190949e+01,1.987361058976572892e+01,2.027218152029686848e+01,2.067037071581786378e+01
0.000000000000000000e+00,8.480000000000000870e-01,1.908166004640282054e+01,1.952912488346287745e+01,1.995801133041706521e+01,2.036496170568556252e+01,2.077106987816574701e+01
0.000000000000000000e+00,8.526666666666666838e-01,1.915136837888059063e+01,1.960274729819026618e+01,2.004064528261238465e+01,2.045658889364910493e+01,2.086542511345172812e+01
0.000000000000000000e+00,8.573333333333333917e-01,1.920592049225032838e+01,1.967807749268285633e+01,2.012443539366607226e+01,2.055002743444092417e+01,2.096633352539239326e+01
0.000000000000000000e+00,8.620000000000000995e-01,1.927019825730023328e+01,1.975124107151269826e+01,2.021153664821915186e+01,2.064143991044721815e+01,2.106458900407702473e+01
0.000000000000000000e+00,8.666666666666666963e-01,1.933849067985282844e+01,1.982565159190794901e+01,2.029541454627464958e+01,2.072820300475620670e+01,2.117165482096175211e+01
0.000000000000000000e+00,8.713333333333334041e-01,1.939899015098064439e+01,1.990009111223306704e+01,2.037512480687567162e+01,2.082002096274083058e+01,2.127936885940780343e+01
0.000000000000000000e+00,8.760000000000001119e-01,1.945531933220787124e+01,1.997318319070274839e+01,2.046039605838420172e+01,2.091913883190171930e+01,2.138853413904555012e+01
0.000000000000000000e+00,8.806666666666667087e-01,1.952004718532643324e+01,2.005518290005147009e+01,2.054769135834764171e+01,2.100738094187461158e+01,2.148004873412303439e+01
0.000000000000000000e+00,8.853333333333334165e-01,1.957511915235292577e+01,2.013171370698886875e+01,2.063042760484022864e+01,2.110765993404791274e+01,2.158286049877320067e+01
0.000000000000000000e+00,8.900000000000001243e-01,1.963189589543639357e+01,2.020638540568686992e+01,2.071141293067286071e+01,2.119879915065292408e+01,2.168141899220050206e+01
0.000000000000000000e+00,8.946666666666667211e-01,1.968449623878269605e+01,2.027606513286598044e+01,2.079283693315604609e+01,2.129325079285366940e+01,2.178574996786198881e+01
0.000000000000000000e+00,8.993333333333333179e-01,1.973441852283389508e+01,2.034562862519089776e+01,2.087101370138251255e+01,2.138871982054020648e+01,2.189110941397829890e+01
0.000000000000000000e+00,9.040000000000000258e-01,1.979547086365226249e+01,2.042019666303077585e+01,2.095559901790737811e+01,2.148591591474106366e+01,2.199382224066037139e+01
0.000000000000000000e+00,9.086666666666667336e-01,1.984990572516005614e+01,2.049351554510248974e+01,2.103891825968701212e+01,2.158044928553799835e+01,2.210879062654466765e+01
0.000000000000000000e+00,9.133333333333334414e-01,1.990713170815459065e+01,2.056060767056935035e+01,2.111935552868317245e+01,2.167685290906066697e+01,2.221411001229475346e+01
0.000000000000000000e+00,9.180000000000000382e-01,1.996313741514095952e+01,2.063093945381934802e+01,2.120300776475478344e+01,2.176991325748707595e+01,2.232878163694404705e+01
0.000000000000000000e+00,9.226666666666667460e-01,2.001838669848970298e+01,2.069745455619879948e+01,2.127964198919415750e+01,2.186494807367030901e+01,2.244348047393914669e+01
0.000000000000000000e+00,9.273333333333334538e-01,2.007328897917305355e+01,2.077204924362499128e+01,2.136187539475335839e+01,2.195886680831775095e+01,2.255457669187984138e+01
0.000000000000000000e+00,9.320000000000000506e-01,2.012793085203794519e+01,2.085020908168309361e+01,2.144334109934012744e+01,2.205017875240878311e+01,2.265652227015632647e+01
0.000000000000000000e+00,9.366666666666667584e-01,2.018862948875637997e+01,2.092196466028411095e+01,2.152315481326168012e+01,2.214855922811690192e+01,2.276044363137538085e+01
0.000000000000000000e+00,9.413333333333333552e-01,2.025013041670661806e+01,2.098215388808387516e+01,2.160545806062627250e+01,2.224156790605854184e+01,2.286490817932087793e+01
0.000000000000000000e+00,9.460000000000000631e-01,2.030331775330756727e+01,2.105317443678785594e+01,2.168854984496528360e+01,2.233350172908867748e+01,2.297611691221146657e+01
0.000000000000000000e+00,9.506666666666667709e-01,2.035273807325119577e+01,2.111784346602293283e+01,2.176358796613222069e+01,2.242698078869595335e+01,2.308786257480951321e+01
0.000000000000000000e+00,9.553333333333333677e-01,2.040526289596768805e+01,2.118477461061758405e+01,2.184543123821172728e+01,2.251817663471131326e+01,2.320088298479704036e+01
0.000000000000000000e+00,9.600000000000000755e-01,2.046722627473423728e+01,2.124482210440715590e+01,2.192964925532873011e+01,2.261092276396878731e+01,2.331390191969077108e+01
0.000000000000000000e+00,9.646666666666667833e-01,2.052225396961807746e+01,2.131380594019616481e+01,2.200766153861321328e+01,2.270558820329360117e+01,2.342585787619580273e+01
0.000000000000000000e+00,9.693333333333333801e-01,2.057052737980000146e+01,2.137639874729677203e+01,2.208746415729752499e+01,2.279791581264162303e+01,2.353884863115685633e+01
0.000000000000000000e+00,9.740000000000000879e-01,2.061921617853719013e+01,2.144114284163462258e+01,2.216229460319726385e+01,2.288815450555531683e+01,2.363945568386483131e+01
0.000000000000000000e+00,9.786666666666666847e-01,2.067459692095884094e+01,2.150028574680399629e+01,2.223991232169028720e+01,2.298035149644339370e+01,2.374320093605841464e+01
0.000000000000000000e+00,9.833333333333333925e-01,2.072967072374971664e+01,2.156477677442070373e+01,2.231739359942569223e+01,2.307292899895330152e+01,2.384966479570621445e+01
0.000000000000000000e+00,9.880000000000001004e-01,2.077933140390686262e+01,2.162728996478552190e+01,2.239969008482074386e+01,2.316537585317313486e+01,2.396182392704638886e+01
0.000000000000000000e+00,9.926666666666666972e-01,2.082564892880971286e+01,2.168988554165585469e+01,2.247803707885494617e+01,2.325606658182673314e+01,2.407521053688116197e+01
0.000000000000000000e+00,9.973333333333334050e-01,2.087153659681122164e+01,2.175519782682606618e+01,2.255647446480732299e+01,2.334630189299334546e+01,2.418334621405435669e+01
0.000000000000000000e+00,1.002000000000000224e+00,2.092601879637386375e+01,2.181033845314198771e+01,2.263339108720929360e+01,2.343772499612872195e+01,2.429054973573366993e+01
0.000000000000000000e+00,1.006666666666666821e+00,2.097380127690722773e+01,2.186816158355298967e+01,2.271246796095062592e+01,2.353528752296329429e+01,2.439458236059505580e+01
0.000000000000000000e+00,1.011333333333333417e+00,2.101169319150926640e+01,2.192878478107540374e+01,2.278547218349744696e+01,2.362480841461500702e+01,2.449855467296725919e+01
0.000000000000000000e+00,1.016000000000000014e+00,2.104999630394318189e+01,2.198825584692654189e+01,2.286349850733237687e+01,2.371234338586548418e+01,2.460509849004208860e+01
0.000000000000000000e+00,1.020666666666666611e+00,2.109565327959028025e+01,2.205287540195639551e+01,2.294041697251057244e+01,2.380118348589553889e+01,2.471720474489676533e+01
0.000000000000000000e+00,1.025333333333333430e+00,2.114098482983051497e+01,2.211983146637920328e+01,2.301938972665993077e+01,2.389935326508151547e+01,2.482117959226036419e+01
0.000000000000000000e+00,1.030000000000000027e+00,2.118599256526083252e+01,2.218661729010376860e+01,2.310078545974885600e+01,2.399118831515258421e+01,2.492552724749890203e+01
0.000000000000000000e+00,1.034666666666666845e+00,2.123435455235081548e+01,2.224892181912036548e+01,2.317743579334818804e+01,2.409018423269886711e+01,2.503908843306489018e+01
0.000000000000000000e+00,1.039333333333333442e+00,2.128233841207780230e+01,2.230549790463019733e+01,2.324835855228936055e+01,2.417697084448387912e+01,2.515660773063286371e+01
0.000000000000000000e+00,1.044000000000000039e+00,2.132373570560280029e+01,2.236666244799641845e+01,2.332472066356458740e+01,2.427760089349330030e+01,2.527116242712759941e+01
0.000000000000000000e+00,1.048666666666666636e+00,2.136647855212626723e+01,2.242672700169589106e+01,2.339692692335625068e+01,2.437015636214075087e+01,2.538496967866107923e+01
0.000000000000000000e+00,1.053333333333333455e+00,2.140832841716645163e+01,2.248698524032232626e+01,2.346921734099937140e+01,2.445691451287453688e+01,2.550183042024963243e+01
0.000000000000000000e+00,1.058000000000000052e+00,2.144558676357577554e+01,2.254400750324642999e+01,2.354242547886580539e+01,2.453688603126181178e+01,2.561495782340254834e+01
0.000000000000000000e+00,1.062666666666666870e+00,2.148251102730077378e+01,2.260332534138599314e+01,2.361904259264081674e+01,2.462925328818729298e+01,2.572832225539035278e+01
0.000000000000000000e+00,1.067333333333333467e+00,2.151910302891946003e+01,2.266655832663520442e+01,2.369452817261622712e+01,2.472292607863055380e+01,2.584293693077889742e+01
0.000000000000000000e+00,1.072000000000000064e+00,2.155536458020159785e+01,2.272248060470085562e+01,2.376405330170078756e+01,2.481666114454698047e+01,2.595055841296450083e+01
0.000000000000000000e+00,1.076666666666666661e+00,2.159128568446863028e+01,2.276836066327671304e+01,2.383646530203990110e+01,2.491326685499023696e+01,2.605872602132484417e+01
0.000000000000000000e+00,1.081333333333333258e+00,2.162687640868215055e+01,2.283029158494208133e+01,2.391429609397790657e+01,2.499903314592454606e+01,2.616498123459921388e+01
0.000000000000000000e+00,1.086000000000000076e+00,2.166214105453296312e+01,2.289359915450203076e+01,2.398623379190992821e+01,2.508935497336923959e+01,2.627030972659213148e+01
0.000000000000000000e+00,1.090666666666666895e+00,2.169708138150171450e+01,2.295170343115659861e+01,2.406345186270295500e+01,2.518219291111350699e+01,2.637676934481516611e+01
0.000000000000000000e+00,1.095333333333333492e+00,2.173169916678293134e+01,2.300469032270455827e+01,2.414102291920351462e+01,2.527149416821596972e+01,2.649114377706052181e+01
0.000000000000000000e+00,1.100000000000000089e+00,2.176599616575811780e+01,2.306020052858298897e+01,2.421600753400266726e+01,2.536230953633576846e+01,2.660751606348634724e+01
1.000000000000000000e+00,4.000000000000000222e-01,1.866801657701867612e+01,2.118364145403821297e+01,2.332214888295156996e+01,2.571010664309047300e+01,2.882296222847115175e+01
1.000000000000000000e+00,4.046666666666666745e-01,1.867997828437708918e+01,2.115874462793997424e+01,2.327776444613547113e+01,2.562508309903574144e+01,2.869106152797074571e+01
1.000000000000000000e+00,4.093333333333333823e-01,1.869654290455599721e+01,2.113460250186670208e+01,2.323027389944755683e+01,2.554829516247833610e+01,2.855441761761798602e+01
1.000000000000000000e+00,4.140000000000000346e-01,1.871306887846953160e+01,2.111094384058345241e+01,2.317836971463444229e+01,2.546716457117745236e+01,2.841397384263857973e+01
1.000000000000000000e+00,4.186666666666666869e-01,1.872776857282041973e+01,2.109199532304531388e+01,2.313723145906419632e+01,2.537981075224451288e+01,2.827415033919630361e+01
1.000000000000000000e+00,4.233333333333333393e-01,1.874156319796755099e+01,2.107542646648929008e+01,2.309436868845342516e+01,2.529996097410478839e+01,2.813572295940455348e+01
1.000000000000000000e+00,4.280000000000000471e-01,1.876213151344850516e+01,2.105882006442320176e+01,2.304340578443311571e+01,2.522866248322556260e+01,2.801584049538698906e+01
1.000000000000000000e+00,4.326666666666666994e-01,1.878309645434602260e+01,2.103851509859094193e+01,2.300963953527050165e+01,2.514879524104021513e+01,2.790541288693150435e+01
1.000000000000000000e+00,4.373333333333333517e-01,1.879849898333237945e+01,2.101394786013348792e+01,2.295209389527736832e+01,2.506890012857529726e+01,2.779017367466518706e+01
1.000000000000000000e+00,4.420000000000000040e-01,1.881122904105183125e+01,2.099639167408122375e+01,2.290845178098763313e+01,2.498919785158258478e+01,2.767949855751558630e+01
1.000000000000000000e+00,4.466666666666667118e-01,1.882146017474772748e+01,2.098021876678651765e+01,2.285836381965221875e+01,2.491248446853180454e+01,2.756368920062769590e+01
1.000000000000000000e+00,4.513333333333333641e-01,1.883548595797089931e+01,2.095754402460043408e+01,2.281436546044705338e+01,2.484155577008486304e+01,2.744830482563368435e+01
1.000000000000000000e+00,4.560000000000000164e-01,1.885904790486947746e+01,2.093204013745555159e+01,2.276731423422405243e+01,2.476447142605709573e+01,2.733334604928471379e+01
1.000000000000000000e+00,4.606666666666666687e-01,1.886994087607649817e+01,2.091163989860962857e+01,2.271896100482656067e+01,2.469395267389527859e+01,2.721881345464448998e+01
1.000000000000000000e+00,4.653333333333333766e-01,1.888234813345572860e+01,2.088820933741610020e+01,2.266817093066261180e+01,2.462019084821056580e+01,2.710470755663404674e+01
1.000000000000000000e+00,4.700000000000000289e-01,1.888618961191522772e+01,2.086295935620113440e+01,2.261678929650443948e+01,2.454642309761187491e+01,2.698868249988338519e+01
1.000000000000000000e+00,4.746666666666666812e-01,1.889535935890807039e+01,2.084164147689589441e+01,2.257324696984739631e+01,2.446469547279222212e+01,2.684160303882626408e+01
1.000000000000000000e+00,4.793333333333333890e-01,1.890102576276295565e+01,2.082358945186219401e+01,2.252254692285642079e+01,2.437950922973389467e+01,2.669552527777863560e+01
1.000000000000000000e+00,4.840000000000000413e-01,1.891046400113476267e+01,2.080835622772133320e+01,2.248042481045883889e+01,2.430415213958938381e+01,2.655020728546623587e+01
1.000000000000000000e+00,4.886666666666666936e-01,1.891987404160735053e+01,2.078738965777591474e+01,2.244100488603897858e+01,2.423457866071268896e+01,2.640615106486042762e+01
1.000000000000000000e+00,4.933333333333333459e-01,1.892945555252842738e+01,2.075777398794518902e+01,2.239313580475424104e+01,2.416213207281885289e+01,2.630590555127969665e+01
1.000000000000000000e+00,4.979999999999999982e-01,1.894095767385171314e+01,2.074028828492696164e+01,2.233832166518332230e+01,2.408657037824518810e+01,2.621017024732255152e+01
1.000000000000000000e+00,5.026666666666667060e-01,1.894927149382857579e+01,2.071854155484555093e+01,2.229205934794470778e+01,2.400652803226198628e+01,2.611474415587700548e+01
1.000000000000000000e+00,5.073333333333334139e-01,1.896000349275651686e+01,2.069375442851247726e+01,2.225156955752049370e+01,2.393790498450902504e+01,2.601962805949917623e+01
1.000000000000000000e+00,5.120000000000000107e-01,1.896525737989621518e+01,2.066962956271396479e+01,2.220155334801708236e+01,2.386529913066761921e+01,2.592482271556374229e+01
1.000000000000000000e+00,5.166666666666667185e-01,1.896792884109493471e+01,2.065328864441734424e+01,2.215118986281508384e+01,2.379258931234195984e+01,2.581302948287454768e+01
1.000000000000000000e+00,5.213333333333334263e-01,1.897212699723959162e+01,2.062947894958290007e+01,2.210651586025008797e+01,2.372207083832595131e+01,2.569303260688528567e+01
1.000000000000000000e+00,5.260000000000000231e-01,1.898044267665685325e+01,2.060920212063282619e+01,2.205567123485499081e+01,2.365003576785499462e+01,2.557356394035565827e+01
1.000000000000000000e+00,5.306666666666667309e-01,1.898915502666765320e+01,2.058400465069943408e+01,2.200743862286911678e+01,2.358129089488721419e+01,2.545462282846531821e+01
1.000000000000000000e+00,5.353333333333333277e-01,1.900804887333435289e+01,2.056024952154452023e+01,2.196472026008843059e+01,2.351090476452160516e+01,2.534078930490180070e+01
1.000000000000000000e+00,5.400000000000000355e-01,1.902694217189904435e+01,2.054069070141063591e+01,2.191605991945695919e+01,2.343462697871053635e+01,2.524161117923054221e+01
1.000000000000000000e+00,5.446666666666666323e-01,1.903492776120967633e+01,2.051340913630957630e+01,2.187204906930568526e+01,2.335851675715830567e+01,2.515048604767241969e+01
1.000000000000000000e+00,5.493333333333333401e-01,1.903697094093951492e+01,2.049034136641105519e+01,2.182421087332603804e+01,2.328462036611357178e+01,2.505966767696492781e+01
1.000000000000000000e+00,5.540000000000000480e-01,1.905659789297866169e+01,2.046425453410248352e+01,2.177804156279536940e+01,2.320986333330124296e+01,2.494730011838653638e+01
1.000000000000000000e+00,5.586666666666666448e-01,1.906982146789297161e+01,2.044060329030707024e+01,2.173499553250141858e+01,2.315122569956611898e+01,2.482837841148748836e+01
1.000000000000000000e+00,5.633333333333333526e-01,1.907546958893214395e+01,2.041620584426625840e+01,2.169909348651971115e+01,2.308775825947040516e+01,2.472040546811210504e+01
1.000000000000000000e+00,5.680000000000000604e-01,1.907283088269698723e+01,2.039177161712801123e+01,2.165969151190967068e+01,2.301854719585359632e+01,2.461345713457640727e+01
1.000000000000000000e+00,5.726666666666666572e-01,1.906975624830297633e+01,2.036644825215071108e+01,2.160892355584871183e+01,2.295118835341232355e+01,2.450778524467411756e+01
1.000000000000000000e+00,5.773333333333333650e-01,1.906667041811221353e+01,2.033965738028746273e+01,2.156530688119163486e+01,2.287930056893439357e+01,2.441399767669513921e+01
1.000000000000000000e+00,5.820000000000000728e-01,1.906949543148611070e+01,2.032484176318456903e+01,2.151392442959003048e+01,2.280900057265075986e+01,2.432056067297547486e+01
1.000000000000000000e+00,5.866666666666666696e-01,1.907548541153860100e+01,2.030130967639615847e+01,2.146942870840748796e+01,2.273334126099678798e+01,2.421663174523645168e+01
1.000000000000000000e+00,5.913333333333333774e-01,1.908146852345829814e+01,2.027884396552967416e+01,2.142442932374185816e+01,2.266324430450376326e+01,2.411659478647287003e+01
1.000000000000000000e+00,5.960000000000000853e-01,1.908726825020403695e+01,2.024377369214501954e+01,2.138819846382573431e+01,2.260190698118286079e+01,2.402229948997657516e+01
1.000000000000000000e+00,6.006666666666666821e-01,1.909541809611610930e+01,2.022997293868976598e+01,2.134794270506289138e+01,2.253837187468474568e+01,2.393631069428003144e+01
1.000000000000000000e+00,6.053333333333333899e-01,1.910370851358938893e+01,2.020106791760074572e+01,2.130585494213327635e+01,2.246226546406827040e+01,2.385579290976619049e+01
1.000000000000000000e+00,6.100000000000000977e-01,1.909954090649799241e+01,2.018186984798365202e+01,2.126540319841000937e+01,2.239229961081296238e+01,2.377314999264422823e+01
1.000000000000000000e+00,6.146666666666666945e-01,1.911290663246541044e+01,2.015396368216750034e+01,2.122282355223457984e+01,2.233067313453393865e+01,2.367345346141303963e+01
1.000000000000000000e+00,6.193333333333334023e-01,1.910273627716895817e+01,2.013046903054930681e+01,2.117943474606675736e+01,2.226702302628255481e+01,2.358612855093795346e+01
1.000000000000000000e+00,6.240000000000001101e-01,1.910582148339091901e+01,2.010990812445772136e+01,2.113524780041747064e+01,2.219986510950051439e+01,2.348982362195202711e+01
1.000000000000000000e+00,6.286666666666667069e-01,1.910649139739238223e+01,2.008582889968496943e+01,2.109182584067469435e+01,2.213292652682705253e+01,2.338152801033029604e+01
1.000000000000000000e+00,6.333333333333334147e-01,1.910368858432149608e+01,2.006808925737910343e+01,2.104500468605442265e+01,2.207350443724013900e+01,2.328058580733848260e+01
1.000000000000000000e+00,6.380000000000000115e-01,1.909857128296114226e+01,2.004658293647311496e+01,2.100201298352072143e+01,2.200664037259107531e+01,2.318008498261058747e+01
1.000000000000000000e+00,6.426666666666667194e-01,1.910408206077334370e+01,2.002414087453469094e+01,2.096072282275741472e+01,2.193932640106300624e+01,2.309198853079792357e+01
1.000000000000000000e+00,6.473333333333333162e-01,1.910758361204612754e+01,2.000123610917043493e+01,2.092142678815743295e+01,2.188016796619256965e+01,2.300544410437731102e+01
1.000000000000000000e+00,6.520000000000000240e-01,1.910302143294450516e+01,1.998071013023461973e+01,2.087160589626584439e+01,2.181607977935022191e+01,2.292449907894897621e+01
1.000000000000000000e+00,6.566666666666667318e-01,1.909177139150650504e+01,1.995562479821583679e+01,2.083236985089478566e+01,2.174883559202524452e+01,2.282402680001142770e+01
1.000000000000000000e+00,6.613333333333333286e-01,1.907538893465440566e+01,1.992889107370675461e+01,2.079568809945898522e+01,2.168463015137494665e+01,2.273236996304929391e+01
1.000000000000000000e+00,6.660000000000000364e-01,1.906354204982761047e+01,1.989990150216063824e+01,2.074909691278597990e+01,2.161859268218244168e+01,2.265354270308792195e+01
1.000000000000000000e+00,6.706666666666667442e-01,1.904035290452307549e+01,1.987690092197042446e+01,2.071041070464956135e+01,2.156284316468073570e+01,2.256606153600619891e+01
1.000000000000000000e+00,6.753333333333333410e-01,1.902536879252985358e+01,1.984845677289536425e+01,2.066862095855015369e+01,2.151414103126107236e+01,2.248594594816020731e+01
1.000000000000000000e+00,6.800000000000000488e-01,1.899271949797696024e+01,1.981718684337899106e+01,2.062205610016611246e+01,2.145144896568174886e+01,2.239341604596769741e+01
1.000000000000000000e+00,6.846666666666667567e-01,1.898293573013398827e+01,1.979729459787364831e+01,2.058177381741232637e+01,2.139354181782880815e+01,2.231515121740105911e+01
1.000000000000000000e+00,6.893333333333333535e-01,1.895659643138525752e+01,1.977361294650843604e+01,2.053612348605803106e+01,2.133507403581824136e+01,2.223893135464373216e+01
1.000000000000000000e+00,6.940000000000000613e-01,1.894138778259370781e+01,1.974528034085203387e+01,2.049100282602720569e+01,2.127770858854158220e+01,2.217622944529071916e+01
1.000000000000000000e+00,6.986666666666667691e-01,1.893608580366890948e+01,1.971268532622868719e+01,2.044197104811451382e+01,2.121672950462642149e+01,2.209837307347480007e+01
1.000000000000000000e+00,7.033333333333333659e-01,1.893251188971543542e+01,1.968680212245727645e+01,2.040731224682960843e+01,2.116482095229307703e+01,2.202858445935671483e+01
1.000000000000000000e+00,7.080000000000000737e-01,1.891639389370812552e+01,1.965983458359293579e+01,2.036331472537370146e+01,2.111693725564879642e+01,2.195697533836971616e+01
1.000000000000000000e+00,7.126666666666667815e-01,1.889661694264081149e+01,1.962764777357019952e+01,2.032547472530495725e+01,2.106159645363017674e+01,2.188993658460370995e+01
1.000000000000000000e+00,7.173333333333333783e-01,1.888739791611724073e+01,1.959665651655695484e+01,2.028207685775716129e+01,2.100498361086030386e+01,2.181976046047279638e+01
1.000000000000000000e+00,7.219999999999999751e-01,1.886925103571135764e+01,1.956147471437007468e+01,2.024040506275868623e+01,2.095153770481118016e+01,2.175260007841795584e+01
1.000000000000000000e+00,7.266666666666667940e-01,1.884545519140128889e+01,1.953079040107869702e+01,2.019744908818780615e+01,2.089541093391002136e+01,2.169753990927722498e+01
1.000000000000000000e+00,7.313333333333333908e-01,1.883815719786488785e+01,1.949360159440859164e+01,2.016365829831721257e+01,2.084062222072104476e+01,2.165935128392500175e+01
1.000000000000000000e+00,7.359999999999999876e-01,1.882542060946436280e+01,1.946445028733857541e+01,2.012047108582846278e+01,2.078695976557216341e+01,2.160185098075285737e+01
1.000000000000000000e+00,7.406666666666666954e-01,1.881259881409173218e+01,1.943339494353436692e+01,2.006614846267465069e+01,2.073920038740712357e+01,2.152762059175845977e+01
1.000000000000000000e+00,7.453333333333334032e-01,1.879649634232441713e+01,1.939747976613862335e+01,2.003002192880417454e+01,2.069424984107835286e+01,2.147052143348076214e+01
1.000000000000000000e+00,7.500000000000000000e-01,1.878042640053747547e+01,1.936230711339520383e+01,1.998961975031440375e+01,2.064191023066001662e+01,2.142737438679284168e+01
1.000000000000000000e+00,7.546666666666667078e-01,1.875551222930458550e+01,1.933037595468096015e+01,1.994394568588759498e+01,2.059842532263112602e+01,2.136716408357172270e+01
1.000000000000000000e+00,7.593333333333334156e-01,1.874574315612400000e+01,1.929357926840367909e+01,1.990332347002469859e+01,2.054867180275183713e+01,2.131067626907729462e+01
1.000000000000000000e+00,7.640000000000000124e-01,1.872189184040459509e+01,1.926115648258928559e+01,1.986503638026199070e+01,2.050756789494068499e+01,2.125705982630599777e+01
1.000000000000000000e+00,7.686666666666667203e-01,1.870231395683783759e+01,1.922427506181306711e+01,1.981884839815517552e+01,2.046197411370195596e+01,2.120577892061549363e+01
1.000000000000000000e+00,7.733333333333334281e-01,1.865848357320174244e+01,1.918771453388914949e+01,1.977854346008394515e+01,2.041758615595914961e+01,2.114313181960491050e+01
1.000000000000000000e+00,7.780000000000000249e-01,1.861554944229072106e+01,1.914638961986221588e+01,1.973354066336319690e+01,2.037339623734740712e+01,2.111186433721501743e+01
1.000000000000000000e+00,7.826666666666667327e-01,1.857432608303240329e+01,1.910890102680490799e+01,1.969460933237184719e+01,2.033629334149254220e+01,2.107471221540975037e+01
1.000000000000000000e+00,7.873333333333334405e-01,1.854615384928476729e+01,1.906655397306191091e+01,1.965632625850025761e+01,2.029335810156924325e+01,2.103055812976107219e+01
1.000000000000000000e+00,7.920000000000000373e-01,1.851061031816572466e+01,1.902609693203465113e+01,1.961454898638840660e+01,2.025013444206265945e+01,2.101512744320483606e+01
1.000000000000000000e+00,7.966666666666667451e-01,1.846604280013695032e+01,1.898385950105912556e+01,1.957520452932643806e+01,2.021117827062556671e+01,2.097874396264769459e+01
1.000000000000000000e+00,8.013333333333334529e-01,1.841357998346965985e+01,1.894417911282918254e+01,1.953705339482166536e+01,2.016831593996588978e+01,2.092718811523881683e+01
1.000000000000000000e+00,8.060000000000000497e-01,1.840202838510796823e+01,1.890881612499782349e+01,1.949657589545619629e+01,2.013864136750109068e+01,2.090130444771273233e+01
1.000000000000000000e+00,8.106666666666666465e-01,1.834739180185157181e+01,1.887447477114822192e+01,1.946123487002521557e+01,2.010585044165745572e+01,2.086953934536772692e+01
1.000000000000000000e+00,8.153333333333334654e-01,1.829627547326672854e+01,1.884288181382503780e+01,1.942140944205712216e+01,2.006978628854798785e+01,2.083526352921436953e+01
1.000000000000000000e+00,8.200000000000000622e-01,1.824790382548728473e+01,1.880532900306407029e+01,1.938972751645742676e+01,2.002964462434013271e+01,2.080525144477769217e+01
1.000000000000000000e+00,8.246666666666666590e-01,1.818407631776974398e+01,1.876637516138564266e+01,1.935751664647687420e+01,1.998830425003895783e+01,2.076774339395627322e+01
1.000000000000000000e+00,8.293333333333333668e-01,1.812119156422023281e+01,1.873312976292177723e+01,1.930637591675105824e+01,1.995007011831538080e+01,2.074634120535706572e+01
1.000000000000000000e+00,8.340000000000000746e-01,1.807294675788445915e+01,1.869221394498832822e+01,1.926542355386402150e+01,1.990515629452754354e+01,2.071974479105620759e+01
1.000000000000000000e+00,8.386666666666666714e-01,1.802656995082955405e+01,1.864366742469341531e+01,1.922721800624302801e+01,1.986671490000941276e+01,2.070001200999350033e+01
1.000000000000000000e+00,8.433333333333333792e-01,1.798300979242321418e+01,1.860033502595253552e+01,1.918730604178468369e+01,1.983324675547492788e+01,2.066212483558441448e+01
1.000000000000000000e+00,8.480000000000000870e-01,1.793400529858699244e+01,1.855705365420202568e+01,1.915607765758734971e+01,1.980605986779034566e+01,2.063875032155550571e+01
1.000000000000000000e+00,8.526666666666666838e-01,1.789907059774218112e+01,1.850973489425638618e+01,1.912028737091890918e+01,1.976986564245090960e+01,2.063056296973503834e+01
1.000000000000000000e+00,8.573333333333333917e-01,1.785004819391393838e+01,1.846759133315433488e+01,1.907503688973368838e+01,1.974221093570950458e+01,2.061711385195377133e+01
1.000000000000000000e+00,8.620000000000000995e-01,1.779916170439470946e+01,1.842482572820678755e+01,1.904128472123619886e+01,1.971917595540266177e+01,2.058744526103938810e+01
1.000000000000000000e+00,8.666666666666666963e-01,1.774429183889839834e+01,1.837343447439469202e+01,1.900225553466778905e+01,1.969867410775916738e+01,2.057364906768578550e+01
1.000000000000000000e+00,8.713333333333334041e-01,1.769490961047524280e+01,1.833035785917891758e+01,1.895679664370853246e+01,1.966852012643944292e+01,2.054870013644417170e+01
1.000000000000000000e+00,8.760000000000001119e-01,1.763941553656031402e+01,1.827604527440077220e+01,1.891781308694017483e+01,1.965013186670062240e+01,2.055674315591655699e+01
1.000000000000000000e+00,8.806666666666667087e-01,1.758661224490656849e+01,1.822679620979186410e+01,1.888003673819878969e+01,1.962707460877495791e+01,2.055149037525202971e+01
1.000000000000000000e+00,8.853333333333334165e-01,1.751794152777627289e+01,1.817751069939823694e+01,1.883949119955271101e+01,1.958733804440011994e+01,2.054648110653313609e+01
1.000000000000000000e+00,8.900000000000001243e-01,1.745640734945730088e+01,1.812547102881594441e+01,1.880496883606343062e+01,1.955802654418708286e+01,2.056846583175752130e+01
1.000000000000000000e+00,8.946666666666667211e-01,1.740013308187419483e+01,1.807622170870164169e+01,1.876511044264746175e+01,1.953440835115513252e+01,2.058151669194950273e+01
1.000000000000000000e+00,8.993333333333333179e-01,1.734436499751756600e+01,1.802438331749043599e+01,1.872798667183374377e+01,1.949638100368700577e+01,2.057160648116630952e+01
1.000000000000000000e+00,9.040000000000000258e-01,1.728416810505832046e+01,1.797390015647718542e+01,1.868716829970764337e+01,1.948411162665346197e+01,2.056808322920543119e+01
1.000000000000000000e+00,9.086666666666667336e-01,1.722645226421590792e+01,1.792620166244778090e+01,1.864497329429237027e+01,1.945234462568495815e+01,2.054752742555248446e+01
1.000000000000000000e+00,9.133333333333334414e-01,1.716486394703981588e+01,1.788109728191741610e+01,1.860831945949500010e+01,1.941490023164917034e+01,2.052703230990747585e+01
1.000000000000000000e+00,9.180000000000000382e-01,1.710086924041118550e+01,1.784157981956130001e+01,1.857154550966197704e+01,1.938815119038732604e+01,2.050659817139591112e+01
1.000000000000000000e+00,9.226666666666667460e-01,1.703961866753842358e+01,1.779322843234305651e+01,1.853178308539295926e+01,1.935545683859947985e+01,2.048622530602641234e+01
1.000000000000000000e+00,9.273333333333334538e-01,1.698000791451357827e+01,1.774069647324562027e+01,1.849062717521408317e+01,1.932951792166810279e+01,2.046723632501274182e+01
1.000000000000000000e+00,9.320000000000000506e-01,1.691598958791349361e+01,1.769299462435703418e+01,1.845542658648971468e+01,1.930684597866418173e+01,2.047390577560944891e+01
1.000000000000000000e+00,9.366666666666667584e-01,1.684744713082373835e+01,1.764276042367844610e+01,1.841828412089666500e+01,1.929804566482847150e+01,2.049072693407839552e+01
1.000000000000000000e+00,9.413333333333333552e-01,1.678508557362507858e+01,1.759678384327530409e+01,1.838235937430889777e+01,1.927540314450120817e+01,2.048693872385167580e+01
1.000000000000000000e+00,9.460000000000000631e-01,1.670765085542366180e+01,1.754764586892624223e+01,1.834258798279146774e+01,1.925276988732120387e+01,2.046644887527488521e+01
1.000000000000000000e+00,9.506666666666667709e-01,1.666514469551160005e+01,1.749242676281998854e+01,1.830897025495630004e+01,1.923572464934527559e+01,2.045205267673870964e+01
1.000000000000000000e+00,9.553333333333333677e-01,1.662933917897294478e+01,1.744059735733713268e+01,1.826924238884062390e+01,1.921014960203448396e+01,2.047038947849506485e+01
1.000000000000000000e+00,9.600000000000000755e-01,1.658741588652907950e+01,1.738474146899812567e+01,1.823238998095325769e+01,1.919528250475179831e+01,2.047264890679590366e+01
1.000000000000000000e+00,9.646666666666667833e-01,1.653962283263298971e+01,1.733004166777670108e+01,1.819756200291542569e+01,1.917555320008978725e+01,2.047286172368922053e+01
1.000000000000000000e+00,9.693333333333333801e-01,1.648890700312097835e+01,1.728216152827780050e+01,1.815893917545965408e+01,1.915054904731847785e+01,2.048369675685150426e+01
1.000000000000000000e+00,9.740000000000000879e-01,1.643435163873779459e+01,1.723397307171028459e+01,1.812303723117833698e+01,1.913250189837403425e+01,2.050674749258890017e+01
1.000000000000000000e+00,9.786666666666666847e-01,1.637712715133389452e+01,1.717718709121016119e+01,1.808823892306709880e+01,1.911329186423887805e+01,2.052986976592923796e+01
1.000000000000000000e+00,9.833333333333333925e-01,1.631630923285977985e+01,1.712815838619263076e+01,1.805372109437409023e+01,1.909344057233166936e+01,2.055306410378458537e+01
1.000000000000000000e+00,9.880000000000001004e-01,1.625327559661981880e+01,1.708519515828686863e+01,1.802008871389564604e+01,1.907280920876275232e+01,2.057633102955169591e+01
1.000000000000000000e+00,9.926666666666666972e-01,1.618788807226806625e+01,1.704237838204995015e+01,1.798588679943995317e+01,1.904306858519474943e+01,2.059967106315632535e+01
1.000000000000000000e+00,9.973333333333334050e-01,1.612280102862380105e+01,1.699498187291703388e+01,1.794774220532458742e+01,1.902429167710752367e+01,2.060681261006525133e+01
1.000000000000000000e+00,1.002000000000000224e+00,1.605801320653728936e+01,1.694829668265770550e+01,1.791165063071138164e+01,1.901444814382203319e+01,2.062330656686525288e+01
1.000000000000000000e+00,1.006666666666666821e+00,1.599510216030956222e+01,1.690153818875478109e+01,1.787364798127324761e+01,1.899405898666397263e+01,2.063986604691271509e+01
1.000000000000000000e+00,1.011333333333333417e+00,1.592272822622576456e+01,1.685639832629625445e+01,1.783717237224337993e+01,1.897761884627754014e+01,2.065980337349879647e+01
1.000000000000000000e+00,1.016000000000000014e+00,1.585609222378818650e+01,1.681040560371128123e+01,1.780131634882010161e+01,1.895708045257784846e+01,2.066420719983320708e+01
1.000000000000000000e+00,1.020666666666666611e+00,1.578363652668964612e+01,1.675320801060630060e+01,1.775890126206664021e+01,1.893793629211311824e+01,2.066809850499673118e+01
1.000000000000000000e+00,1.025333333333333430e+00,1.571823148879586363e+01,1.669955079831392197e+01,1.772546525292686681e+01,1.892250118752557242e+01,2.067204258756854074e+01
1.000000000000000000e+00,1.030000000000000027e+00,1.565068883620608275e+01,1.664640656184421630e+01,1.769278372482425254e+01,1.890553829797127605e+01,2.068447647563561986e+01
1.000000000000000000e+00,1.034666666666666845e+00,1.559386362171211182e+01,1.659060414853433230e+01,1.766003213751874057e+01,1.889416436754184758e+01,2.069757391874422936e+01
1.000000000000000000e+00,1.039333333333333442e+00,1.553662232349986816e+01,1.654034160940802778e+01,1.762676674897045359e+01,1.888077385130689123e+01,2.071073265344245584e+01
1.000000000000000000e+00,1.044000000000000039e+00,1.548181283395925334e+01,1.649486694446716228e+01,1.759692249120502083e+01,1.886000049601217299e+01,2.072395306051000574e+01
1.000000000000000000e+00,1.048666666666666636e+00,1.542699239046961424e+01,1.644579728267780183e+01,1.755939943615692300e+01,1.884771395412712991e+01,2.073723553202785652e+01
1.000000000000000000e+00,1.053333333333333455e+00,1.536949000558076328e+01,1.639724023100801276e+01,1.752122503938026199e+01,1.883815633603222039e+01,2.075058042621211030e+01
1.000000000000000000e+00,1.058000000000000052e+00,1.531104505343741451e+01,1.635795875692238255e+01,1.748532708974915195e+01,1.881739407030957167e+01,2.076398811266282962e+01
1.000000000000000000e+00,1.062666666666666870e+00,1.525147400070208903e+01,1.630116185445659127e+01,1.745176530230598289e+01,1.879874405900050149e+01,2.077956107219323201e+01
1.000000000000000000e+00,1.067333333333333467e+00,1.519660799035205123e+01,1.624878402266363864e+01,1.741441416120356322e+01,1.878122286959063914e+01,2.079600116537198318e+01
1.000000000000000000e+00,1.072000000000000064e+00,1.514210202824907725e+01,1.620579209871746684e+01,1.738160717529251542e+01,1.876329859414124002e+01,2.079753825373102671e+01
1.000000000000000000e+00,1.076666666666666661e+00,1.508747035322572572e+01,1.616009512999571385e+01,1.735075739437748865e+01,1.874568996830099721e+01,2.079860541672540464e+01
1.000000000000000000e+00,1.081333333333333258e+00,1.503000295759139249e+01,1.611563448095878925e+01,1.731517080306387513e+01,1.874539340138997900e+01,2.079972698946377818e+01
1.000000000000000000e+00,1.086000000000000076e+00,1.497279261232099223e+01,1.607526654714942183e+01,1.727857752089675003e+01,1.871882180273669505e+01,2.080090321482725102e+01
1.000000000000000000e+00,1.090666666666666895e+00,1.491335594768200323e+01,1.602747803830243001e+01,1.724102389413965497e+01,1.871097396909254940e+01,2.080213434673992623e+01
1.000000000000000000e+00,1.095333333333333492e+00,1.485373527702084751e+01,1.598423424813674032e+01,1.720653067467645059e+01,1.870863814384251000e+01,2.080342060492407796e+01
1.000000000000000000e+00,1.100000000000000089e+00,1.479135380350702889e+01,1.594477384694774535e+01,1.717668768210651464e+01,1.870161408408477044e+01,2.080476222026742050e+01
2.000000000000000000e+00,4.000000000000000222e-01,2.251286972561716482e+01,2.316245203974184008e+01,2.368508166928526038e+01,2.417119574626612533e+01,2.462107180384324678e+01
2.000000000000000000e+00,4.046666666666666745e-01,2.239945557958892408e+01,2.308171368181892902e+01,2.362486927233469558e+01,2.411435352592686954e+01,2.458867529217951642e+01
2.000000000000000000e+00,4.093333333333333823e-01,2.229950260434309683e+01,2.300042648433031545e+01,2.356762759785361183e+01,2.406540398677726600e+01,2.452990490081870334e+01
2.000000000000000000e+00,4.140000000000000346e-01,2.219714470298075781e+01,2.292380333750296728e+01,2.350284473848890698e+01,2.402316656682593177e+01,2.449017493600574724e+01
2.000000000000000000e+00,4.186666666666666869e-01,2.209031956032761457e+01,2.284707748536174776e+01,2.343053128960487541e+01,2.397671245021957631e+01,2.446651360666164976e+01
2.000000000000000000e+00,4.233333333333333393e-01,2.196492156971073229e+01,2.276274096961106252e+01,2.336817406827777077e+01,2.392973883880171471e+01,2.444143349994228842e+01
2.000000000000000000e+00,4.280000000000000471e-01,2.184097984885515942e+01,2.267061627659733603e+01,2.330683298749133670e+01,2.389228674126340124e+01,2.441207488947552307e+01
2.000000000000000000e+00,4.326666666666666994e-01,2.173450511026643994e+01,2.258754004258376114e+01,2.324693202202905340e+01,2.385117318124981978e+01,2.439074923126726091e+01
2.000000000000000000e+00,4.373333333333333517e-01,2.161649869777387423e+01,2.249860984736206859e+01,2.317873504333227075e+01,2.381101587388445040e+01,2.436462045312100244e+01
2.000000000000000000e+00,4.420000000000000040e-01,2.150382473738376277e+01,2.241252040416128111e+01,2.311772094560471302e+01,2.376842547064509503e+01,2.435187422963121051e+01
2.000000000000000000e+00,4.466666666666667118e-01,2.138438288578179680e+01,2.231905424370063074e+01,2.305806631474857582e+01,2.373581722091105917e+01,2.433943453392409495e+01
2.000000000000000000e+00,4.513333333333333641e-01,2.126063391818437509e+01,2.222489995646591154e+01,2.299417050808519392e+01,2.370065156705837239e+01,2.432678401840909643e+01
2.000000000000000000e+00,4.560000000000000164e-01,2.112610722111582362e+01,2.212694997694907073e+01,2.293718032457763201e+01,2.365612502016414354e+01,2.430524890780653280e+01
2.000000000000000000e+00,4.606666666666666687e-01,2.099423089109578200e+01,2.204151149693095491e+01,2.287443309301932359e+01,2.362007680078598426e+01,2.428920472013574638e+01
2.000000000000000000e+00,4.653333333333333766e-01,2.085821932256329703e+01,2.195055173536019666e+01,2.281534401003217738e+01,2.358029593504859278e+01,2.429566881137741063e+01
2.000000000000000000e+00,4.700000000000000289e-01,2.072233522999840361e+01,2.186523143811178116e+01,2.275465597430423514e+01,2.354463337470696871e+01,2.429076065834229325e+01
2.000000000000000000e+00,4.746666666666666812e-01,2.058704809784209289e+01,2.177595865065801206e+01,2.269001313898711913e+01,2.349094347953687745e+01,2.426975871569170806e+01
2.000000000000000000e+00,4.793333333333333890e-01,2.045235740752661258e+01,2.167823684029278297e+01,2.262990842320208529e+01,2.345878865054215368e+01,2.425696667813756591e+01
2.000000000000000000e+00,4.840000000000000413e-01,2.032788291325632457e+01,2.158778855999177537e+01,2.256604049058197603e+01,2.342018719600406840e+01,2.425175817706206871e+01
2.000000000000000000e+00,4.886666666666666936e-01,2.020978009783974016e+01,2.149257363267916432e+01,2.250557610301884282e+01,2.338593619820821345e+01,2.423764702213653166e+01
2.000000000000000000e+00,4.933333333333333459e-01,2.009009082929517831e+01,2.139665018235591631e+01,2.243510409393267580e+01,2.335282767788000058e+01,2.420921937141706337e+01
2.000000000000000000e+00,4.979999999999999982e-01,1.996551815428939847e+01,2.130817565734507824e+01,2.237392544396112015e+01,2.331303709493258935e+01,2.420149346202895657e+01
2.000000000000000000e+00,5.026666666666667060e-01,1.983875710049683505e+01,2.122556379365183332e+01,2.231184835508173947e+01,2.327392068041378081e+01,2.418147838734584099e+01
2.000000000000000000e+00,5.073333333333334139e-01,1.971254941382062853e+01,2.113712597313065800e+01,2.225840978366929335e+01,2.323659752874321427e+01,2.415740062821737411e+01
2.000000000000000000e+00,5.120000000000000107e-01,1.958689451400579173e+01,2.104438092640713975e+01,2.219231717579676300e+01,2.320407579853918634e+01,2.415262533557434921e+01
2.000000000000000000e+00,5.166666666666667185e-01,1.945955989806995490e+01,2.095465606776816969e+01,2.213650618421376137e+01,2.317266359686717792e+01,2.414247134575352050e+01
2.000000000000000000e+00,5.213333333333334263e-01,1.933122203784026283e+01,2.087020366321128506e+01,2.207896961355798737e+01,2.313354614158353328e+01,2.415577215326226224e+01
2.000000000000000000e+00,5.260000000000000231e-01,1.922081334952157405e+01,2.078377228094808871e+01,2.201955043408375445e+01,2.309886438110625662e+01,2.416250748176110008e+01
2.000000000000000000e+00,5.306666666666667309e-01,1.911423413210409450e+01,2.069842160449947954e+01,2.195977033706778769e+01,2.306950991379936511e+01,2.416863458453887858e+01
2.000000000000000000e+00,5.353333333333333277e-01,1.900807987424841627e+01,2.060628323788382588e+01,2.190302347530903404e+01,2.303681548987502836e+01,2.416001237277730951e+01
2.000000000000000000e+00,5.400000000000000355e-01,1.889701456735549101e+01,2.051837273166985653e+01,2.184138012380676841e+01,2.300276938289840700e+01,2.414285709284179404e+01
2.000000000000000000e+00,5.446666666666666323e-01,1.879682515138332732e+01,2.042757703682716652e+01,2.177921409871425595e+01,2.296709768341600011e+01,2.413250493383681672e+01
2.000000000000000000e+00,5.493333333333333401e-01,1.868657816901136215e+01,2.033892844944485034e+01,2.172320402914813187e+01,2.293393552303278327e+01,2.413513585985954890e+01
2.000000000000000000e+00,5.540000000000000480e-01,1.856888112739286356e+01,2.024617863028280595e+01,2.166440891158514503e+01,2.290334126086118971e+01,2.413448064669734094e+01
2.000000000000000000e+00,5.586666666666666448e-01,1.844771357733346306e+01,2.016414590467896062e+01,2.160406360727884945e+01,2.286350094249821296e+01,2.414701234738128832e+01
2.000000000000000000e+00,5.633333333333333526e-01,1.832360931406746118e+01,2.008006064752902020e+01,2.154978213756479377e+01,2.283236212892206041e+01,2.414359402792430487e+01
2.000000000000000000e+00,5.680000000000000604e-01,1.820604821191704303e+01,1.999316420027393804e+01,2.149189626506382211e+01,2.280569480949508332e+01,2.415289425961161029e+01
2.000000000000000000e+00,5.726666666666666572e-01,1.809441502192316520e+01,1.990891327841060132e+01,2.143415698779710610e+01,2.277072064931189743e+01,2.416540801144376260e+01
2.000000000000000000e+00,5.773333333333333650e-01,1.797329008161642960e+01,1.982082413508802077e+01,2.137933984114031105e+01,2.273057512160841043e+01,2.416921370704955763e+01
2.000000000000000000e+00,5.820000000000000728e-01,1.785272927472054150e+01,1.973017948970207058e+01,2.132582257603222331e+01,2.270073617008670297e+01,2.416640006666893825e+01
2.000000000000000000e+00,5.866666666666666696e-01,1.772939177946689426e+01,1.964570854116800902e+01,2.126274595822501823e+01,2.266475757237527944e+01,2.416666687760993781e+01
2.000000000000000000e+00,5.913333333333333774e-01,1.760554477530490658e+01,1.956245520963858553e+01,2.120099624273976957e+01,2.263362395053366782e+01,2.416709549503819332e+01
2.000000000000000000e+00,5.960000000000000853e-01,1.749938649475673458e+01,1.948023028517236455e+01,2.114768731001715452e+01,2.260481169452029349e+01,2.417482367882161043e+01
2.000000000000000000e+00,6.006666666666666821e-01,1.738127846637172524e+01,1.939545960931949509e+01,2.109084393251162126e+01,2.258667843498537309e+01,2.416833983407116904e+01
2.000000000000000000e+00,6.053333333333333899e-01,1.727600768461393699e+01,1.931558303325186898e+01,2.103415237129661719e+01,2.255942447561855957e+01,2.416506520855152473e+01
2.000000000000000000e+00,6.100000000000000977e-01,1.716618260387941319e+01,1.923597605930833865e+01,2.097761328062291852e+01,2.252779134015019125e+01,2.416550393640797267e+01
2.000000000000000000e+00,6.146666666666666945e-01,1.704892658191997157e+01,1.915954417386344488e+01,2.092511421539938254e+01,2.250109804434469396e+01,2.416598822904929733e+01
2.000000000000000000e+00,6.193333333333334023e-01,1.693222835049628827e+01,1.908337329481223321e+01,2.086490487781201608e+01,2.246107199138208799e+01,2.416651907046461645e+01
2.000000000000000000e+00,6.240000000000001101e-01,1.681608653286788879e+01,1.899348047189646493e+01,2.080891704584430357e+01,2.243247633092929405e+01,2.416709742899590907e+01
2.000000000000000000e+00,6.286666666666667069e-01,1.670023485897105076e+01,1.890565753465739718e+01,2.075468967912308216e+01,2.239770401258953214e+01,2.416772426394672024e+01
2.000000000000000000e+00,6.333333333333334147e-01,1.658043369028228398e+01,1.881882380028609703e+01,2.070106270518584068e+01,2.236206194389633239e+01,2.417244006578673066e+01
2.000000000000000000e+00,6.380000000000000115e-01,1.646122152931104665e+01,1.873619298087351126e+01,2.064530502800487000e+01,2.232302982656649348e+01,2.417564837254882804e+01
2.000000000000000000e+00,6.426666666666667194e-01,1.634259672493140414e+01,1.865569603296506784e+01,2.058615927614241414e+01,2.228910403613231495e+01,2.417860501572613785e+01
2.000000000000000000e+00,6.473333333333333162e-01,1.622524862789896360e+01,1.857260933040733519e+01,2.052748108143406469e+01,2.225462845417166946e+01,2.418161343914292161e+01
2.000000000000000000e+00,6.520000000000000240e-01,1.611192235391120064e+01,1.847878637007062252e+01,2.047356766187442645e+01,2.222078538281229854e+01,2.418467452497822734e+01
2.000000000000000000e+00,6.566666666666667318e-01,1.599914494389395436e+01,1.838533222115943033e+01,2.041519422399101558e+01,2.218733906629200447e+01,2.418778914106951916e+01
2.000000000000000000e+00,6.613333333333333286e-01,1.588691486045847867e+01,1.829809080541127031e+01,2.036176664557141436e+01,2.215374357207034706e+01,2.419095814105577347e+01
2.000000000000000000e+00,6.660000000000000364e-01,1.577523054917736189e+01,1.822093057732454469e+01,2.030792669708600684e+01,2.211996624141715273e+01,2.419691759073964121e+01
2.000000000000000000e+00,6.706666666666667442e-01,1.567202508948946260e+01,1.814101223534416008e+01,2.024921048848099048e+01,2.209664259759194138e+01,2.419394365066569819e+01
2.000000000000000000e+00,6.753333333333333410e-01,1.556961161570149343e+01,1.806121037121730666e+01,2.019699663696919600e+01,2.207291666145819775e+01,2.419352085621348891e+01
2.000000000000000000e+00,6.800000000000000488e-01,1.546767607324498606e+01,1.798215091888254946e+01,2.013895501138535238e+01,2.204921411404666642e+01,2.419270821662957616e+01
2.000000000000000000e+00,6.846666666666667567e-01,1.536621718167679518e+01,1.790451849379190108e+01,2.008123471627174794e+01,2.202156643377365342e+01,2.419171906735583022e+01
2.000000000000000000e+00,6.893333333333333535e-01,1.525789949448693861e+01,1.782560085564927022e+01,2.003183667429960835e+01,2.199073211962236485e+01,2.419084465004965523e+01
2.000000000000000000e+00,6.940000000000000613e-01,1.514972466014245711e+01,1.774035972715131493e+01,1.997837963258216831e+01,2.195831094417397367e+01,2.419042298965866422e+01
2.000000000000000000e+00,6.986666666666667691e-01,1.504208239112912615e+01,1.766410334780458413e+01,1.991902450978099637e+01,2.192373814215703476e+01,2.419001261326176078e+01
2.000000000000000000e+00,7.033333333333333659e-01,1.493497102130545429e+01,1.758600505424209004e+01,1.986496505055592365e+01,2.188714092354743102e+01,2.418610756313718824e+01
2.000000000000000000e+00,7.080000000000000737e-01,1.482838887142808737e+01,1.750433364866182728e+01,1.980694806499152349e+01,2.184996022323053921e+01,2.418062515946872537e+01
2.000000000000000000e+00,7.126666666666667815e-01,1.472233426852047344e+01,1.742270074434362925e+01,1.975061088612332583e+01,2.181475271892793089e+01,2.417520706488585347e+01
2.000000000000000000e+00,7.173333333333333783e-01,1.462472308847744884e+01,1.734166321852681136e+01,1.969688140893898876e+01,2.178849546411909088e+01,2.416985393590688247e+01
2.000000000000000000e+00,7.219999999999999751e-01,1.452826995231883345e+01,1.726257300279911178e+01,1.964500472491539540e+01,2.176045174720272257e+01,2.416456642373873365e+01
2.000000000000000000e+00,7.266666666666667940e-01,1.443227175673255402e+01,1.718599754814211167e+01,1.958991902843355248e+01,2.173234565437463672e+01,2.415934516642299101e+01
2.000000000000000000e+00,7.313333333333333908e-01,1.433672713901925455e+01,1.711097302051675584e+01,1.953667125736136612e+01,2.170529578590373276e+01,2.415419078899555316e+01
2.000000000000000000e+00,7.359999999999999876e-01,1.424163472490477034e+01,1.703766786894767193e+01,1.948358758942750057e+01,2.167807786635799872e+01,2.414910390364560655e+01
2.000000000000000000e+00,7.406666666666666954e-01,1.414699312889079330e+01,1.696488741211614482e+01,1.943071931553754084e+01,2.164987694387323458e+01,2.414408510987396284e+01
2.000000000000000000e+00,7.453333333333334032e-01,1.405151320875615539e+01,1.689237793517049013e+01,1.937764220297234985e+01,2.162028718545446893e+01,2.413913499465058621e+01
2.000000000000000000e+00,7.500000000000000000e-01,1.395517623424079900e+01,1.682168732584893434e+01,1.932541695086700528e+01,2.158943117083576269e+01,2.413631946858972555e+01
2.000000000000000000e+00,7.546666666666667078e-01,1.385930571525284449e+01,1.674659759616987031e+01,1.927301532367942016e+01,2.154916056346279873e+01,2.414139063490526738e+01
2.000000000000000000e+00,7.593333333333334156e-01,1.376390009810943127e+01,1.667333994936911878e+01,1.922078016311489890e+01,2.151269048932500993e+01,2.414868854618240945e+01
2.000000000000000000e+00,7.640000000000000124e-01,1.366895783762724115e+01,1.660036042737043260e+01,1.916952311856709557e+01,2.148807600771701942e+01,2.415603526787887745e+01
2.000000000000000000e+00,7.686666666666667203e-01,1.357447737965452816e+01,1.652765855109250737e+01,1.911834035827231304e+01,2.146355027420160866e+01,2.415645138048365226e+01
2.000000000000000000e+00,7.733333333333334281e-01,1.348045716139447237e+01,1.645318722227413843e+01,1.906507403234736842e+01,2.143911364652831608e+01,2.415908123025907628e+01
2.000000000000000000e+00,7.780000000000000249e-01,1.338689561172358466e+01,1.637098876891746357e+01,1.901389235446331938e+01,2.141068839613971519e+01,2.416666300409140788e+01
2.000000000000000000e+00,7.826666666666667327e-01,1.329379115150518764e+01,1.629938887047148199e+01,1.896210306033831827e+01,2.137801900430771695e+01,2.417599450769849767e+01
2.000000000000000000e+00,7.873333333333334405e-01,1.320114219389810195e+01,1.623045224477255744e+01,1.891024606517220619e+01,2.134384423266674702e+01,2.418700828354732124e+01
2.000000000000000000e+00,7.920000000000000373e-01,1.310894714466039446e+01,1.615623116921302582e+01,1.885775789531917113e+01,2.131898803161386624e+01,2.419885676215299242e+01
2.000000000000000000e+00,7.966666666666667451e-01,1.301720441980786980e+01,1.608230124339613454e+01,1.880669439337811966e+01,2.128813269044344025e+01,2.421077982666032824e+01
2.000000000000000000e+00,8.013333333333334529e-01,1.292591239374087131e+01,1.600866181849354675e+01,1.875331389041481955e+01,2.125659652220236850e+01,2.422277799237067697e+01
2.000000000000000000e+00,8.060000000000000497e-01,1.283506945178819336e+01,1.593531225044786659e+01,1.870134992279456299e+01,2.122766316379159335e+01,2.422867177302543951e+01
2.000000000000000000e+00,8.106666666666666465e-01,1.274467397304551142e+01,1.586440565734808317e+01,1.865074441981805009e+01,2.119965363390619828e+01,2.423261641831922830e+01
2.000000000000000000e+00,8.153333333333334654e-01,1.265472433065557212e+01,1.579030049562920546e+01,1.859859459422781569e+01,2.117295029824705210e+01,2.423663571276921402e+01
2.000000000000000000e+00,8.200000000000000622e-01,1.256401580276893526e+01,1.571446393514447948e+01,1.854661859351554654e+01,2.114122340279137546e+01,2.424303275336697894e+01
2.000000000000000000e+00,8.246666666666666590e-01,1.247171834691796022e+01,1.564190112540840261e+01,1.849521226725973122e+01,2.110839255609314691e+01,2.425029798868319730e+01
2.000000000000000000e+00,8.293333333333333668e-01,1.237988668689479610e+01,1.557150861091066396e+01,1.844704765319487194e+01,2.107567436390094429e+01,2.425763946721916398e+01
2.000000000000000000e+00,8.340000000000000746e-01,1.228851903397414169e+01,1.550139315512741511e+01,1.839916563165322216e+01,2.104306896794264503e+01,2.426505762301805902e+01
2.000000000000000000e+00,8.386666666666666714e-01,1.219761361271772593e+01,1.543155410234878566e+01,1.834784620126241350e+01,2.101136526059749698e+01,2.427255288889876184e+01
2.000000000000000000e+00,8.433333333333333792e-01,1.210716860868785716e+01,1.536199075892023913e+01,1.829286205210293659e+01,2.098930050130353209e+01,2.428012567383994735e+01
2.000000000000000000e+00,8.480000000000000870e-01,1.201718222135313496e+01,1.529320645660040334e+01,1.824502432737537561e+01,2.096660812729039236e+01,2.428777638580297094e+01
2.000000000000000000e+00,8.526666666666666838e-01,1.192765264675406200e+01,1.522234260898540903e+01,1.819114714112510356e+01,2.093849335653866817e+01,2.429550542429385018e+01
2.000000000000000000e+00,8.573333333333333917e-01,1.183857807774886339e+01,1.514956162412512519e+01,1.814106749690898468e+01,2.090903766912776618e+01,2.430331318048069988e+01
2.000000000000000000e+00,8.620000000000000995e-01,1.174995670425487404e+01,1.508119191137351045e+01,1.809270606617136323e+01,2.087864856583707507e+01,2.431120003731011536e+01
2.000000000000000000e+00,8.666666666666666963e-01,1.166178671348550289e+01,1.501328352398657806e+01,1.804803495866491403e+01,2.084836933988145802e+01,2.431916636962264278e+01
2.000000000000000000e+00,8.713333333333334041e-01,1.157406629018283795e+01,1.494564521093077047e+01,1.799695603522507525e+01,2.081820006905733322e+01,2.432721254426727242e+01
2.000000000000000000e+00,8.760000000000001119e-01,1.148679361684598099e+01,1.487677148327163756e+01,1.794683434555408041e+01,2.078814082221909487e+01,2.433533892021494438e+01
2.000000000000000000e+00,8.806666666666667087e-01,1.139996689093730886e+01,1.480609550336318492e+01,1.790174133489010444e+01,2.075817764546003019e+01,2.434354585637255397e+01
2.000000000000000000e+00,8.853333333333334165e-01,1.131358427404034117e+01,1.473570782421660752e+01,1.785680179615098595e+01,2.072940465835028334e+01,2.435183368860866437e+01
2.000000000000000000e+00,8.900000000000001243e-01,1.122764394325153425e+01,1.466560760454430579e+01,1.781201554733506853e+01,2.070091359123147257e+01,2.436055524964317698e+01
2.000000000000000000e+00,8.946666666666667211e-01,1.114214407429554399e+01,1.459579399700437108e+01,1.776578956378824969e+01,2.067160960219269938e+01,2.436983935237712728e+01
2.000000000000000000e+00,8.993333333333333179e-01,1.105708284173275757e+01,1.452626614839785724e+01,1.772066304688070915e+01,2.064241508716228424e+01,2.437920536104672209e+01
2.000000000000000000e+00,9.040000000000000258e-01,1.097245841916268461e+01,1.445702319986286710e+01,1.767288940559482313e+01,2.061333006755708297e+01,2.438865359440688252e+01
2.000000000000000000e+00,9.086666666666667336e-01,1.088820738809154065e+01,1.438806428706559082e+01,1.762528129474434735e+01,2.058435455692279703e+01,2.439818436415050584e+01
2.000000000000000000e+00,9.133333333333334414e-01,1.080339522766953131e+01,1.431938854038822129e+01,1.757783844380318783e+01,2.055548856107781575e+01,2.440779797501283355e+01
2.000000000000000000e+00,9.180000000000000382e-01,1.071902236847673251e+01,1.425099508511381252e+01,1.752825551638902368e+01,2.052615558447767086e+01,2.441749472487484240e+01
2.000000000000000000e+00,9.226666666666667460e-01,1.063508695321980113e+01,1.418288305618728806e+01,1.747291550559739903e+01,2.049871246992937301e+01,2.442727491253980787e+01
2.000000000000000000e+00,9.273333333333334538e-01,1.055158709136751938e+01,1.411505155457516203e+01,1.742492000550409514e+01,2.047626193266360772e+01,2.443713881482095118e+01
2.000000000000000000e+00,9.320000000000000506e-01,1.046852090949585268e+01,1.404749969134105392e+01,1.737990701191747789e+01,2.045666924824293886e+01,2.444708670964497443e+01
2.000000000000000000e+00,9.366666666666667584e-01,1.038588653470414513e+01,1.398022657315901540e+01,1.733004481806417374e+01,2.043594814547715188e+01,2.445711886848775407e+01
2.000000000000000000e+00,9.413333333333333552e-01,1.030368209478941921e+01,1.391323130248364315e+01,1.728204106499436321e+01,2.041262897503985130e+01,2.446723555647266579e+01
2.000000000000000000e+00,9.460000000000000631e-01,1.022190571841698237e+01,1.384830423939900079e+01,1.723844755092518000e+01,2.038436337729751813e+01,2.447743703246792535e+01
2.000000000000000000e+00,9.506666666666667709e-01,1.014055553528744724e+01,1.378645698342775461e+01,1.719500665274409101e+01,2.035620791597637336e+01,2.448772354918288841e+01
2.000000000000000000e+00,9.553333333333333677e-01,1.005962967630022753e+01,1.372485876169428742e+01,1.715171808317933255e+01,2.032816253114425109e+01,2.449809535326340537e+01
2.000000000000000000e+00,9.600000000000000755e-01,9.979126273713472273e+00,1.366425785437346008e+01,1.710858154927687380e+01,2.030415930043765016e+01,2.450855268538606424e+01
2.000000000000000000e+00,9.646666666666667833e-01,9.899043477374478428e+00,1.360442557394059726e+01,1.706559676426210359e+01,2.028266022120268630e+01,2.451909578804841416e+01
2.000000000000000000e+00,9.693333333333333801e-01,9.818935496060113621e+00,1.354483274484485555e+01,1.702130705741451067e+01,2.026096119095786108e+01,2.452972488257089623e+01
2.000000000000000000e+00,9.740000000000000879e-01,9.738397938681057298e+00,1.348547860206109306e+01,1.697598500140260924e+01,2.023874666402944911e+01,2.454044019227690399e+01
2.000000000000000000e+00,9.786666666666666847e-01,9.658285303074851669e+00,1.342636237721323766e+01,1.693082374859335104e+01,2.021663001728281017e+01,2.455124193488789075e+01
2.000000000000000000e+00,9.833333333333333925e-01,9.578595672111349657e+00,1.336748329871174334e+01,1.688582293863183637e+01,2.019461120523871145e+01,2.456213032261259244e+01
2.000000000000000000e+00,9.880000000000001004e-01,9.499327131150566927e+00,1.330478537965272601e+01,1.684212120569574367e+01,2.017269017686021826e+01,2.457310556223541553e+01
2.000000000000000000e+00,9.926666666666666972e-01,9.420477768180489875e+00,1.324071150157955579e+01,1.679936287862988920e+01,2.015086687566142487e+01,2.458416785520372372e+01
2.000000000000000000e+00,9.973333333333334050e-01,9.342045673951741236e+00,1.318080708568463955e+01,1.675628717525406586e+01,2.012914123981478909e+01,2.459531739771420433e+01
2.000000000000000000e+00,1.002000000000000224e+00,9.264028942109110432e+00,1.312169119051363531e+01,1.671172136005223052e+01,2.010751320225701733e+01,2.460655438079820101e+01
2.000000000000000000e+00,1.006666666666666821e+00,9.186425685047705514e+00,1.306391234425175973e+01,1.666731490859756448e+01,2.008598270071609804e+01,2.461787899808886237e+01
2.000000000000000000e+00,1.011333333333333417e+00,9.109233986721978482e+00,1.300654701107046662e+01,1.662306741798417065e+01,2.006298164591343181e+01,2.462929142284906092e+01
2.000000000000000000e+00,1.016000000000000014e+00,9.032451950217303960e+00,1.294741343877077888e+01,1.658229379499368150e+01,2.003929449422068743e+01,2.464079183111540416e+01
2.000000000000000000e+00,1.020666666666666611e+00,8.956077682008837471e+00,1.288467271779721379e+01,1.654217177848533993e+01,2.001463769480372790e+01,2.465238039409091897e+01
2.000000000000000000e+00,1.025333333333333430e+00,8.880109292077978722e+00,1.282219467844672778e+01,1.650219328401908570e+01,1.999008503065103781e+01,2.466405727822555960e+01
2.000000000000000000e+00,1.030000000000000027e+00,8.804544894026044233e+00,1.276232821891271918e+01,1.646235796444387489e+01,1.996494700039832182e+01,2.467582264529573521e+01
2.000000000000000000e+00,1.034666666666666845e+00,8.729382605185010746e+00,1.270413100380119964e+01,1.642133635552320570e+01,1.993924000199789859e+01,2.468767665248295629e+01
2.000000000000000000e+00,1.039333333333333442e+00,8.654620546725599439e+00,1.264418573862066530e+01,1.638302728179177592e+01,1.991341380764963986e+01,2.469961945245147561e+01
2.000000000000000000e+00,1.044000000000000039e+00,8.580256843762512631e+00,1.258331664682843964e+01,1.633993940845276427e+01,1.988759339652544966e+01,2.471013992960529748e+01
2.000000000000000000e+00,1.048666666666666636e+00,8.506289640584782319e+00,1.252270196917796596e+01,1.629999850377912551e+01,1.986188012427502869e+01,2.471670810179476163e+01
2.000000000000000000e+00,1.053333333333333455e+00,8.432717055238581949e+00,1.246234074901889777e+01,1.625720783298921646e+01,1.983627381349449692e+01,2.472336452418518604e+01
2.000000000000000000e+00,1.058000000000000052e+00,8.359537225275598615e+00,1.240223204226013287e+01,1.621654463434578020e+01,1.981077429312787430e+01,2.473010929357253573e+01
2.000000000000000000e+00,1.062666666666666870e+00,8.286748292586183950e+00,1.234237490403300974e+01,1.617602821589062856e+01,1.978538138810590752e+01,2.473694250243663006e+01
2.000000000000000000e+00,1.067333333333333467e+00,8.214348403491582573e+00,1.228276838879448007e+01,1.613565817706501804e+01,1.976009491943797514e+01,2.474386423901805188e+01
2.000000000000000000e+00,1.072000000000000064e+00,8.142335708833686070e+00,1.222341155042825811e+01,1.609431359732581868e+01,1.973491470430273154e+01,2.475087458739416135e+01
2.000000000000000000e+00,1.076666666666666661e+00,8.070708364062337381e+00,1.216430344234392713e+01,1.605302126361628723e+01,1.971217642551282978e+01,2.475797362755405118e+01
2.000000000000000000e+00,1.081333333333333258e+00,7.999464529320249540e+00,1.210544311757406888e+01,1.601187863150753543e+01,1.969111410950440799e+01,2.476516143547259929e+01
2.000000000000000000e+00,1.086000000000000076e+00,7.928602369525514781e+00,1.204749862770706770e+01,1.597088526978614453e+01,1.966900094955130385e+01,2.477243808318345586e+01
2.000000000000000000e+00,1.090666666666666895e+00,7.858120068978411865e+00,1.198982821241765606e+01,1.592612314105907956e+01,1.964558412708486301e+01,2.477980364700925620e+01
2.000000000000000000e+00,1.095333333333333492e+00,7.788015787726110695e+00,1.193239873622851022e+01,1.587982735273435431e+01,1.962226977287742358e+01,2.478725818313542817e+01
2.000000000000000000e+00,1.100000000000000089e+00,7.718287705485262329e+00,1.187520927147533989e+01,1.583567654142708747e+01,1.959905769639732398e+01,2.479480175220006188e+01
3.000000000000000000e+00,4.000000000000000222e-01,-2.669050063584860055e+01,-1.671494420389413094e+01,-9.949828723019246368e+00,-4.207863863187808029e+00,2.421400458337178652e+00
3.000000000000000000e+00,4.046666666666666745e-01,-2.659096839583553873e+01,-1.667753327662493490e+01,-9.945328812687055375e+00,-4.217485145930425006e+00,2.411059024367105508e+00
3.000000000000000000e+00,4.093333333333333823e-01,-2.649126693936255705e+01,-1.663975011805965210e+01,-9.940400829001251992e+00,-4.226732869725977615e+00,2.400993989530168182e+00
3.000000000000000000e+00,4.140000000000000346e-01,-2.639140733439747422e+01,-1.660160303254958336e+01,-9.935050836432479215e+00,-4.235630157196215606e+00,2.391203831166166083e+00
3.000000000000000000e+00,4.186666666666666869e-01,-2.629140051732673911e+01,-1.656310026301062166e+01,-9.929284880581795036e+00,-4.244896613784208128e+00,2.381687005395750401e+00
3.000000000000000000e+00,4.233333333333333393e-01,-2.619125726312616464e+01,-1.652424997135143414e+01,-9.923108975764044715e+00,-4.253785450565905180e+00,2.372441945414520692e+00
3.000000000000000000e+00,4.280000000000000471e-01,-2.609098821420823811e+01,-1.648506025582269885e+01,-9.916529114696061242e+00,-4.262300657203859977e+00,2.363467065081652940e+00
3.000000000000000000e+00,4.326666666666666994e-01,-2.599060387054405652e+01,-1.644553914403559602e+01,-9.909551263647767172e+00,-4.270153441050291043e+00,2.354760758977908708e+00
3.000000000000000000e+00,4.373333333333333517e-01,-2.589011458947887334e+01,-1.640569459208037983e+01,-9.902181361247929914e+00,-4.277237893895679655e+00,2.346321403320763110e+00
3.000000000000000000e+00,4.420000000000000040e-01,-2.578953058561227962e+01,-1.636553448369694763e+01,-9.894425317331576153e+00,-4.283975890219395843e+00,2.338147356864019866e+00
3.000000000000000000e+00,4.466666666666667118e-01,-2.568886193074111191e+01,-1.632746199575274204e+01,-9.886289011828472084e+00,-4.290371297199488509e+00,2.330236961781860128e+00
3.000000000000000000e+00,4.513333333333333641e-01,-2.558811855386333889e+01,-1.629099347521158947e+01,-9.877778293692124123e+00,-4.296427977808068732e+00,2.322588544537254940e+00
3.000000000000000000e+00,4.560000000000000164e-01,-2.548731024124113986e+01,-1.625418583194231559e+01,-9.868898979868680144e+00,-4.302149789777916844e+00,2.315200416734780386e+00
3.000000000000000000e+00,4.606666666666666687e-01,-2.538644664749507029e+01,-1.621704692987198015e+01,-9.859519749660664800e+00,-4.307540586459638554e+00,2.308070876955392148e+00
3.000000000000000000e+00,4.653333333333333766e-01,-2.528553726306791205e+01,-1.617958454635467191e+01,-9.848296502113258910e+00,-4.312604210313875086e+00,2.301198208605749862e+00
3.000000000000000000e+00,4.700000000000000289e-01,-2.518459144695056295e+01,-1.614180639220588986e+01,-9.836743832366575901e+00,-4.317344497437922257e+00,2.294580683674814381e+00
3.000000000000000000e+00,4.746666666666666812e-01,-2.508361841620849475e+01,-1.610372010422433320e+01,-9.824867266332212523e+00,-4.321765274838695881e+00,2.288216562547590982e+00
3.000000000000000000e+00,4.793333333333333890e-01,-2.498262724631509002e+01,-1.606533324460769663e+01,-9.812672292252125672e+00,-4.325870359539055521e+00,2.282104094779675130e+00
3.000000000000000000e+00,4.840000000000000413e-01,-2.488162687153409891e+01,-1.602665330041365266e+01,-9.800164359961351934e+00,-4.329663557711239896e+00,2.276241519856109896e+00
3.000000000000000000e+00,4.886666666666666936e-01,-2.478062608534947486e+01,-1.598768768306467258e+01,-9.787348880185005484e+00,-4.333148663836971615e+00,2.270627067934763765e+00
3.000000000000000000e+00,4.933333333333333459e-01,-2.467963354094088402e+01,-1.594844372789580511e+01,-9.774231223868996565e+00,-4.336329459893928373e+00,2.265258960574203506e+00
3.000000000000000000e+00,4.979999999999999982e-01,-2.457865775170348144e+01,-1.590892869374445873e+01,-9.761095528290715251e+00,-4.339209714568288412e+00,2.260135411446140274e+00
3.000000000000000000e+00,5.026666666666667060e-01,-2.447770710361128721e+01,-1.586914977023173812e+01,-9.748674624625216723e+00,-4.341793184586174803e+00,2.255254628119831573e+00
3.000000000000000000e+00,5.073333333333334139e-01,-2.437678982057339994e+01,-1.582911405460668242e+01,-9.735949705409172594e+00,-4.344083607744836151e+00,2.250614809500953051e+00
3.000000000000000000e+00,5.120000000000000107e-01,-2.427591400015964140e+01,-1.578839506847830876e+01,-9.722926110354837448e+00,-4.346084708384903905e+00,2.246214149722016273e+00
3.000000000000000000e+00,5.166666666666667185e-01,-2.417508760264471590e+01,-1.574741621051071050e+01,-9.709609137093753617e+00,-4.347800194658868911e+00,2.242050837725891199e+00
3.000000000000000000e+00,5.213333333333334263e-01,-2.407431845172567719e+01,-1.570620636050420948e+01,-9.696004040647872912e+00,-4.349233757868507411e+00,2.238123057902368540e+00
3.000000000000000000e+00,5.260000000000000231e-01,-2.397361423527428670e+01,-1.566477227924095850e+01,-9.682116032930878191e+00,-4.350389071826074705e+00,2.234428990709942386e+00
3.000000000000000000e+00,5.306666666666667309e-01,-2.387298250612308337e+01,-1.562312064903389697e+01,-9.667950282279264229e+00,-4.351269792239036427e+00,2.230966813282795336e+00
3.000000000000000000e+00,5.353333333333333277e-01,-2.377243068288372285e+01,-1.558125807362830528e+01,-9.653511913012472689e+00,-4.351879556117918213e+00,2.227734700023177083e+00
3.000000000000000000e+00,5.400000000000000355e-01,-2.367196605079605476e+01,-1.553919107813598011e+01,-9.639532325436134030e+00,-4.352221981206823465e+00,2.224730823179307926e+00
3.000000000000000000e+00,5.446666666666666323e-01,-2.357159577501375836e+01,-1.549692611715827439e+01,-9.625942451657074628e+00,-4.352300667727200256e+00,2.221953354578441786e+00
3.000000000000000000e+00,5.493333333333333401e-01,-2.347132686439992355e+01,-1.545340266926665151e+01,-9.612074629161753592e+00,-4.352119191019848010e+00,2.219400462685270803e+00
3.000000000000000000e+00,5.540000000000000480e-01,-2.337116620945488776e+01,-1.540862575858999683e+01,-9.597933972301744276e+00,-4.351681107833108797e+00,2.217070316610289193e+00
3.000000000000000000e+00,5.586666666666666448e-01,-2.327112057098562303e+01,-1.536369332173390134e+01,-9.583525549839428948e+00,-4.350989953590599590e+00,2.214961085479437486e+00
3.000000000000000000e+00,5.633333333333333526e-01,-2.317119658108928704e+01,-1.531861132562245231e+01,-9.566749554858377635e+00,-4.350049241929564658e+00,2.213070938941673393e+00
3.000000000000000000e+00,5.680000000000000604e-01,-2.307140074415983122e+01,-1.527338565820578253e+01,-9.549710708791065983e+00,-4.348862464259577898e+00,2.211398047662953115e+00
3.000000000000000000e+00,5.726666666666666572e-01,-2.297173943791662509e+01,-1.522802212865127736e+01,-9.532450290951844707e+00,-4.347433089341261159e+00,2.209940583806764280e+00
3.000000000000000000e+00,5.773333333333333650e-01,-2.287221891445363298e+01,-1.518252646755900592e+01,-9.514972917189933099e+00,-4.345764562884585125e+00,2.208696721501376192e+00
3.000000000000000000e+00,5.820000000000000728e-01,-2.277284530130837936e+01,-1.513690432720078327e+01,-9.497283156330759368e+00,-4.343860307166405477e+00,2.207664637293967225e+00
3.000000000000000000e+00,5.866666666666666696e-01,-2.267362461536417229e+01,-1.509116129031128395e+01,-9.480120321120448779e+00,-4.341723723120682443e+00,2.206842511839143484e+00
3.000000000000000000e+00,5.913333333333333774e-01,-2.257456272557856636e+01,-1.504530284485191061e+01,-9.462975639879859457e+00,-4.339358182663580088e+00,2.206228526602424633e+00
3.000000000000000000e+00,5.960000000000000853e-01,-2.247566539240551009e+01,-1.499873526404509150e+01,-9.445617994773584769e+00,-4.336767035662576042e+00,2.205820867984019440e+00
3.000000000000000000e+00,6.006666666666666821e-01,-2.237693825619190591e+01,-1.495203974558074123e+01,-9.428051887652442176e+00,-4.333953607206400882e+00,2.205617726491952979e+00
3.000000000000000000e+00,6.053333333333333899e-01,-2.227838683832796818e+01,-1.490525174092169713e+01,-9.410281772781871723e+00,-4.330921197312683546e+00,2.205617297133321664e+00
3.000000000000000000e+00,6.100000000000000977e-01,-2.217998415362458786e+01,-1.485837638729512022e+01,-9.392312056776869866e+00,-4.327673080652570725e+00,2.205817779793430411e+00
3.000000000000000000e+00,6.146666666666666945e-01,-2.208005386845856322e+01,-1.481141874580019291e+01,-9.374147098555823732e+00,-4.324212506291837066e+00,2.206217379603067741e+00
3.000000000000000000e+00,6.193333333333334023e-01,-2.198033497201885211e+01,-1.476622370091006076e+01,-9.355791209312691592e+00,-4.320542697448100711e+00,2.206814307294119981e+00
3.000000000000000000e+00,6.240000000000001101e-01,-2.188083236983566593e+01,-1.472212339267784387e+01,-9.337248652507049940e+00,-4.316666851263806670e+00,2.207606779543676012e+00
3.000000000000000000e+00,6.286666666666667069e-01,-2.178155086751818104e+01,-1.467792221573116862e+01,-9.318523649452462365e+00,-4.312588141177482015e+00,2.208593020629599835e+00
3.000000000000000000e+00,6.333333333333334147e-01,-2.168249513289622854e+01,-1.463362517630186765e+01,-9.299620362638879811e+00,-4.308309709003008692e+00,2.209771258800527605e+00
3.000000000000000000e+00,6.380000000000000115e-01,-2.158366973634340269e+01,-1.458923721552506159e+01,-9.280542912430766123e+00,-4.303834672445928433e+00,2.211139730521591851e+00
3.000000000000000000e+00,6.426666666666667194e-01,-2.148507913902849253e+01,-1.454476320112625842e+01,-9.261295371585953617e+00,-4.299183707483430261e+00,2.212696679468311167e+00
3.000000000000000000e+00,6.473333333333333162e-01,-2.138672769418118946e+01,-1.450020792786219737e+01,-9.241881765326896314e+00,-4.294342961772950495e+00,2.214440356816027133e+00
3.000000000000000000e+00,6.520000000000000240e-01,-2.128861964836254828e+01,-1.445557611797550379e+01,-9.222306071426631391e+00,-4.289313810296864204e+00,2.216369021518943772e+00
3.000000000000000000e+00,6.566666666666667318e-01,-2.119075914273928163e+01,-1.441087242166250348e+01,-9.202572220308972817e+00,-4.284099273704730315e+00,2.218480940578988925e+00
3.000000000000000000e+00,6.613333333333333286e-01,-2.109315021436133009e+01,-1.436533236465631092e+01,-9.182684095162445104e+00,-4.278702345216723657e+00,2.220774389304686736e+00
3.000000000000000000e+00,6.660000000000000364e-01,-2.099579679744185512e+01,-1.431848500041135708e+01,-9.162645532067459797e+00,-4.273125990520755479e+00,2.223247651560208649e+00
3.000000000000000000e+00,6.706666666666667442e-01,-2.089870273776039866e+01,-1.427160153799229647e+01,-9.142460325876413663e+00,-4.267373150361099654e+00,2.225899021402348854e+00
3.000000000000000000e+00,6.753333333333333410e-01,-2.080187175458280890e+01,-1.422468615923023094e+01,-9.122132213173843596e+00,-4.261446732439503116e+00,2.228726799134524761e+00
3.000000000000000000e+00,6.800000000000000488e-01,-2.070530748130289922e+01,-1.417774298555919188e+01,-9.101664889602691488e+00,-4.255349619349535928e+00,2.231729295686900372e+00
3.000000000000000000e+00,6.846666666666667567e-01,-2.060901345361009973e+01,-1.413077606965212851e+01,-9.081062004330153314e+00,-4.249084665860215715e+00,2.234904831447111828e+00
3.000000000000000000e+00,6.893333333333333535e-01,-2.051299311077247367e+01,-1.408378939599749557e+01,-9.060327160234395549e+00,-4.242654698871071162e+00,2.238251736463074071e+00
3.000000000000000000e+00,6.940000000000000613e-01,-2.041724979691850450e+01,-1.403678688148346687e+01,-9.039463914101890651e+00,-4.236062517377859216e+00,2.241768350637049600e+00
3.000000000000000000e+00,6.986666666666667691e-01,-2.032178676231718839e+01,-1.398977237598932355e+01,-9.018475776834927515e+00,-4.229310892448568282e+00,2.245453023911221813e+00
3.000000000000000000e+00,7.033333333333333659e-01,-2.022660716465585651e+01,-1.394274966298341667e+01,-8.997366213668918533e+00,-4.222402567209443625e+00,2.249304116444901247e+00
3.000000000000000000e+00,7.080000000000000737e-01,-2.013171407031525106e+01,-1.389572246012737011e+01,-8.976138644399080491e+00,-4.215340256840709010e+00,2.253319998783585021e+00
3.000000000000000000e+00,7.126666666666667815e-01,-2.003711046871170254e+01,-1.384869442891954883e+01,-8.954796449457402829e+00,-4.208126651326691281e+00,2.257499053492612706e+00
3.000000000000000000e+00,7.173333333333333783e-01,-1.994279923432915425e+01,-1.380166914821587376e+01,-8.933342952648992252e+00,-4.200764407246118992e+00,2.261839670909431721e+00
3.000000000000000000e+00,7.219999999999999751e-01,-1.984878316724032032e+01,-1.375465014193483171e+01,-8.911781438894692542e+00,-4.193256156007037383e+00,2.266340253673454264e+00
3.000000000000000000e+00,7.266666666666667940e-01,-1.975506498127467836e+01,-1.370764087065760251e+01,-8.890115148668066070e+00,-4.185604501145514078e+00,2.270999215408377570e+00
3.000000000000000000e+00,7.313333333333333908e-01,-1.966164730527280824e+01,-1.366050608635037733e+01,-8.868347278263286171e+00,-4.177812018365513858e+00,2.275814980853036573e+00
3.000000000000000000e+00,7.359999999999999876e-01,-1.956853268433530246e+01,-1.361278114243290283e+01,-8.846480980070241529e+00,-4.169881255586775914e+00,2.280785985985114284e+00
3.000000000000000000e+00,7.406666666666666954e-01,-1.947572358106594592e+01,-1.356508409097314605e+01,-8.824519362856392490e+00,-4.161814733000360533e+00,2.285910678137963004e+00
3.000000000000000000e+00,7.453333333333334032e-01,-1.938322237680871751e+01,-1.351741807812764939e+01,-8.802465492055185692e+00,-4.153614943131723081e+00,2.291187516110538613e+00
3.000000000000000000e+00,7.500000000000000000e-01,-1.929103137287835423e+01,-1.346978619009165001e+01,-8.780322390060634419e+00,-4.145284350910961813e+00,2.296614970270764111e+00
3.000000000000000000e+00,7.546666666666667078e-01,-1.919915280469819407e+01,-1.342219146277933994e+01,-8.758093042418767737e+00,-4.136825396532604948e+00,2.302191524200987160e+00
3.000000000000000000e+00,7.593333333333334156e-01,-1.910758880422810790e+01,-1.337463685538226876e+01,-8.735780380465632433e+00,-4.128240487196809028e+00,2.307915670159864430e+00
3.000000000000000000e+00,7.640000000000000124e-01,-1.901634144000512450e+01,-1.332712527812659786e+01,-8.713387299299531819e+00,-4.119532005536377994e+00,2.313785913778461545e+00
3.000000000000000000e+00,7.686666666666667203e-01,-1.892541270538778164e+01,-1.327965958389256329e+01,-8.690916652213026339e+00,-4.110702306936773631e+00,2.319800772607103490e+00
3.000000000000000000e+00,7.733333333333334281e-01,-1.883480451974953240e+01,-1.323224256887049854e+01,-8.668371251013738288e+00,-4.101753719638701057e+00,2.325958776187935229e+00
3.000000000000000000e+00,7.780000000000000249e-01,-1.874451872966384514e+01,-1.318487697321700480e+01,-8.645753866349535244e+00,-4.092688544846414089e+00,2.332258466121809981e+00
3.000000000000000000e+00,7.826666666666667327e-01,-1.865455711008073791e+01,-1.313756548171108918e+01,-8.623067228037776033e+00,-4.083509056841562845e+00,2.338698396129624602e+00
3.000000000000000000e+00,7.873333333333334405e-01,-1.856577551089014477e+01,-1.309031072441005961e+01,-8.600314025398478890e+00,-4.074217503102386395e+00,2.345277132108239293e+00
3.000000000000000000e+00,7.920000000000000373e-01,-1.847787422649946620e+01,-1.304311527730473230e+01,-8.577496907590989039e+00,-4.064816104427931620e+00,2.351993252181188154e+00
3.000000000000000000e+00,7.966666666666667451e-01,-1.839391790037856822e+01,-1.299598167193083142e+01,-8.554618489849941554e+00,-4.055307057862198583e+00,2.358845348369948525e+00
3.000000000000000000e+00,8.013333333333334529e-01,-1.831102651385405622e+01,-1.294891236912867072e+01,-8.531681336136745841e+00,-4.045692528442998537e+00,2.365832021774672445e+00
3.000000000000000000e+00,8.060000000000000497e-01,-1.822840355716732574e+01,-1.290190978660983845e+01,-8.508687977179773654e+00,-4.035974657724568537e+00,2.372951887452583897e+00
3.000000000000000000e+00,8.106666666666666465e-01,-1.814737935252311729e+01,-1.285497629062984259e+01,-8.485640904924542482e+00,-4.026155561125938753e+00,2.380203572840560611e+00
3.000000000000000000e+00,8.153333333333334654e-01,-1.806711422689101454e+01,-1.280811419663690209e+01,-8.462542572884757419e+00,-4.016237328077662205e+00,2.387585717781650629e+00
3.000000000000000000e+00,8.200000000000000622e-01,-1.798393536854219832e+01,-1.276132576991870771e+01,-8.439395396495498858e+00,-4.006222022172433839e+00,2.395096974547126667e+00
3.000000000000000000e+00,8.246666666666666590e-01,-1.789847586313795347e+01,-1.271461322624702106e+01,-8.416201753468364188e+00,-3.996111681319435061e+00,2.402736007854268774e+00
3.000000000000000000e+00,8.293333333333333668e-01,-1.781333655064248944e+01,-1.266797873251995554e+01,-8.392963984148462231e+00,-3.985908317902280729e+00,2.410501494879927709e+00
3.000000000000000000e+00,8.340000000000000746e-01,-1.772851865469790056e+01,-1.262142440740166904e+01,-8.369684391872889151e+00,-3.975613918940269720e+00,2.418392125270075077e+00
3.000000000000000000e+00,8.386666666666666714e-01,-1.764402335221639007e+01,-1.257495233079094454e+01,-8.346365249192425395e+00,-3.965230449037748350e+00,2.426406602849521477e+00
3.000000000000000000e+00,8.433333333333333792e-01,-1.756249148846044505e+01,-1.252856451792674264e+01,-8.323008780635303694e+00,-3.954759842192320907e+00,2.434543640528902042e+00
3.000000000000000000e+00,8.480000000000000870e-01,-1.748168357515031346e+01,-1.248226294657983004e+01,-8.299714056114643412e+00,-3.944204010328656196e+00,2.442801965380064111e+00
3.000000000000000000e+00,8.526666666666666838e-01,-1.740116798223079186e+01,-1.243604954881693914e+01,-8.276192608232253889e+00,-3.933564840682739483e+00,2.451180316943982529e+00
3.000000000000000000e+00,8.573333333333333917e-01,-1.732094593358648638e+01,-1.238992621162522667e+01,-8.252737187015542375e+00,-3.922856699218358223e+00,2.459677447221811697e+00
3.000000000000000000e+00,8.620000000000000995e-01,-1.724101859762694389e+01,-1.234570401299211184e+01,-8.229253005908317320e+00,-3.912073376622260845e+00,2.468292120662592293e+00
3.000000000000000000e+00,8.666666666666666963e-01,-1.716138708825570092e+01,-1.230185709987419074e+01,-8.205742119321891792e+00,-3.901212787215603051e+00,2.477023114147708149e+00
3.000000000000000000e+00,8.713333333333334041e-01,-1.708205246582943104e+01,-1.225808317083092547e+01,-8.182206547562389076e+00,-3.890276713596821256e+00,2.485869216972214524e+00
3.000000000000000000e+00,8.760000000000001119e-01,-1.700036472396941178e+01,-1.221438413552419533e+01,-8.158648277195448273e+00,-3.879266914655641774e+00,2.494829230823117694e+00
3.000000000000000000e+00,8.806666666666667087e-01,-1.691782752074638196e+01,-1.217076186920992420e+01,-8.135069267205574661e+00,-3.868185128514624704e+00,2.503901971538316840e+00
3.000000000000000000e+00,8.853333333333334165e-01,-1.683563152439664634e+01,-1.212721818727965939e+01,-8.111471431957699707e+00,-3.857033064442208392e+00,2.513086263746163951e+00
3.000000000000000000e+00,8.900000000000001243e-01,-1.675377723406791119e+01,-1.208375487193244524e+01,-8.087856658981507962e+00,-3.845812411325161495e+00,2.522380946150512671e+00
3.000000000000000000e+00,8.946666666666667211e-01,-1.667226510194907263e+01,-1.204037366404936726e+01,-8.064226803522718257e+00,-3.834524835096102091e+00,2.531784869732022436e+00
3.000000000000000000e+00,8.993333333333333179e-01,-1.659113482241073712e+01,-1.199537381506345213e+01,-8.040583688905950766e+00,-3.823171978925803405e+00,2.541296897712804981e+00
3.000000000000000000e+00,9.040000000000000258e-01,-1.651080695997853098e+01,-1.195033950022379976e+01,-8.016929106896872881e+00,-3.811755463416772738e+00,2.550915905518591931e+00
3.000000000000000000e+00,9.086666666666667336e-01,-1.643081685016451843e+01,-1.190541164042753408e+01,-7.993264818063540389e+00,-3.800276886797971709e+00,2.560640780738554056e+00
3.000000000000000000e+00,9.133333333333334414e-01,-1.635116481418566181e+01,-1.186059164649592468e+01,-7.969592552136719021e+00,-3.788737825120525038e+00,2.570470423082871658e+00
3.000000000000000000e+00,9.180000000000000382e-01,-1.627185113049929299e+01,-1.181588089177924061e+01,-7.945914008369196146e+00,-3.777139832454379675e+00,2.580403744338093386e+00
3.000000000000000000e+00,9.226666666666667460e-01,-1.619287604731416508e+01,-1.177128072119172053e+01,-7.922230861594001361e+00,-3.765484443795068525e+00,2.590439670184260024e+00
3.000000000000000000e+00,9.273333333333334538e-01,-1.611423974839408402e+01,-1.172679242631442165e+01,-7.898544745456863581e+00,-3.753773167121904564e+00,2.600577134572512605e+00
3.000000000000000000e+00,9.320000000000000506e-01,-1.603594238903333746e+01,-1.168241727145688458e+01,-7.874857269919369962e+00,-3.742007491748350123e+00,2.610815085230197674e+00
3.000000000000000000e+00,9.366666666666667584e-01,-1.595798408514139766e+01,-1.163815648569025640e+01,-7.851170015889672449e+00,-3.730188885800487242e+00,2.621152481762355713e+00
3.000000000000000000e+00,9.413333333333333552e-01,-1.588036491405940787e+01,-1.159401126339314203e+01,-7.827484535575060853e+00,-3.718318796416806293e+00,2.631588295597412142e+00
3.000000000000000000e+00,9.460000000000000631e-01,-1.580308491536570870e+01,-1.154994176094989022e+01,-7.803802352832854616e+00,-3.706398649948332569e+00,2.642121509931158130e+00
3.000000000000000000e+00,9.506666666666667709e-01,-1.572614409167058369e+01,-1.150687233423211353e+01,-7.780124963519623016e+00,-3.694429852159012651e+00,2.652751119669113589e+00
3.000000000000000000e+00,9.553333333333333677e-01,-1.564954240940024377e+01,-1.146391312473807211e+01,-7.756453835838672539e+00,-3.682413788426327272e+00,2.663476131367317201e+00
3.000000000000000000e+00,9.600000000000000755e-01,-1.557327979957001851e+01,-1.142106526995943483e+01,-7.732790410685652205e+00,-3.670351823941973901e+00,2.674295563171634083e+00
3.000000000000000000e+00,9.646666666666667833e-01,-1.549735616976997576e+01,-1.137832988311249061e+01,-7.709136107575162100e+00,-3.658245306561879850e+00,2.685208446700238394e+00
3.000000000000000000e+00,9.693333333333333801e-01,-1.542177137114971330e+01,-1.133570802887730089e+01,-7.685492308205348344e+00,-3.646095559044216561e+00,2.696213821164290980e+00
3.000000000000000000e+00,9.740000000000000879e-01,-1.534652523302406202e+01,-1.129320074873137614e+01,-7.661860373602640273e+00,-3.633903887227136753e+00,2.707310739101081776e+00
3.000000000000000000e+00,9.786666666666666847e-01,-1.527161755228362772e+01,-1.125080905315966007e+01,-7.638241638848676018e+00,-3.621671577565463984e+00,2.718498264381395746e+00
3.000000000000000000e+00,9.833333333333333925e-01,-1.519704809411506474e+01,-1.120853392215194333e+01,-7.614637413415755951e+00,-3.609399897330860085e+00,2.729775472142351056e+00
3.000000000000000000e+00,9.880000000000001004e-01,-1.512281659271105383e+01,-1.116637630569518613e+01,-7.591048981500163606e+00,-3.597090094811701722e+00,2.741141448719144780e+00
3.000000000000000000e+00,9.926666666666666972e-01,-1.504892275196984741e+01,-1.112433712426065391e+01,-7.567477602353186228e+00,-3.584743399512571038e+00,2.752595291575732350e+00
3.000000000000000000e+00,9.973333333333334050e-01,-1.497536624618457779e+01,-1.108241726928589799e+01,-7.543924510609843814e+00,-3.572361022353316873e+00,2.764136109234553107e+00
3.000000000000000000e+00,1.002000000000000224e+00,-1.490214672072236013e+01,-1.104061760365157774e+01,-7.520390916615308008e+00,-3.559944155867657223e+00,2.775763021205283287e+00
3.000000000000000000e+00,1.006666666666666821e+00,-1.482926380346870232e+01,-1.099797484165835826e+01,-7.496878012196395602e+00,-3.547493976978960184e+00,2.787475159938170854e+00
3.000000000000000000e+00,1.011333333333333417e+00,-1.475687938806377275e+01,-1.095509327842367675e+01,-7.473386954608674415e+00,-3.535011639447367404e+00,2.799271664692657868e+00
3.000000000000000000e+00,1.016000000000000014e+00,-1.468517865999898930e+01,-1.091234789251273973e+01,-7.449918883261639202e+00,-3.522498281833783551e+00,2.811151687504155561e+00
3.000000000000000000e+00,1.020666666666666611e+00,-1.461380778429176353e+01,-1.087045081507023880e+01,-7.426474914556341567e+00,-3.509955025101471726e+00,2.823114391102084397e+00
3.000000000000000000e+00,1.025333333333333430e+00,-1.454276631907099393e+01,-1.082966798063023717e+01,-7.403056142199532452e+00,-3.497382972811470925e+00,2.835158948834726633e+00
3.000000000000000000e+00,1.030000000000000027e+00,-1.447205379708679551e+01,-1.078900594657939038e+01,-7.379663637515188945e+00,-3.484783211317210583e+00,2.847284544593471800e+00
3.000000000000000000e+00,1.034666666666666845e+00,-1.440288915425368010e+01,-1.074846542330932309e+01,-7.356298449753517765e+00,-3.472156809958331536e+00,2.859490372736452457e+00
3.000000000000000000e+00,1.039333333333333442e+00,-1.433434792283098425e+01,-1.070804709605475935e+01,-7.332961606397311094e+00,-3.459504821253622353e+00,2.871775638011653253e+00
3.000000000000000000e+00,1.044000000000000039e+00,-1.426611793153079333e+01,-1.066775162532326959e+01,-7.309577372841624232e+00,-3.446828281093088808e+00,2.884139555479491079e+00
3.000000000000000000e+00,1.048666666666666636e+00,-1.419819877001377506e+01,-1.062757965504711244e+01,-7.286157605913587965e+00,-3.434128211425955701e+00,2.896581352541036658e+00
3.000000000000000000e+00,1.053333333333333455e+00,-1.413058998379213271e+01,-1.058753178976161990e+01,-7.262772165796368640e+00,-3.421405612941125440e+00,2.909100262559346728e+00
3.000000000000000000e+00,1.058000000000000052e+00,-1.406329110596239218e+01,-1.054760861832019891e+01,-7.239421960824294011e+00,-3.408661472784710877e+00,2.921695531063325468e+00
3.000000000000000000e+00,1.062666666666666870e+00,-1.399630164733578397e+01,-1.050781070651738958e+01,-7.216107879391897129e+00,-3.395896762232524235e+00,2.934366413580523858e+00
3.000000000000000000e+00,1.067333333333333467e+00,-1.392962109698315842e+01,-1.046813859749328302e+01,-7.192830790242407346e+00,-3.383112436877101281e+00,2.947112175557806246e+00
3.000000000000000000e+00,1.072000000000000064e+00,-1.386331084685216553e+01,-1.042859281213299028e+01,-7.169591542753505742e+00,-3.370309436813645032e+00,2.959932092281778004e+00
3.000000000000000000e+00,1.076666666666666661e+00,-1.379749805111676508e+01,-1.038917384946106282e+01,-7.146390967220273005e+00,-3.357488686824820157e+00,2.972825448798960934e+00
3.000000000000000000e+00,1.081333333333333258e+00,-1.373198982279133240e+01,-1.034988218703097118e+01,-7.123229875135351108e+00,-3.344651096564408288e+00,2.985791539835795927e+00
3.000000000000000000e+00,1.086000000000000076e+00,-1.366678559299036344e+01,-1.031071828130962587e+01,-7.100109059466308992e+00,-3.331797560739779840e+00,2.998829669718435564e+00
3.000000000000000000e+00,1.090666666666666895e+00,-1.360188478338710993e+01,-1.027168257551211283e+01,-7.077029300066688400e+00,-3.318928961702038993e+00,3.011939154478468161e+00
3.000000000000000000e+00,1.095333333333333492e+00,-1.353728677699083249e+01,-1.023277547754945260e+01,-7.053991348501392977e+00,-3.305915966861931121e+00,3.025119315231997952e+00
3.000000000000000000e+00,1.100000000000000089e+00,-1.347299094845043044e+01,-1.019399738288670498e+01,-7.030995943798698633e+00,-3.292621131668839407e+00,3.038369484621942451e+00
