quantity_index,z,p2p5,p16,median,p84,p97p5
0.000000000000000000e+00,4.000000000000000222e-01,9.725187463996697090e+00,1.050514845402519093e+01,1.115199914221912536e+01,1.197512855093126838e+01,1.311164333762086898e+01
0.000000000000000000e+00,4.046666666666666745e-01,9.842731631083815103e+00,1.061019574277606736e+01,1.124174785578748548e+01,1.204082109852325111e+01,1.316305827225595593e+01
0.000000000000000000e+00,4.093333333333333823e-01,9.958503849185456502e+00,1.072197106780585329e+01,1.133502413163286704e+01,1.211500076376922053e+01,1.321477280206979721e+01
0.000000000000000000e+00,4.140000000000000346e-01,1.007671451633385473e+01,1.081534933777264129e+01,1.142681197734665588e+01,1.218550563842194556e+01,1.326838310890674499e+01
0.000000000000000000e+00,4.186666666666666869e-01,1.019901937422935667e+01,1.091592899738108713e+01,1.151781606341636177e+01,1.224866127434048124e+01,1.330863003310683368e+01
0.000000000000000000e+00,4.233333333333333393e-01,1.032181570520297775e+01,1.101468100962306984e+01,1.160791079286122951e+01,1.231821686471757715e+01,1.334681590628362358e+01
0.000000000000000000e+00,4.280000000000000471e-01,1.042271476310991218e+01,1.111371682444941555e+01,1.169593971292723822e+01,1.239300430954571475e+01,1.340505630571232665e+01
0.000000000000000000e+00,4.326666666666666994e-01,1.053315319810491069e+01,1.121467527995107183e+01,1.178367973207384445e+01,1.245534900511015231e+01,1.346783736065922810e+01
0.000000000000000000e+00,4.373333333333333517e-01,1.063959830782278893e+01,1.132070592731339609e+01,1.187237048099544801e+01,1.253070034616955120e+01,1.352231967221488418e+01
0.000000000000000000e+00,4.420000000000000040e-01,1.074425907158432381e+01,1.141824740406688932e+01,1.196607865347563759e+01,1.260309671093420825e+01,1.357581111125361772e+01
0.000000000000000000e+00,4.466666666666667118e-01,1.085996706533043543e+01,1.151943687235283065e+01,1.205875905513826396e+01,1.267027801142327093e+01,1.363955568509438976e+01
0.000000000000000000e+00,4.513333333333333641e-01,1.097670627327474513e+01,1.161155532100101340e+01,1.214853855169970842e+01,1.274409870575626513e+01,1.369117605300882090e+01
0.000000000000000000e+00,4.560000000000000164e-01,1.108523492569749358e+01,1.171030710222679083e+01,1.223133893294551555e+01,1.281211750319994991e+01,1.373533740501114941e+01
0.000000000000000000e+00,4.606666666666666687e-01,1.119885235769562826e+01,1.180438415986815137e+01,1.232140500168381436e+01,1.287995220406358143e+01,1.378854530998799177e+01
0.000000000000000000e+00,4.653333333333333766e-01,1.130905969594181038e+01,1.189851590452464691e+01,1.240847830403780350e+01,1.295763429603594297e+01,1.382948618738273794e+01
0.000000000000000000e+00,4.700000000000000289e-01,1.141879830784917438e+01,1.199569881088901901e+01,1.249104886240005996e+01,1.302362830050101472e+01,1.386877014449357404e+01
0.000000000000000000e+00,4.746666666666666812e-01,1.152661982930371209e+01,1.208740684753481354e+01,1.257613467317042222e+01,1.309887999983173223e+01,1.390940052191668563e+01
0.000000000000000000e+00,4.793333333333333890e-01,1.163617817369392604e+01,1.217603859279807388e+01,1.265774560886027089e+01,1.315721228706973100e+01,1.394523770030037113e+01
0.000000000000000000e+00,4.840000000000000413e-01,1.173890182576740493e+01,1.226607267306334492e+01,1.274154748347978838e+01,1.321773774527357581e+01,1.399648297186580770e+01
0.000000000000000000e+00,4.886666666666666936e-01,1.184028513930957516e+01,1.236313931094593066e+01,1.282492387332548489e+01,1.329037306009322350e+01,1.406521942996096364e+01
0.000000000000000000e+00,4.933333333333333459e-01,1.193996335470147407e+01,1.245610840747897541e+01,1.291203408541521114e+01,1.336665373693177195e+01,1.412981090809195095e+01
0.000000000000000000e+00,4.979999999999999982e-01,1.203584791691827505e+01,1.255080004530989513e+01,1.299263573401306715e+01,1.342741585263997806e+01,1.419720749052270925e+01
0.000000000000000000e+00,5.026666666666667060e-01,1.213018286432518700e+01,1.264261789291776594e+01,1.307460967940764540e+01,1.349903639829427426e+01,1.425946763543252338e+01
0.000000000000000000e+00,5.073333333333334139e-01,1.222164579823121322e+01,1.272963062222600428e+01,1.315926993502137243e+01,1.357831627191939461e+01,1.431694594958017319e+01
0.000000000000000000e+00,5.120000000000000107e-01,1.232247051008496364e+01,1.282367902587747288e+01,1.324161802925335074e+01,1.365257644442545271e+01,1.436690368448810950e+01
0.000000000000000000e+00,5.166666666666667185e-01,1.241793071419191463e+01,1.291536024602837429e+01,1.332242014253356643e+01,1.372382890552264278e+01,1.441926376509929142e+01
0.000000000000000000e+00,5.213333333333334263e-01,1.251230570561074806e+01,1.299700266651954372e+01,1.340936463899565467e+01,1.380343688647181288e+01,1.447576922034691016e+01
0.000000000000000000e+00,5.260000000000000231e-01,1.260473029919152133e+01,1.309043776109893820e+01,1.349304274946076632e+01,1.387666273394294869e+01,1.453937036541343097e+01
0.000000000000000000e+00,5.306666666666667309e-01,1.270499275741761025e+01,1.317673243638744118e+01,1.357524204244865729e+01,1.395321660468719394e+01,1.460326218546295252e+01
0.000000000000000000e+00,5.353333333333333277e-01,1.280601677994026844e+01,1.326988685915303101e+01,1.365884648050216121e+01,1.402839941217681385e+01,1.466171852988507496e+01
0.000000000000000000e+00,5.400000000000000355e-01,1.290594801609466558e+01,1.335997516593606704e+01,1.374238023507405870e+01,1.410268647828857880e+01,1.472122851140389166e+01
0.000000000000000000e+00,5.446666666666666323e-01,1.300969472194897669e+01,1.345114209044852061e+01,1.382210309288938177e+01,1.417050243774334461e+01,1.478693882477769606e+01
0.000000000000000000e+00,5.493333333333333401e-01,1.310214110210051963e+01,1.353881757430474941e+01,1.390100139453336858e+01,1.424468355281290322e+01,1.484793751435464060e+01
0.000000000000000000e+00,5.540000000000000480e-01,1.319522222122967037e+01,1.362007003423973650e+01,1.398237114341905496e+01,1.432026597443113403e+01,1.490559818232176603e+01
0.000000000000000000e+00,5.586666666666666448e-01,1.328854035768222985e+01,1.370964668435781597e+01,1.406318204286446871e+01,1.439778243099001109e+01,1.496351343954608204e+01
0.000000000000000000e+00,5.633333333333333526e-01,1.338264651725799581e+01,1.379404702807553562e+01,1.414532367664944701e+01,1.448921012546793285e+01,1.502541854242788055e+01
0.000000000000000000e+00,5.680000000000000604e-01,1.347857042636603175e+01,1.387321982877945636e+01,1.422876920091671593e+01,1.456854217172889321e+01,1.508114357967034813e+01
0.000000000000000000e+00,5.726666666666666572e-01,1.356364229999429405e+01,1.395356746689476601e+01,1.431371649807027424e+01,1.464929485000432408e+01,1.514842302872267332e+01
0.000000000000000000e+00,5.773333333333333650e-01,1.364915151647265823e+01,1.403540554864748735e+01,1.439200481239953788e+01,1.472833974895323905e+01,1.521477301837906282e+01
0.000000000000000000e+00,5.820000000000000728e-01,1.372806818105653370e+01,1.412248595248581395e+01,1.447438710950668295e+01,1.481296577932501535e+01,1.526869037606124380e+01
0.000000000000000000e+00,5.866666666666666696e-01,1.380765889986186501e+01,1.420583343685795086e+01,1.455588005605466506e+01,1.489558495821519912e+01,1.534310795123161775e+01
0.000000000000000000e+00,5.913333333333333774e-01,1.388932466888269879e+01,1.428323548555134259e+01,1.463499321316758461e+01,1.498661778276085066e+01,1.542444995763477245e+01
0.000000000000000000e+00,5.960000000000000853e-01,1.398366168512666263e+01,1.436175147179756806e+01,1.471659506272202478e+01,1.507119061199627374e+01,1.551160526109969950e+01
0.000000000000000000e+00,6.006666666666666821e-01,1.406701287585684135e+01,1.444409694773070818e+01,1.480101039095264071e+01,1.515623698435266498e+01,1.559633373763941577e+01
0.000000000000000000e+00,6.053333333333333899e-01,1.415748370631714437e+01,1.452420935841334959e+01,1.488599523900701627e+01,1.524009534747400529e+01,1.567778174038957317e+01
0.000000000000000000e+00,6.100000000000000977e-01,1.423978576112187966e+01,1.460135545964686443e+01,1.496679350815907483e+01,1.533021841930699125e+01,1.576851514820326550e+01
0.000000000000000000e+00,6.146666666666666945e-01,1.432011149321579069e+01,1.467884349892598195e+01,1.505313759614184832e+01,1.541521703437233093e+01,1.585347981177916665e+01
0.000000000000000000e+00,6.193333333333334023e-01,1.440079664879301191e+01,1.475708632292636402e+01,1.513719482897142576e+01,1.549071402917089912e+01,1.593408470930657117e+01
0.000000000000000000e+00,6.240000000000001101e-01,1.447899156855691594e+01,1.483521543454869729e+01,1.521580193161624805e+01,1.557451322271529648e+01,1.601114085461282954e+01
0.000000000000000000e+00,6.286666666666667069e-01,1.455539901966982086e+01,1.490789702232121527e+01,1.530168548186692945e+01,1.566073953685678966e+01,1.608726630445047689e+01
0.000000000000000000e+00,6.333333333333334147e-01,1.463478512917979835e+01,1.498297782612288742e+01,1.538446421446132817e+01,1.574100433718924563e+01,1.617354299915296068e+01
0.000000000000000000e+00,6.380000000000000115e-01,1.471107537045610947e+01,1.506312403047940229e+01,1.546543060127734748e+01,1.582421306343416312e+01,1.624793108945386422e+01
0.000000000000000000e+00,6.426666666666667194e-01,1.479643326023060190e+01,1.514570508354307954e+01,1.555057195046770957e+01,1.591047995029054896e+01,1.633152578629167806e+01
0.000000000000000000e+00,6.473333333333333162e-01,1.486972915614645707e+01,1.522740675067338856e+01,1.563508730164127236e+01,1.599663910720918203e+01,1.642531231649484624e+01
0.000000000000000000e+00,6.520000000000000240e-01,1.493700142857004387e+01,1.530214432680222991e+01,1.571516550874536122e+01,1.608628240333643689e+01,1.651566574561613976e+01
0.000000000000000000e+00,6.566666666666667318e-01,1.500599459486328513e+01,1.538437724153017072e+01,1.580118765563448413e+01,1.617687645346764214e+01,1.660405726052766440e+01
0.000000000000000000e+00,6.613333333333333286e-01,1.507787584745844001e+01,1.546420951934977950e+01,1.588459718310141611e+01,1.626860266343447137e+01,1.667168242680990176e+01
0.000000000000000000e+00,6.660000000000000364e-01,1.515727810404422371e+01,1.554816433401133757e+01,1.596997695568790476e+01,1.635959616317105869e+01,1.676169241992778325e+01
0.000000000000000000e+00,6.706666666666667442e-01,1.523582744912859788e+01,1.562880684775742246e+01,1.605286106608944863e+01,1.644979183218694274e+01,1.685471454638534183e+01
0.000000000000000000e+00,6.753333333333333410e-01,1.531638985884717741e+01,1.571103906962799712e+01,1.613637202019618400e+01,1.654340575549300141e+01,1.694283937580473065e+01
0.000000000000000000e+00,6.800000000000000488e-01,1.539120075435120860e+01,1.578708656683091860e+01,1.622061922129807954e+01,1.663488172880341054e+01,1.703050173004550416e+01
0.000000000000000000e+00,6.846666666666667567e-01,1.546190261336164795e+01,1.586475236087397178e+01,1.630659484865474695e+01,1.671850727064633446e+01,1.712274659462693549e+01
0.000000000000000000e+00,6.893333333333333535e-01,1.553412411029605700e+01,1.594534610364441818e+01,1.638832664128480587e+01,1.680744983099603829e+01,1.720915176297678784e+01
0.000000000000000000e+00,6.940000000000000613e-01,1.560660949708569589e+01,1.602446274530568715e+01,1.647376555083798166e+01,1.690041263587571052e+01,1.730297821069322595e+01
0.000000000000000000e+00,6.986666666666667691e-01,1.566407128107434055e+01,1.609957003661697428e+01,1.656030468029803870e+01,1.698864049136023979e+01,1.739054515753520747e+01
0.000000000000000000e+00,7.033333333333333659e-01,1.572933502563923547e+01,1.617917350541035049e+01,1.664586138654611602e+01,1.708115222298877001e+01,1.748418200782879595e+01
0.000000000000000000e+00,7.080000000000000737e-01,1.580536123938596837e+01,1.625752870174665787e+01,1.673483248399389112e+01,1.717521151217137998e+01,1.757775748851618758e+01
0.000000000000000000e+00,7.126666666666667815e-01,1.588212334826339500e+01,1.634890105210498845e+01,1.681901347067998387e+01,1.726651521841322179e+01,1.767618958630013282e+01
0.000000000000000000e+00,7.173333333333333783e-01,1.595963775875034507e+01,1.643015202539641706e+01,1.690332444256274869e+01,1.736012049740509866e+01,1.776316021872979789e+01
0.000000000000000000e+00,7.219999999999999751e-01,1.603736327017323759e+01,1.651876433046608383e+01,1.699265707538190284e+01,1.745097113996612492e+01,1.785909021897279914e+01
0.000000000000000000e+00,7.266666666666667940e-01,1.611663109577650488e+01,1.660293104034665035e+01,1.707945957204116638e+01,1.754018076699234285e+01,1.795467080599273402e+01
0.000000000000000000e+00,7.313333333333333908e-01,1.619455697090929647e+01,1.668770422774994344e+01,1.716696185301157840e+01,1.762810752824142213e+01,1.804481979768907252e+01
0.000000000000000000e+00,7.359999999999999876e-01,1.627327482832927430e+01,1.676891833103552187e+01,1.725771127153842599e+01,1.771662963766075904e+01,1.813837738034189684e+01
0.000000000000000000e+00,7.406666666666666954e-01,1.635296968226985470e+01,1.685650616140611291e+01,1.734646494284796603e+01,1.780732499330090590e+01,1.823476518919021316e+01
0.000000000000000000e+00,7.453333333333334032e-01,1.643596210478954234e+01,1.694056261431791910e+01,1.743446070769500622e+01,1.789776861967639121e+01,1.833111328533573214e+01
0.000000000000000000e+00,7.500000000000000000e-01,1.652048172436592210e+01,1.702826304557834902e+01,1.752254850353044091e+01,1.799018330086541084e+01,1.842324554612071807e+01
0.000000000000000000e+00,7.546666666666667078e-01,1.660375521587414838e+01,1.711439168237614439e+01,1.761396467798252630e+01,1.808420961989346409e+01,1.851899434026679714e+01
0.000000000000000000e+00,7.593333333333334156e-01,1.668938514919946314e+01,1.720090042561448129e+01,1.770559801181861559e+01,1.817054965100883379e+01,1.861568380140584011e+01
0.000000000000000000e+00,7.640000000000000124e-01,1.677980140913069818e+01,1.729606198619334734e+01,1.779486930923642518e+01,1.826356105694391019e+01,1.871280818643326427e+01
0.000000000000000000e+00,7.686666666666667203e-01,1.686673588028498472e+01,1.738631012487084249e+01,1.788553537234712465e+01,1.835005124308997182e+01,1.881415163551815084e+01
0.000000000000000000e+00,7.733333333333334281e-01,1.695743371809917832e+01,1.747993874756358323e+01,1.797656583606647018e+01,1.844121324005440954e+01,1.890914913866554059e+01
0.000000000000000000e+00,7.780000000000000249e-01,1.704342842949135317e+01,1.756733280878179926e+01,1.806878976368967926e+01,1.853292571351162721e+01,1.900293916555893148e+01
0.000000000000000000e+00,7.826666666666667327e-01,1.713562028766443746e+01,1.765815854226120862e+01,1.815929573951913767e+01,1.862243434532261332e+01,1.909555215922581439e+01
0.000000000000000000e+00,7.873333333333334405e-01,1.723344846721611034e+01,1.775126350523827767e+01,1.825553845777198347e+01,1.871691383107260620e+01,1.919282479547828046e+01
0.000000000000000000e+00,7.920000000000000373e-01,1.732078003525125709e+01,1.784238210872782204e+01,1.835053727637839671e+01,1.881263973480693608e+01,1.928978817250869326e+01
0.000000000000000000e+00,7.966666666666667451e-01,1.741234499633418054e+01,1.793000344302915394e+01,1.844344338103908143e+01,1.890360400306117583e+01,1.938646313918185626e+01
0.000000000000000000e+00,8.013333333333334529e-01,1.750630383061619000e+01,1.802402778999504562e+01,1.853697261388022355e+01,1.899277595891421910e+01,1.948091626767012130e+01
0.000000000000000000e+00,8.060000000000000497e-01,1.759794898612598857e+01,1.812335793617694435e+01,1.863089962797744192e+01,1.908568807225899278e+01,1.957497100994639538e+01
0.000000000000000000e+00,8.106666666666666465e-01,1.769413057536545608e+01,1.822117030531138937e+01,1.872587619219538624e+01,1.918116728867301646e+01,1.966763765372332884e+01
0.000000000000000000e+00,8.153333333333334654e-01,1.779111475646287488e+01,1.831947138309434919e+01,1.882111694716004990e+01,1.927671291250853258e+01,1.976681564601542007e+01
0.000000000000000000e+00,8.200000000000000622e-01,1.788989154663270753e+01,1.841340379816856299e+01,1.891543119020356301e+01,1.937267377594235640e+01,1.986359125462474395e+01
0.000000000000000000e+00,8.246666666666666590e-01,1.798876570093615967e+01,1.851228192725238486e+01,1.901260001424996560e+01,1.945949917592674794e+01,1.996406662502258555e+01
0.000000000000000000e+00,8.293333333333333668e-01,1.808507692310879023e+01,1.861097452902966509e+01,1.911509017475353289e+01,1.955257647239959340e+01,2.006480069850464787e+01
0.000000000000000000e+00,8.340000000000000746e-01,1.818110029436962449e+01,1.870833709688297120e+01,1.921654896274965552e+01,1.965039036637260139e+01,2.016049458867114907e+01
0.000000000000000000e+00,8.386666666666666714e-01,1.829035748630255398e+01,1.880632793398542191e+01,1.931572599120548261e+01,1.974372522220567205e+01,2.025725777955263851e+01
0.000000000000000000e+00,8.433333333333333792e-01,1.839012299992156230e+01,1.891159661120973468e+01,1.940939036796821426e+01,1.984717045372153876e+01,2.035735961517388759e+01
0.000000000000000000e+00,8.480000000000000870e-01,1.849736793904904175e+01,1.901453411982668840e+01,1.950572826240218660e+01,1.994866768099432974e+01,2.046192783181728458e+01
0.000000000000000000e+00,8.526666666666666838e-01,1.859749633842966077e+01,1.911676415054641964e+01,1.960522841510635317e+01,2.005257837946825816e+01,2.056976137872196730e+01
0.000000000000000000e+00,8.573333333333333917e-01,1.870608839886599739e+01,1.921924752569485761e+01,1.970479778123532100e+01,2.014792814042392521e+01,2.066895234879245180e+01
0.000000000000000000e+00,8.620000000000000995e-01,1.881370285184862468e+01,1.932602135419332612e+01,1.980471348357367845e+01,2.025604375440869731e+01,2.076595855091241916e+01
0.000000000000000000e+00,8.666666666666666963e-01,1.892127361508410033e+01,1.942710386221370200e+01,1.990780046771770628e+01,2.035582014697198971e+01,2.086694673798482214e+01
0.000000000000000000e+00,8.713333333333334041e-01,1.902110801151060215e+01,1.953652538214265277e+01,2.000616220618664087e+01,2.045554100643246187e+01,2.095966906504443017e+01
0.000000000000000000e+00,8.760000000000001119e-01,1.911836127366181870e+01,1.964225667487734484e+01,2.011168979147968372e+01,2.056002588609878146e+01,2.106106802208320872e+01
0.000000000000000000e+00,8.806666666666667087e-01,1.921887666263862116e+01,1.974932999082319895e+01,2.021803056031497903e+01,2.066855518306664763e+01,2.116162041774711255e+01
0.000000000000000000e+00,8.853333333333334165e-01,1.931866705501575865e+01,1.985278236839811328e+01,2.031962889015687423e+01,2.076862117091063453e+01,2.126526481823701076e+01
0.000000000000000000e+00,8.900000000000001243e-01,1.942085831725039924e+01,1.995165196988719813e+01,2.042535586018441407e+01,2.087201809359892124e+01,2.135950095273189220e+01
0.000000000000000000e+00,8.946666666666667211e-01,1.953867283726439297e+01,2.004970945263448101e+01,2.053205087690783870e+01,2.097007358566693114e+01,2.148580687277522472e+01
0.000000000000000000e+00,8.993333333333333179e-01,1.964735985097206239e+01,2.015543359886769892e+01,2.063714193103651695e+01,2.108431794666777392e+01,2.160439329010724308e+01
0.000000000000000000e+00,9.040000000000000258e-01,1.975220715616464418e+01,2.025718583335370226e+01,2.073972091392665362e+01,2.120568962970317273e+01,2.171193674309276034e+01
0.000000000000000000e+00,9.086666666666667336e-01,1.987396225177832321e+01,2.036285406058643943e+01,2.083910007935747188e+01,2.131834178560600890e+01,2.182737316490316104e+01
0.000000000000000000e+00,9.133333333333334414e-01,1.999881210601900605e+01,2.046675139842304247e+01,2.095149325694279696e+01,2.143587281260904831e+01,2.193775640581306519e+01
0.000000000000000000e+00,9.180000000000000382e-01,2.012182648822052045e+01,2.056967975234188728e+01,2.106475223253990237e+01,2.155608158550159814e+01,2.205100756454526945e+01
0.000000000000000000e+00,9.226666666666667460e-01,2.025427151003709625e+01,2.067468116319622240e+01,2.117302730893690210e+01,2.167315168434071992e+01,2.215987553269341603e+01
0.000000000000000000e+00,9.273333333333334538e-01,2.037281670929226962e+01,2.078199083890950050e+01,2.128279985380218164e+01,2.178568358316900699e+01,2.227345250374475327e+01
0.000000000000000000e+00,9.320000000000000506e-01,2.047422392269622904e+01,2.089087128411025063e+01,2.140687079779291224e+01,2.190449946503226286e+01,2.239996691545879770e+01
0.000000000000000000e+00,9.366666666666667584e-01,2.057383857541332262e+01,2.100250196806564418e+01,2.151058997577519705e+01,2.202243833796063655e+01,2.253054416799131232e+01
0.000000000000000000e+00,9.413333333333333552e-01,2.065206416073414530e+01,2.111081562957567215e+01,2.162226759509728780e+01,2.213789100764965667e+01,2.267802863694653226e+01
0.000000000000000000e+00,9.460000000000000631e-01,2.074975130198240691e+01,2.121818132256738920e+01,2.172956294936004795e+01,2.226141616943386126e+01,2.281118817911685781e+01
0.000000000000000000e+00,9.506666666666667709e-01,2.082110128971840979e+01,2.132722736422133991e+01,2.183963744606460722e+01,2.239274548276187460e+01,2.295777904858807617e+01
0.000000000000000000e+00,9.553333333333333677e-01,2.090482510026421181e+01,2.142888575713379495e+01,2.195487099596466152e+01,2.251796284360540312e+01,2.310826887413961472e+01
0.000000000000000000e+00,9.600000000000000755e-01,2.100243552015135151e+01,2.154171980161926214e+01,2.206924470638116276e+01,2.264315121285650889e+01,2.325394082687757447e+01
0.000000000000000000e+00,9.646666666666667833e-01,2.109282481686508604e+01,2.165201506917064478e+01,2.219034468411740590e+01,2.277067454215617559e+01,2.340496049602464623e+01
0.000000000000000000e+00,9.693333333333333801e-01,2.118795126992317179e+01,2.176357160377167332e+01,2.231842928175717944e+01,2.289888161847745351e+01,2.356047011321378548e+01
0.000000000000000000e+00,9.740000000000000879e-01,2.127307040559627893e+01,2.188018264037569693e+01,2.243874461065765402e+01,2.303034617107657311e+01,2.371517987391549553e+01
0.000000000000000000e+00,9.786666666666666847e-01,2.135271501830671781e+01,2.199236700183055859e+01,2.256120237039577603e+01,2.316994912748615221e+01,2.386781871258581944e+01
0.000000000000000000e+00,9.833333333333333925e-01,2.142712486832353136e+01,2.209897526899894160e+01,2.268934370576193160e+01,2.331274131757608004e+01,2.403958591060366601e+01
0.000000000000000000e+00,9.880000000000001004e-01,2.150199370089776707e+01,2.220943451391600831e+01,2.281750379777003346e+01,2.346714912406835651e+01,2.419889563415160794e+01
0.000000000000000000e+00,9.926666666666666972e-01,2.157220094116420839e+01,2.231225074402074071e+01,2.294779012878973745e+01,2.360263057920858998e+01,2.437433257826957700e+01
0.000000000000000000e+00,9.973333333333334050e-01,2.164497847480740234e+01,2.240439608879446354e+01,2.307243925995192413e+01,2.374854320902941396e+01,2.455222641257880412e+01
0.000000000000000000e+00,1.002000000000000224e+00,2.171774091045714528e+01,2.250521379344394290e+01,2.320671837873834420e+01,2.390782971671072943e+01,2.472610834796642720e+01
0.000000000000000000e+00,1.006666666666666821e+00,2.179048486502756532e+01,2.260554636286008190e+01,2.333329787897973873e+01,2.405410892299341086e+01,2.490944580323557389e+01
0.000000000000000000e+00,1.011333333333333417e+00,2.186557840661476604e+01,2.271597664560642471e+01,2.345304139981445957e+01,2.419953598144683937e+01,2.510989120451061396e+01
0.000000000000000000e+00,1.016000000000000014e+00,2.193589951560897333e+01,2.282058227637577374e+01,2.358118601332398612e+01,2.435478214423458709e+01,2.530498628298592578e+01
0.000000000000000000e+00,1.020666666666666611e+00,2.200859493782182597e+01,2.292237329441380567e+01,2.371292951187338716e+01,2.450594458701029410e+01,2.549979193270514699e+01
0.000000000000000000e+00,1.025333333333333430e+00,2.208128602458568324e+01,2.302018932353682246e+01,2.384249106972586674e+01,2.465966839076953221e+01,2.569572141292935186e+01
0.000000000000000000e+00,1.030000000000000027e+00,2.214515242037163389e+01,2.311955392427756451e+01,2.397556468404042462e+01,2.481431253884712262e+01,2.589606871840106095e+01
0.000000000000000000e+00,1.034666666666666845e+00,2.220412235175897919e+01,2.322236751410626354e+01,2.411697736578624784e+01,2.497887241969014838e+01,2.611217346254223415e+01
0.000000000000000000e+00,1.039333333333333442e+00,2.226726506374705394e+01,2.332701140277342944e+01,2.425685043645827221e+01,2.514424825532458030e+01,2.631688883046106398e+01
0.000000000000000000e+00,1.044000000000000039e+00,2.232060225116723728e+01,2.343465623943658471e+01,2.438728679698215274e+01,2.530708579197262864e+01,2.652440251434997975e+01
0.000000000000000000e+00,1.048666666666666636e+00,2.237239739013454809e+01,2.353937250847523899e+01,2.452162043515894396e+01,2.549074422684041608e+01,2.675882063045047943e+01
0.000000000000000000e+00,1.053333333333333455e+00,2.241296088424788024e+01,2.364448539935246885e+01,2.465913789946329970e+01,2.566753600714718431e+01,2.699306065508112695e+01
0.000000000000000000e+00,1.058000000000000052e+00,2.245118662014897382e+01,2.373612230225491260e+01,2.480039311505364452e+01,2.584416843173877254e+01,2.723283691225342551e+01
0.000000000000000000e+00,1.062666666666666870e+00,2.249240149180556614e+01,2.383311826746985318e+01,2.494248176881246692e+01,2.602803411344502038e+01,2.745978776186597514e+01
0.000000000000000000e+00,1.067333333333333467e+00,2.254163768574185056e+01,2.393594738571099612e+01,2.507968982352090848e+01,2.621438645658037814e+01,2.767872860759457510e+01
0.000000000000000000e+00,1.072000000000000064e+00,2.259803470166372819e+01,2.404587785545061607e+01,2.522113406038085515e+01,2.641746039227966136e+01,2.791063446323868291e+01
0.000000000000000000e+00,1.076666666666666661e+00,2.265602268057108404e+01,2.414857352483937802e+01,2.536594292936791106e+01,2.660770398506071643e+01,2.816935166902435128e+01
0.000000000000000000e+00,1.081333333333333258e+00,2.273938562548322651e+01,2.425543085806001642e+01,2.551331430281176438e+01,2.680789253944240258e+01,2.843488555372759663e+01
0.000000000000000000e+00,1.086000000000000076e+00,2.281075544310886016e+01,2.437177524196317435e+01,2.566121778577069534e+01,2.700577403411523747e+01,2.870677272268389402e+01
0.000000000000000000e+00,1.090666666666666895e+00,2.286359185801143923e+01,2.446879716311587671e+01,2.582041452846524976e+01,2.720839682160272233e+01,2.900449383429662831e+01
0.000000000000000000e+00,1.095333333333333492e+00,2.291603716185625927e+01,2.457449631880972163e+01,2.598966806522729911e+01,2.740451565431437686e+01,2.930626814982011297e+01
0.000000000000000000e+00,1.100000000000000089e+00,2.296809197931785107e+01,2.467498564210174550e+01,2.615180735842548643e+01,2.759541871057245999e+01,2.959690890596941060e+01
1.000000000000000000e+00,4.000000000000000222e-01,1.739528627128769855e+01,1.950084623513345150e+01,2.207321664337210620e+01,2.529178761675618503e+01,2.858970476571093755e+01
1.000000000000000000e+00,4.046666666666666745e-01,1.755483364748585728e+01,1.958422837225041491e+01,2.210365605257017307e+01,2.521442095674755990e+01,2.845371728604152040e+01
1.000000000000000000e+00,4.093333333333333823e-01,1.765409990846004007e+01,1.968476953933958740e+01,2.211577579240881164e+01,2.513521721936935549e+01,2.832695073364661908e+01
1.000000000000000000e+00,4.140000000000000346e-01,1.776303364907430193e+01,1.979191681660968882e+01,2.213175190339518750e+01,2.502836776371637839e+01,2.814135208469376082e+01
1.000000000000000000e+00,4.186666666666666869e-01,1.788675670368120052e+01,1.987440222277052015e+01,2.214704498976497860e+01,2.493495486668054895e+01,2.798356399967532582e+01
1.000000000000000000e+00,4.233333333333333393e-01,1.800766570430308988e+01,1.998919378920571432e+01,2.214695773663002143e+01,2.485219026456142899e+01,2.783298164684220666e+01
1.000000000000000000e+00,4.280000000000000471e-01,1.812642418059969529e+01,2.005922364888265719e+01,2.217078675197092963e+01,2.481230323571841012e+01,2.773317095466997273e+01
1.000000000000000000e+00,4.326666666666666994e-01,1.825940082966526390e+01,2.014470792832221946e+01,2.219006237954486949e+01,2.473958700579118286e+01,2.761457636079956046e+01
1.000000000000000000e+00,4.373333333333333517e-01,1.836274908696341512e+01,2.021064070771670629e+01,2.220946883699685515e+01,2.467449792630325689e+01,2.744383746398861490e+01
1.000000000000000000e+00,4.420000000000000040e-01,1.849373707355316299e+01,2.028354557930337165e+01,2.223698948220841842e+01,2.459131990893027364e+01,2.727842352579227381e+01
1.000000000000000000e+00,4.466666666666667118e-01,1.863136256847014849e+01,2.036185951638925573e+01,2.223566187823642792e+01,2.452251738151499794e+01,2.714241237351419045e+01
1.000000000000000000e+00,4.513333333333333641e-01,1.874800037501427497e+01,2.045992636297288669e+01,2.224086296740286173e+01,2.447054273232848232e+01,2.700343361535773212e+01
1.000000000000000000e+00,4.560000000000000164e-01,1.886630699248546961e+01,2.054473567708560822e+01,2.224940150268778538e+01,2.439454970147726698e+01,2.686681368715415630e+01
1.000000000000000000e+00,4.606666666666666687e-01,1.897420203825310381e+01,2.059848115075564934e+01,2.226092845765302997e+01,2.435760889667307083e+01,2.672367421060522119e+01
1.000000000000000000e+00,4.653333333333333766e-01,1.906999824330276638e+01,2.064184872159207984e+01,2.225770753468993135e+01,2.431579990553963810e+01,2.662679298247419268e+01
1.000000000000000000e+00,4.700000000000000289e-01,1.916539576561611469e+01,2.071375657910536106e+01,2.227116810345555109e+01,2.427284028728907117e+01,2.653038287855595811e+01
1.000000000000000000e+00,4.746666666666666812e-01,1.925340380858425959e+01,2.075861489614400313e+01,2.229281526790182610e+01,2.423264376057252889e+01,2.640511338746042824e+01
1.000000000000000000e+00,4.793333333333333890e-01,1.935466592713618894e+01,2.083777244262564921e+01,2.231242814159362808e+01,2.416676693762560291e+01,2.631403552687126179e+01
1.000000000000000000e+00,4.840000000000000413e-01,1.946185397760991265e+01,2.089566759883141955e+01,2.232186626931721207e+01,2.411763890561179124e+01,2.618720929600989678e+01
1.000000000000000000e+00,4.886666666666666936e-01,1.955897708726053708e+01,2.094571847488609251e+01,2.229819262042786576e+01,2.408193939177254705e+01,2.603391233989604459e+01
1.000000000000000000e+00,4.933333333333333459e-01,1.964326949649083787e+01,2.100061666057934318e+01,2.231556124444625766e+01,2.404764491773526913e+01,2.591276229390249952e+01
1.000000000000000000e+00,4.979999999999999982e-01,1.972842406112363278e+01,2.104503168142158032e+01,2.233070919033737312e+01,2.399935911234068442e+01,2.583312957096735474e+01
1.000000000000000000e+00,5.026666666666667060e-01,1.980472828481834568e+01,2.107300583043097220e+01,2.235387716813477255e+01,2.394523149300636078e+01,2.576114963868224095e+01
1.000000000000000000e+00,5.073333333333334139e-01,1.987743224214292326e+01,2.112031347287921434e+01,2.234310128781240223e+01,2.389195291577652114e+01,2.566495909478887683e+01
1.000000000000000000e+00,5.120000000000000107e-01,1.995739486983263333e+01,2.112639294264785050e+01,2.235392688161368113e+01,2.383779564814123830e+01,2.554867867952034999e+01
1.000000000000000000e+00,5.166666666666667185e-01,2.003147908187087722e+01,2.116867856782605273e+01,2.235221449631076851e+01,2.378033508302693733e+01,2.538891150075658487e+01
1.000000000000000000e+00,5.213333333333334263e-01,2.010140275617929717e+01,2.118152256847632842e+01,2.236219094420621190e+01,2.372599068162873337e+01,2.529421576848192643e+01
1.000000000000000000e+00,5.260000000000000231e-01,2.016256132289343839e+01,2.118384060576309835e+01,2.236883016695132298e+01,2.368903713170768555e+01,2.520540079410887202e+01
1.000000000000000000e+00,5.306666666666667309e-01,2.020787314507326116e+01,2.120644471958797794e+01,2.237358047856824328e+01,2.364903137505353570e+01,2.512665526710942743e+01
1.000000000000000000e+00,5.353333333333333277e-01,2.025987088626806454e+01,2.122814312299120942e+01,2.237321887286097422e+01,2.360928957043193677e+01,2.502352581252980102e+01
1.000000000000000000e+00,5.400000000000000355e-01,2.030090921355719402e+01,2.125242118716059991e+01,2.237411383347961191e+01,2.357503561763576627e+01,2.493107282314073103e+01
1.000000000000000000e+00,5.446666666666666323e-01,2.036017860776097166e+01,2.124259825607653340e+01,2.237671590926933618e+01,2.353992748876078878e+01,2.480125198156228805e+01
1.000000000000000000e+00,5.493333333333333401e-01,2.038953052816960110e+01,2.124154533903817565e+01,2.238374150865217160e+01,2.349824072568020483e+01,2.472193193682889856e+01
1.000000000000000000e+00,5.540000000000000480e-01,2.042901838044614848e+01,2.125109985644158073e+01,2.238925548060005966e+01,2.347188157972951217e+01,2.465720244984018805e+01
1.000000000000000000e+00,5.586666666666666448e-01,2.048495892324872258e+01,2.125580725050840769e+01,2.240171477279868029e+01,2.343663727045591116e+01,2.454477732340416196e+01
1.000000000000000000e+00,5.633333333333333526e-01,2.051483232366073040e+01,2.127117965740149330e+01,2.238913863546185468e+01,2.343962923639883655e+01,2.446488688364198083e+01
1.000000000000000000e+00,5.680000000000000604e-01,2.051948135991678157e+01,2.127209872082633879e+01,2.238500598512443673e+01,2.341253477242914727e+01,2.436976395337766377e+01
1.000000000000000000e+00,5.726666666666666572e-01,2.051399487739296035e+01,2.127308997265435053e+01,2.237891882547751976e+01,2.338245992472457857e+01,2.427936224748339100e+01
1.000000000000000000e+00,5.773333333333333650e-01,2.052928215348983088e+01,2.126400010270712571e+01,2.237214317782097339e+01,2.335570060984002438e+01,2.422118540105142515e+01
1.000000000000000000e+00,5.820000000000000728e-01,2.050853679568223953e+01,2.125576079274345531e+01,2.234172708412845054e+01,2.333088097846459874e+01,2.415883368165787459e+01
1.000000000000000000e+00,5.866666666666666696e-01,2.047119061803883611e+01,2.124485808728982050e+01,2.231704262793279270e+01,2.331323563671767474e+01,2.412654762951623155e+01
1.000000000000000000e+00,5.913333333333333774e-01,2.044099943624222604e+01,2.124873974478564875e+01,2.229767467333029174e+01,2.327365209639157229e+01,2.408592312611720132e+01
1.000000000000000000e+00,5.960000000000000853e-01,2.040140735401719496e+01,2.124334700003911536e+01,2.227005785923976688e+01,2.326206768039148187e+01,2.404239032571872414e+01
1.000000000000000000e+00,6.006666666666666821e-01,2.038175120973983567e+01,2.124452172094947144e+01,2.223696477766402069e+01,2.323160540176329647e+01,2.402242185229934179e+01
1.000000000000000000e+00,6.053333333333333899e-01,2.035382250220232336e+01,2.124903836827132153e+01,2.222435392163860257e+01,2.321345036979748144e+01,2.396784288592295198e+01
1.000000000000000000e+00,6.100000000000000977e-01,2.031124984739116357e+01,2.124412322736144532e+01,2.218805034072204307e+01,2.319854582547894495e+01,2.395025820066389954e+01
1.000000000000000000e+00,6.146666666666666945e-01,2.027149441281247277e+01,2.121766518183943973e+01,2.215677548823284937e+01,2.317446161497279178e+01,2.396029618471484923e+01
1.000000000000000000e+00,6.193333333333334023e-01,2.024676204372874722e+01,2.121305950908740812e+01,2.213469182200826779e+01,2.314779382055380097e+01,2.394747947273601696e+01
1.000000000000000000e+00,6.240000000000001101e-01,2.023702339224345437e+01,2.118071207708287673e+01,2.211489081751010488e+01,2.313133589032736381e+01,2.393283218685235525e+01
1.000000000000000000e+00,6.286666666666667069e-01,2.022235439291736370e+01,2.114843906493725711e+01,2.209435915688364815e+01,2.310958123910068451e+01,2.391480544553832388e+01
1.000000000000000000e+00,6.333333333333334147e-01,2.018212383535966836e+01,2.113676302948926278e+01,2.205502873123420926e+01,2.307391909594587531e+01,2.388742160903838396e+01
1.000000000000000000e+00,6.380000000000000115e-01,2.013015908920487007e+01,2.110706451122493732e+01,2.202292335086220021e+01,2.304727478315210476e+01,2.386574927404992152e+01
1.000000000000000000e+00,6.426666666666667194e-01,2.008610267013294859e+01,2.109945368500000384e+01,2.198074765968962652e+01,2.300855793123727366e+01,2.386465337953464783e+01
1.000000000000000000e+00,6.473333333333333162e-01,2.003415863260369534e+01,2.106859309606706532e+01,2.193758900791437938e+01,2.298614370862430434e+01,2.385258580495989378e+01
1.000000000000000000e+00,6.520000000000000240e-01,1.999171912399502915e+01,2.103986174956816413e+01,2.190459443020763075e+01,2.296046592566664657e+01,2.382947819357793762e+01
1.000000000000000000e+00,6.566666666666667318e-01,1.995644636811705652e+01,2.099845850864397079e+01,2.187312056686340611e+01,2.292588052934896226e+01,2.379000678304901939e+01
1.000000000000000000e+00,6.613333333333333286e-01,1.992723332336903397e+01,2.095267441293254507e+01,2.183869193291559441e+01,2.289295371512656629e+01,2.378951960873105165e+01
1.000000000000000000e+00,6.660000000000000364e-01,1.988981924378439814e+01,2.091557510890629601e+01,2.181193795238124267e+01,2.286319898524088856e+01,2.379285323289987986e+01
1.000000000000000000e+00,6.706666666666667442e-01,1.984477278638788178e+01,2.087302004841433600e+01,2.178025499548605026e+01,2.283098888888105549e+01,2.376912901035187886e+01
1.000000000000000000e+00,6.753333333333333410e-01,1.979373017727636963e+01,2.083413418984766352e+01,2.173615421052449648e+01,2.279218414812260463e+01,2.374097461430958944e+01
1.000000000000000000e+00,6.800000000000000488e-01,1.975429763288882157e+01,2.078596540506791612e+01,2.170263000348586502e+01,2.276027179281388513e+01,2.372395160841624318e+01
1.000000000000000000e+00,6.846666666666667567e-01,1.971242019647627330e+01,2.073875713768228124e+01,2.166150188420650124e+01,2.272445675611929161e+01,2.370428717532773533e+01
1.000000000000000000e+00,6.893333333333333535e-01,1.967477890654939188e+01,2.070810520979476266e+01,2.161948119941578739e+01,2.267560491789699384e+01,2.368570034958169401e+01
1.000000000000000000e+00,6.940000000000000613e-01,1.963487485420787948e+01,2.066050648932195699e+01,2.158862601733915199e+01,2.263381741104180733e+01,2.365773857299151217e+01
1.000000000000000000e+00,6.986666666666667691e-01,1.958382266239785352e+01,2.062269293657638158e+01,2.156194097237056440e+01,2.259909269683798883e+01,2.363821810297541504e+01
1.000000000000000000e+00,7.033333333333333659e-01,1.954754339363203286e+01,2.057833918174502585e+01,2.152230888388739061e+01,2.257143865704502517e+01,2.361570600334452408e+01
1.000000000000000000e+00,7.080000000000000737e-01,1.949055603078560850e+01,2.053636419725647499e+01,2.149303915689268507e+01,2.253189514054871267e+01,2.358792653490812086e+01
1.000000000000000000e+00,7.126666666666667815e-01,1.943638256679605192e+01,2.048643717971904366e+01,2.146590780535584031e+01,2.248522742682105502e+01,2.354733917486085204e+01
1.000000000000000000e+00,7.173333333333333783e-01,1.938561582877460765e+01,2.043656101332515718e+01,2.141458122075806614e+01,2.244380755300276320e+01,2.351397659837396148e+01
1.000000000000000000e+00,7.219999999999999751e-01,1.932841310957904923e+01,2.038935504622828887e+01,2.137003307531885810e+01,2.238943716396016725e+01,2.348635285598632194e+01
1.000000000000000000e+00,7.266666666666667940e-01,1.928084840846406323e+01,2.034006468423809366e+01,2.132054784051487317e+01,2.233235004302686022e+01,2.344505105861780336e+01
1.000000000000000000e+00,7.313333333333333908e-01,1.923374120684017896e+01,2.029083869725083034e+01,2.127818076724202712e+01,2.227815406061437642e+01,2.338788802352712537e+01
1.000000000000000000e+00,7.359999999999999876e-01,1.919636074222403010e+01,2.023724268418590810e+01,2.123189601013987726e+01,2.223235653368743314e+01,2.334832536438927519e+01
1.000000000000000000e+00,7.406666666666666954e-01,1.914587575743677661e+01,2.018682227381130545e+01,2.117509730292476888e+01,2.219088611858674653e+01,2.330645281461666940e+01
1.000000000000000000e+00,7.453333333333334032e-01,1.910739129950760784e+01,2.013307693772866358e+01,2.112620789615380446e+01,2.213030144119450782e+01,2.325205407068609986e+01
1.000000000000000000e+00,7.500000000000000000e-01,1.905132937111228131e+01,2.008246509764563470e+01,2.107807465893659327e+01,2.209069520360483097e+01,2.320172164118699598e+01
1.000000000000000000e+00,7.546666666666667078e-01,1.899565780641229296e+01,2.003131988103512029e+01,2.103351335922720011e+01,2.204849964219694769e+01,2.316754844503659427e+01
1.000000000000000000e+00,7.593333333333334156e-01,1.894917880776507602e+01,1.998334688155551220e+01,2.098027118519443235e+01,2.198512578930634120e+01,2.310743587375613473e+01
1.000000000000000000e+00,7.640000000000000124e-01,1.892240831920683419e+01,1.993538161407620635e+01,2.092523336728589456e+01,2.192432703140721983e+01,2.303768810076238438e+01
1.000000000000000000e+00,7.686666666666667203e-01,1.889584796261438626e+01,1.988496877545684072e+01,2.087047718201246127e+01,2.186378938657340143e+01,2.296868857459931945e+01
1.000000000000000000e+00,7.733333333333334281e-01,1.886454057924082761e+01,1.982194333401410091e+01,2.081416345609306973e+01,2.181165353036047350e+01,2.289396912430518682e+01
1.000000000000000000e+00,7.780000000000000249e-01,1.882654084661925964e+01,1.977404641957303610e+01,2.075646650760391765e+01,2.174292319575444310e+01,2.282298124821349461e+01
1.000000000000000000e+00,7.826666666666667327e-01,1.878953240868240471e+01,1.972119887242932279e+01,2.069446595375556797e+01,2.168950416920727520e+01,2.274128487463475068e+01
1.000000000000000000e+00,7.873333333333334405e-01,1.876203206863903006e+01,1.966206671999944078e+01,2.063606395430520024e+01,2.162763544222792333e+01,2.266124230938644146e+01
1.000000000000000000e+00,7.920000000000000373e-01,1.873141247071087889e+01,1.961461392939290960e+01,2.057969287359177457e+01,2.156491381262309304e+01,2.257994748454402512e+01
1.000000000000000000e+00,7.966666666666667451e-01,1.869300984139384170e+01,1.956031785456731598e+01,2.051951643229064359e+01,2.149501471344288817e+01,2.250414079221760844e+01
1.000000000000000000e+00,8.013333333333334529e-01,1.864462607270989380e+01,1.950413286624616305e+01,2.046073690340224971e+01,2.142022540949670883e+01,2.243485823490045306e+01
1.000000000000000000e+00,8.060000000000000497e-01,1.860701666888387606e+01,1.946125857621887789e+01,2.039274556930676141e+01,2.134388127563251558e+01,2.235632113286121481e+01
1.000000000000000000e+00,8.106666666666666465e-01,1.856791441255399278e+01,1.942060780614862026e+01,2.033347839897680842e+01,2.126614338192256426e+01,2.227964537493345887e+01
1.000000000000000000e+00,8.153333333333334654e-01,1.852681294345378760e+01,1.936064671844582818e+01,2.027184738820066556e+01,2.119264857105478228e+01,2.219844375720825269e+01
1.000000000000000000e+00,8.200000000000000622e-01,1.848876092787666536e+01,1.931666720768392054e+01,2.020888497703793263e+01,2.112071026569223164e+01,2.212594350439895408e+01
1.000000000000000000e+00,8.246666666666666590e-01,1.844186296816728898e+01,1.925944639771516620e+01,2.014794561465976486e+01,2.104961996354435172e+01,2.204294444551661414e+01
1.000000000000000000e+00,8.293333333333333668e-01,1.839262206420117707e+01,1.920717534575432595e+01,2.008186859045225958e+01,2.096730422628480994e+01,2.194852484723779185e+01
1.000000000000000000e+00,8.340000000000000746e-01,1.835096612011728823e+01,1.915464529877044342e+01,2.001386907327509945e+01,2.089601806724773425e+01,2.185418363349433690e+01
1.000000000000000000e+00,8.386666666666666714e-01,1.830306962174419283e+01,1.908834190321761781e+01,1.994943966865406182e+01,2.082581275690740696e+01,2.175128595835585088e+01
1.000000000000000000e+00,8.433333333333333792e-01,1.825862985767853175e+01,1.902756312801922434e+01,1.988163996031073211e+01,2.074843965516999234e+01,2.164550259675084121e+01
1.000000000000000000e+00,8.480000000000000870e-01,1.820739024985897814e+01,1.897234435641161809e+01,1.981398819207637274e+01,2.064639798065969600e+01,2.154090399535377998e+01
1.000000000000000000e+00,8.526666666666666838e-01,1.814952354944582069e+01,1.891895389721288723e+01,1.974220078250691301e+01,2.056575988782823572e+01,2.147064622412611712e+01
1.000000000000000000e+00,8.573333333333333917e-01,1.810105394862485539e+01,1.887528094536900269e+01,1.967266054761505245e+01,2.048871928353535310e+01,2.139922236309118020e+01
1.000000000000000000e+00,8.620000000000000995e-01,1.804306407918031141e+01,1.881268795430798590e+01,1.960336965323547531e+01,2.040804294096378513e+01,2.132340142627578672e+01
1.000000000000000000e+00,8.666666666666666963e-01,1.799643949658193165e+01,1.876084091748899851e+01,1.953350393600488388e+01,2.033078481047483166e+01,2.122628270436710451e+01
1.000000000000000000e+00,8.713333333333334041e-01,1.795341877802695763e+01,1.870918418942080308e+01,1.946762916216934869e+01,2.023737623214850956e+01,2.114365871088809001e+01
1.000000000000000000e+00,8.760000000000001119e-01,1.790268043405010090e+01,1.864959892775427619e+01,1.938352283486865701e+01,2.015922222903285643e+01,2.106675914357684931e+01
1.000000000000000000e+00,8.806666666666667087e-01,1.785238798086916745e+01,1.859190531423418946e+01,1.930540241212499097e+01,2.008905614823313712e+01,2.099943550494431932e+01
1.000000000000000000e+00,8.853333333333334165e-01,1.780688576245974275e+01,1.852839252226582900e+01,1.922552459702191641e+01,2.001768620225223927e+01,2.093231637723339844e+01
1.000000000000000000e+00,8.900000000000001243e-01,1.775567287990418208e+01,1.845868832512158875e+01,1.914383971111038107e+01,1.994930339890013116e+01,2.084963011992484994e+01
1.000000000000000000e+00,8.946666666666667211e-01,1.771284322734300787e+01,1.838719489710420518e+01,1.906914011960639144e+01,1.986486025751221973e+01,2.076235056230159870e+01
1.000000000000000000e+00,8.993333333333333179e-01,1.764924738432400986e+01,1.833349561530524596e+01,1.899228119240465773e+01,1.978913487316651043e+01,2.068469314874583986e+01
1.000000000000000000e+00,9.040000000000000258e-01,1.758928641421562133e+01,1.828104380585275734e+01,1.891093226829794816e+01,1.970963650032579650e+01,2.059743034921861238e+01
1.000000000000000000e+00,9.086666666666667336e-01,1.754531009790250096e+01,1.820472110228265805e+01,1.883350138120071193e+01,1.963409009881599232e+01,2.051377368034454562e+01
1.000000000000000000e+00,9.133333333333334414e-01,1.748896345725595936e+01,1.813160489990268687e+01,1.876087593875822890e+01,1.955943504970947444e+01,2.043074309410127753e+01
1.000000000000000000e+00,9.180000000000000382e-01,1.742906070983558564e+01,1.807346631754663946e+01,1.867918012016518858e+01,1.947235811686967821e+01,2.034627689361655811e+01
1.000000000000000000e+00,9.226666666666667460e-01,1.737531458682477492e+01,1.800392169292849331e+01,1.859432424457442323e+01,1.938713101937617012e+01,2.026678449911687707e+01
1.000000000000000000e+00,9.273333333333334538e-01,1.730124660716135310e+01,1.793438761376674861e+01,1.851700305292257553e+01,1.930020010302806099e+01,2.016211674298196854e+01
1.000000000000000000e+00,9.320000000000000506e-01,1.723877305421412842e+01,1.784657720480158716e+01,1.844699349894002083e+01,1.923116299648572536e+01,2.009413251999209038e+01
1.000000000000000000e+00,9.366666666666667584e-01,1.715852991057293764e+01,1.776208912159352948e+01,1.837387500923076189e+01,1.917271767002626248e+01,2.002031543632113753e+01
1.000000000000000000e+00,9.413333333333333552e-01,1.705210776253163019e+01,1.767447036830255414e+01,1.829215211321646706e+01,1.909949243385118933e+01,1.995802616583568678e+01
1.000000000000000000e+00,9.460000000000000631e-01,1.694676895198559308e+01,1.759198212699971364e+01,1.821479643254142644e+01,1.903640369986839431e+01,1.990299745263098785e+01
1.000000000000000000e+00,9.506666666666667709e-01,1.686192868294963532e+01,1.750047400715784107e+01,1.813109590213845479e+01,1.897104235462929012e+01,1.985548661289156769e+01
1.000000000000000000e+00,9.553333333333333677e-01,1.674404389882813149e+01,1.742579918866370292e+01,1.805601337080937796e+01,1.888918636668889661e+01,1.978857105116710358e+01
1.000000000000000000e+00,9.600000000000000755e-01,1.660787328071102920e+01,1.733971019423302451e+01,1.797368889349223053e+01,1.882352922967331565e+01,1.973703327860323498e+01
1.000000000000000000e+00,9.646666666666667833e-01,1.649197560031870680e+01,1.725827597339392483e+01,1.789422677406984263e+01,1.877539357975324563e+01,1.969113032047338763e+01
1.000000000000000000e+00,9.693333333333333801e-01,1.639416884065603952e+01,1.716341374745512383e+01,1.782011329188895843e+01,1.871632976638832702e+01,1.966179889786049984e+01
1.000000000000000000e+00,9.740000000000000879e-01,1.626365920352605698e+01,1.706831269079968649e+01,1.774999104243275383e+01,1.866631353502594592e+01,1.963318554668137139e+01
1.000000000000000000e+00,9.786666666666666847e-01,1.611212359202511379e+01,1.696651246994413853e+01,1.768820972100773048e+01,1.859461089261462874e+01,1.957380105484292798e+01
1.000000000000000000e+00,9.833333333333333925e-01,1.599632951401460090e+01,1.686487922521409288e+01,1.761386810099280353e+01,1.854300462353184997e+01,1.951808072533552973e+01
1.000000000000000000e+00,9.880000000000001004e-01,1.587464542013661806e+01,1.676247194211535430e+01,1.753245636631365301e+01,1.845462142057574795e+01,1.945525417016595782e+01
1.000000000000000000e+00,9.926666666666666972e-01,1.572416606413982443e+01,1.666464759360192716e+01,1.745564824840787566e+01,1.838398564493184750e+01,1.941293238479444838e+01
1.000000000000000000e+00,9.973333333333334050e-01,1.557255524255357493e+01,1.655931965540883155e+01,1.738516246232767060e+01,1.833363679278827618e+01,1.937745079721384656e+01
1.000000000000000000e+00,1.002000000000000224e+00,1.542485184705079249e+01,1.645400746407393200e+01,1.731097027445596837e+01,1.826911522116546394e+01,1.937589289969115924e+01
1.000000000000000000e+00,1.006666666666666821e+00,1.527797297460963399e+01,1.634000837418054175e+01,1.723374813196421940e+01,1.822287874847968325e+01,1.936723145299358961e+01
1.000000000000000000e+00,1.011333333333333417e+00,1.512304361034341227e+01,1.622287963610735062e+01,1.716360812233991595e+01,1.817253362547788242e+01,1.932825191246316265e+01
1.000000000000000000e+00,1.016000000000000014e+00,1.496293572957210039e+01,1.610077586251180648e+01,1.708694601635302845e+01,1.812474563002383476e+01,1.931138853318526927e+01
1.000000000000000000e+00,1.020666666666666611e+00,1.479806044448479696e+01,1.597310129456221439e+01,1.701240181988762856e+01,1.805808628963317375e+01,1.931771457268213155e+01
1.000000000000000000e+00,1.025333333333333430e+00,1.464273250082340283e+01,1.585996086233934754e+01,1.692718094366185966e+01,1.799145305822730023e+01,1.932464123980785331e+01
1.000000000000000000e+00,1.030000000000000027e+00,1.448681253944152481e+01,1.573447852989155571e+01,1.683530995870009406e+01,1.793728306417228069e+01,1.930581469925865079e+01
1.000000000000000000e+00,1.034666666666666845e+00,1.433407722958547303e+01,1.562084584698019718e+01,1.676163991299200973e+01,1.788422603023828827e+01,1.931288203330903031e+01
1.000000000000000000e+00,1.039333333333333442e+00,1.417375326855459328e+01,1.549241816589425191e+01,1.668203371812533931e+01,1.782881703022655628e+01,1.929809719652831390e+01
1.000000000000000000e+00,1.044000000000000039e+00,1.400939642869909285e+01,1.537570038342143341e+01,1.660087133108250868e+01,1.776722284982363576e+01,1.930074628177313656e+01
1.000000000000000000e+00,1.048666666666666636e+00,1.384876796524152986e+01,1.526076727318041293e+01,1.652612623783659984e+01,1.771241539476345750e+01,1.931238198100934866e+01
1.000000000000000000e+00,1.053333333333333455e+00,1.369279018051193653e+01,1.513831056631772931e+01,1.643389034829684903e+01,1.765351319786302753e+01,1.931800848049864072e+01
1.000000000000000000e+00,1.058000000000000052e+00,1.352261214991859717e+01,1.500736201097336675e+01,1.634806784060657492e+01,1.759319443289008333e+01,1.932711786623611872e+01
1.000000000000000000e+00,1.062666666666666870e+00,1.337654205488155945e+01,1.490444697843689248e+01,1.626073238689755129e+01,1.754173358814408346e+01,1.933150339392985018e+01
1.000000000000000000e+00,1.067333333333333467e+00,1.322926614869149198e+01,1.478285116551407796e+01,1.616636928642603266e+01,1.749203170087319847e+01,1.934680119972117751e+01
1.000000000000000000e+00,1.072000000000000064e+00,1.307527142840629963e+01,1.465626370656313959e+01,1.607948181670886711e+01,1.744514810390542081e+01,1.935794984727315438e+01
1.000000000000000000e+00,1.076666666666666661e+00,1.292493584441112731e+01,1.452862283024821366e+01,1.600119136435618827e+01,1.741493781893814941e+01,1.936950203061826770e+01
1.000000000000000000e+00,1.081333333333333258e+00,1.276290152376320819e+01,1.441126002460269895e+01,1.591683932584023786e+01,1.738540681272777633e+01,1.938162469780559505e+01
1.000000000000000000e+00,1.086000000000000076e+00,1.260572162706284693e+01,1.427650927011212545e+01,1.583380072950036599e+01,1.734320753705916118e+01,1.940489328928869384e+01
1.000000000000000000e+00,1.090666666666666895e+00,1.245577408931919372e+01,1.415206063201837594e+01,1.573342068333030852e+01,1.729154005724501886e+01,1.942142058973148622e+01
1.000000000000000000e+00,1.095333333333333492e+00,1.230612544830177946e+01,1.402705105617903314e+01,1.564281564710447725e+01,1.724941813413652980e+01,1.943537710873208013e+01
1.000000000000000000e+00,1.100000000000000089e+00,1.215657284680615469e+01,1.391601928566189983e+01,1.554349813896760324e+01,1.721136146137704159e+01,1.944993837508205203e+01
2.000000000000000000e+00,4.000000000000000222e-01,9.830394154694930720e+00,1.466452305104566101e+01,1.927824188536963845e+01,2.256044379069824402e+01,2.588024240085560734e+01
2.000000000000000000e+00,4.046666666666666745e-01,9.731822359840107239e+00,1.455007491763199390e+01,1.917998956517345022e+01,2.248617355648498872e+01,2.586381497991726874e+01
2.000000000000000000e+00,4.093333333333333823e-01,9.640407742213444209e+00,1.445720473730073330e+01,1.908531161599390913e+01,2.241949406887309237e+01,2.585869715444834327e+01
2.000000000000000000e+00,4.140000000000000346e-01,9.555992647957200603e+00,1.436461204398796809e+01,1.900789265878868761e+01,2.234069219160220143e+01,2.581718140285586927e+01
2.000000000000000000e+00,4.186666666666666869e-01,9.478424831883573987e+00,1.428172344301336594e+01,1.893301728180085775e+01,2.228440671342512047e+01,2.579977857804924923e+01
2.000000000000000000e+00,4.233333333333333393e-01,9.407557173524880412e+00,1.419268196743845500e+01,1.887091036136111200e+01,2.221764096332139005e+01,2.579568553427353450e+01
2.000000000000000000e+00,4.280000000000000471e-01,9.343247679386690763e+00,1.410949656586444689e+01,1.879838734632986075e+01,2.215350658981486731e+01,2.577019759138748611e+01
2.000000000000000000e+00,4.326666666666666994e-01,9.285359300713182051e+00,1.404953224427956116e+01,1.872276745835574729e+01,2.209219277949256011e+01,2.574208047403652344e+01
2.000000000000000000e+00,4.373333333333333517e-01,9.237806686413790658e+00,1.399082443346179438e+01,1.866018982154998795e+01,2.203933671946067818e+01,2.571338655256978711e+01
2.000000000000000000e+00,4.420000000000000040e-01,9.196942850117292068e+00,1.393055085888223488e+01,1.858985270669642631e+01,2.198578284759058477e+01,2.567982903368628556e+01
2.000000000000000000e+00,4.466666666666667118e-01,9.144519116706204542e+00,1.387428543306532980e+01,1.853276894693926735e+01,2.191465653253382584e+01,2.563012678140242073e+01
2.000000000000000000e+00,4.513333333333333641e-01,9.098086911060603299e+00,1.381103761506542504e+01,1.845923890028644365e+01,2.186228734483264091e+01,2.559527635441185112e+01
2.000000000000000000e+00,4.560000000000000164e-01,9.057528031491719034e+00,1.375684953067923466e+01,1.839220705066971817e+01,2.179889783858959262e+01,2.556522787991955070e+01
2.000000000000000000e+00,4.606666666666666687e-01,9.022728496269438736e+00,1.370122123428459737e+01,1.834975520753427247e+01,2.173700021362648016e+01,2.554868241184536259e+01
2.000000000000000000e+00,4.653333333333333766e-01,9.005716382175926071e+00,1.364482212724424315e+01,1.829412797400100033e+01,2.168586830978323476e+01,2.553204110450729658e+01
2.000000000000000000e+00,4.700000000000000289e-01,8.998870086381494104e+00,1.359880728773136305e+01,1.823742483816616300e+01,2.161829851602638897e+01,2.550934994976299208e+01
2.000000000000000000e+00,4.746666666666666812e-01,8.997378231581251384e+00,1.356505337248502308e+01,1.818549244982155599e+01,2.158001556557710998e+01,2.547737682389870528e+01
2.000000000000000000e+00,4.793333333333333890e-01,9.001148409197334388e+00,1.354789352329720664e+01,1.815028126839647626e+01,2.153518891726911022e+01,2.541206093654052367e+01
2.000000000000000000e+00,4.840000000000000413e-01,9.010091946153792719e+00,1.352818157003691901e+01,1.809357795744334396e+01,2.150262821960400217e+01,2.534475928610882534e+01
2.000000000000000000e+00,4.886666666666666936e-01,9.024123815802415294e+00,1.352366010012918274e+01,1.803583235430336273e+01,2.143527491539582286e+01,2.528110099332794647e+01
2.000000000000000000e+00,4.933333333333333459e-01,9.043162552001069443e+00,1.351180819273924705e+01,1.799253356274105897e+01,2.137709618752447582e+01,2.524666779568564223e+01
2.000000000000000000e+00,4.979999999999999982e-01,9.067130166256250234e+00,1.348917094235847713e+01,1.796093226564937595e+01,2.131081492580893055e+01,2.521910122934540155e+01
2.000000000000000000e+00,5.026666666666667060e-01,9.095952102240357107e+00,1.346895278555775732e+01,1.792944663681389628e+01,2.127275033841355878e+01,2.519957270394940352e+01
2.000000000000000000e+00,5.073333333333334139e-01,9.135744679396653467e+00,1.347741853787792721e+01,1.790581249423241417e+01,2.122683485827313277e+01,2.517880348194060858e+01
2.000000000000000000e+00,5.120000000000000107e-01,9.185055878262842199e+00,1.348311815519171120e+01,1.788042703173120174e+01,2.117979058467423314e+01,2.510962483034235504e+01
2.000000000000000000e+00,5.166666666666667185e-01,9.239166359462110734e+00,1.350950062639460825e+01,1.785286998056968599e+01,2.112682120500026883e+01,2.505324855258495731e+01
2.000000000000000000e+00,5.213333333333334263e-01,9.298014499961897883e+00,1.353692123822044557e+01,1.783916104609308917e+01,2.108655872236893103e+01,2.500848333864346884e+01
2.000000000000000000e+00,5.260000000000000231e-01,9.361541935834264194e+00,1.356598795055724160e+01,1.783074425057159829e+01,2.103977448007089279e+01,2.492207223403425687e+01
2.000000000000000000e+00,5.306666666666667309e-01,9.429693494215118932e+00,1.360211265040405770e+01,1.783142007816950780e+01,2.098594814932370056e+01,2.483313452550277134e+01
2.000000000000000000e+00,5.353333333333333277e-01,9.486489703805235152e+00,1.362761010072848222e+01,1.782262843135228536e+01,2.094094156574176324e+01,2.473047547005943159e+01
2.000000000000000000e+00,5.400000000000000355e-01,9.543959841451886916e+00,1.364760209561809923e+01,1.781775518486588439e+01,2.090244720841486625e+01,2.464983851590056219e+01
2.000000000000000000e+00,5.446666666666666323e-01,9.605713652260316593e+00,1.367334861089187648e+01,1.781567077712219316e+01,2.087165628907484560e+01,2.459679806313275918e+01
2.000000000000000000e+00,5.493333333333333401e-01,9.671704994880730766e+00,1.370729928684966126e+01,1.780469577789524038e+01,2.084282577501958045e+01,2.454248108198105172e+01
2.000000000000000000e+00,5.540000000000000480e-01,9.741890365022140230e+00,1.374518120898307671e+01,1.777535137815885236e+01,2.082101589616137360e+01,2.448689243397078030e+01
2.000000000000000000e+00,5.586666666666666448e-01,9.816228815704750588e+00,1.377178655803728979e+01,1.776784681198880378e+01,2.080908061098476836e+01,2.443003709613193308e+01
2.000000000000000000e+00,5.633333333333333526e-01,9.894681910541143210e+00,1.379881417449483116e+01,1.776057914010399941e+01,2.076223908841015486e+01,2.437204147119959430e+01
2.000000000000000000e+00,5.680000000000000604e-01,9.977213678961973642e+00,1.383957405761115211e+01,1.775847594461991363e+01,2.071489771571965122e+01,2.431528512476089787e+01
2.000000000000000000e+00,5.726666666666666572e-01,1.006964878612616054e+01,1.391467565394042438e+01,1.778707193871940717e+01,2.070116693670410157e+01,2.424394167218724760e+01
2.000000000000000000e+00,5.773333333333333650e-01,1.016516386685106177e+01,1.396244668843820413e+01,1.778738288250177391e+01,2.066068592091226108e+01,2.415375585387719326e+01
2.000000000000000000e+00,5.820000000000000728e-01,1.024659580022566097e+01,1.401939752676180362e+01,1.779538204250228617e+01,2.062696869655915677e+01,2.406200041553241320e+01
2.000000000000000000e+00,5.866666666666666696e-01,1.034424878773774026e+01,1.407647217897263836e+01,1.780251662081829522e+01,2.058674288281557452e+01,2.397591584211092552e+01
2.000000000000000000e+00,5.913333333333333774e-01,1.044371247641687006e+01,1.414445762551417474e+01,1.780848301238562215e+01,2.054384214916795415e+01,2.389912467385984129e+01
2.000000000000000000e+00,5.960000000000000853e-01,1.052172269620023748e+01,1.420176596843847783e+01,1.782628160452404487e+01,2.049832162834967875e+01,2.382248172463415514e+01
2.000000000000000000e+00,6.006666666666666821e-01,1.060326570260836476e+01,1.426863412195234737e+01,1.782443245739440840e+01,2.045057890815298762e+01,2.377285552397762913e+01
2.000000000000000000e+00,6.053333333333333899e-01,1.072093124984013635e+01,1.430877845352766009e+01,1.782730240863761750e+01,2.042723862634783671e+01,2.370217490855296205e+01
2.000000000000000000e+00,6.100000000000000977e-01,1.085539082099657548e+01,1.438929766475208893e+01,1.781807383701840308e+01,2.043915524126068561e+01,2.360775245426177094e+01
2.000000000000000000e+00,6.146666666666666945e-01,1.099387215140464313e+01,1.446854938174138638e+01,1.783393548959652364e+01,2.039119679449887812e+01,2.353603678667155208e+01
2.000000000000000000e+00,6.193333333333334023e-01,1.113636756615563606e+01,1.453734897664974746e+01,1.783683974551611584e+01,2.039225991910950242e+01,2.346888952275530471e+01
2.000000000000000000e+00,6.240000000000001101e-01,1.127216384648625613e+01,1.462309034041337519e+01,1.784776779852635542e+01,2.038828609342147402e+01,2.338723964489201634e+01
2.000000000000000000e+00,6.286666666666667069e-01,1.138910946981593675e+01,1.469886973566203281e+01,1.788553755893081387e+01,2.035784878219241989e+01,2.330444787108280025e+01
2.000000000000000000e+00,6.333333333333334147e-01,1.151460310163505341e+01,1.481009637797883371e+01,1.790827794460368239e+01,2.033767192077458219e+01,2.322052080256280604e+01
2.000000000000000000e+00,6.380000000000000115e-01,1.168987479563246978e+01,1.490946402395337067e+01,1.791972374565299475e+01,2.032042753838030436e+01,2.319066759416476131e+01
2.000000000000000000e+00,6.426666666666667194e-01,1.180398549036406486e+01,1.502339277974323828e+01,1.792967583484163185e+01,2.030103473189505792e+01,2.314843984308753377e+01
2.000000000000000000e+00,6.473333333333333162e-01,1.191206641094503382e+01,1.513535727535624176e+01,1.793787284193358644e+01,2.028243010014192294e+01,2.301658438790052585e+01
2.000000000000000000e+00,6.520000000000000240e-01,1.201356865993940914e+01,1.522497649879819193e+01,1.797015580372175236e+01,2.027073483600005233e+01,2.291769406284630151e+01
2.000000000000000000e+00,6.566666666666667318e-01,1.212324998686348643e+01,1.535263325381622934e+01,1.800322108899691642e+01,2.025568615075891188e+01,2.290449068154836354e+01
2.000000000000000000e+00,6.613333333333333286e-01,1.225622041986070521e+01,1.546248023196463528e+01,1.802749302322024860e+01,2.025316985829475414e+01,2.285621042791985857e+01
2.000000000000000000e+00,6.660000000000000364e-01,1.243316415453167778e+01,1.555478340769461632e+01,1.807774331255047073e+01,2.025317461115263740e+01,2.279963858799027321e+01
2.000000000000000000e+00,6.706666666666667442e-01,1.262315095483683258e+01,1.564572950588284783e+01,1.810931000554606030e+01,2.023987839911584885e+01,2.275124526871096720e+01
2.000000000000000000e+00,6.753333333333333410e-01,1.278686556279348530e+01,1.574520737985046281e+01,1.814673601326725816e+01,2.024764477529995332e+01,2.264368984999962109e+01
2.000000000000000000e+00,6.800000000000000488e-01,1.295405767647265272e+01,1.586402113196742469e+01,1.820725872072870999e+01,2.025928542266014531e+01,2.262283992217242101e+01
2.000000000000000000e+00,6.846666666666667567e-01,1.311947044565362219e+01,1.594241287968370102e+01,1.824970131475341617e+01,2.030147705714747630e+01,2.256340219203201158e+01
2.000000000000000000e+00,6.893333333333333535e-01,1.329633531887619569e+01,1.609034740154357479e+01,1.827309396940946584e+01,2.031702632650968710e+01,2.250404562127041785e+01
2.000000000000000000e+00,6.940000000000000613e-01,1.344876730244023477e+01,1.620648793203197613e+01,1.831450649248819929e+01,2.034876835677431117e+01,2.249716173465825264e+01
2.000000000000000000e+00,6.986666666666667691e-01,1.359422121136400818e+01,1.632969508219983723e+01,1.833529473869968740e+01,2.036177064543888093e+01,2.240498177835473115e+01
2.000000000000000000e+00,7.033333333333333659e-01,1.375395042315027716e+01,1.644095111882448279e+01,1.840766953777426806e+01,2.038113735571831953e+01,2.241573065121957598e+01
2.000000000000000000e+00,7.080000000000000737e-01,1.393204007545608825e+01,1.655760585577514732e+01,1.845358694157644308e+01,2.042084398762461461e+01,2.239582929857089155e+01
2.000000000000000000e+00,7.126666666666667815e-01,1.408942379615332285e+01,1.665696529802387715e+01,1.851377966717184265e+01,2.045156720181111965e+01,2.231101000170229298e+01
2.000000000000000000e+00,7.173333333333333783e-01,1.423302131368236800e+01,1.675715584608884612e+01,1.857675839378292082e+01,2.051649554261378228e+01,2.225369549497424515e+01
2.000000000000000000e+00,7.219999999999999751e-01,1.438762681340898908e+01,1.687974154840796359e+01,1.862441147224673799e+01,2.055604639010019596e+01,2.226764669015704712e+01
2.000000000000000000e+00,7.266666666666667940e-01,1.454259832073806535e+01,1.698558266734514888e+01,1.870050514310744205e+01,2.061827350040603690e+01,2.232171976806295177e+01
2.000000000000000000e+00,7.313333333333333908e-01,1.470338180248001159e+01,1.708155784263832899e+01,1.878986928846026672e+01,2.065069901066895142e+01,2.238893874420459085e+01
2.000000000000000000e+00,7.359999999999999876e-01,1.486722068133288133e+01,1.716342656193959826e+01,1.888270409396166727e+01,2.068730361585792821e+01,2.241732019230703798e+01
2.000000000000000000e+00,7.406666666666666954e-01,1.504694976397413519e+01,1.727112427310881770e+01,1.895393596426951177e+01,2.073610465368607336e+01,2.243009080980829850e+01
2.000000000000000000e+00,7.453333333333334032e-01,1.523766327369119722e+01,1.736159474707505623e+01,1.906432246722911117e+01,2.079622461986073034e+01,2.245320002207827770e+01
2.000000000000000000e+00,7.500000000000000000e-01,1.541188480356252199e+01,1.744768876130112290e+01,1.914615242983187571e+01,2.087212016333334930e+01,2.258924543630460491e+01
2.000000000000000000e+00,7.546666666666667078e-01,1.552862418936390476e+01,1.755179698882337291e+01,1.921386108529577541e+01,2.093989339756536339e+01,2.260474826592316688e+01
2.000000000000000000e+00,7.593333333333334156e-01,1.560528398931663041e+01,1.763750547619610032e+01,1.931338664790038706e+01,2.101538386504151035e+01,2.271167604499843762e+01
2.000000000000000000e+00,7.640000000000000124e-01,1.576349262923333683e+01,1.769933575268236581e+01,1.938388483379338822e+01,2.110124718896886975e+01,2.280363331141486682e+01
2.000000000000000000e+00,7.686666666666667203e-01,1.589787482218922854e+01,1.775935591798983282e+01,1.951037553487551435e+01,2.117361761010243271e+01,2.293920034101398642e+01
2.000000000000000000e+00,7.733333333333334281e-01,1.599917660035964495e+01,1.783623795230328923e+01,1.961333480483074609e+01,2.126484399549289961e+01,2.305547457816763313e+01
2.000000000000000000e+00,7.780000000000000249e-01,1.605783661386080396e+01,1.791122771234627464e+01,1.971869495582286902e+01,2.136420840693510570e+01,2.312925938456871933e+01
2.000000000000000000e+00,7.826666666666667327e-01,1.609610891200252425e+01,1.797354567932002922e+01,1.979230756757316456e+01,2.146092002640502372e+01,2.322986709170697495e+01
2.000000000000000000e+00,7.873333333333334405e-01,1.614705871506226842e+01,1.807385281859925641e+01,1.990487146488317194e+01,2.158661124313291069e+01,2.335400225697438614e+01
2.000000000000000000e+00,7.920000000000000373e-01,1.620252848848849325e+01,1.816617574544851621e+01,2.004670986606491923e+01,2.169695661873920045e+01,2.353093031670751145e+01
2.000000000000000000e+00,7.966666666666667451e-01,1.627284647231513404e+01,1.824651685747965146e+01,2.015952532054377855e+01,2.182854853353913427e+01,2.383078245344288248e+01
2.000000000000000000e+00,8.013333333333334529e-01,1.624293854485261690e+01,1.832766907732885997e+01,2.023930418567409006e+01,2.199829952897340846e+01,2.404904897189210189e+01
2.000000000000000000e+00,8.060000000000000497e-01,1.629398064097188481e+01,1.843812750572998738e+01,2.034711062778022850e+01,2.217184138484095612e+01,2.429968326567162507e+01
2.000000000000000000e+00,8.106666666666666465e-01,1.628600225778136945e+01,1.846535696325300435e+01,2.048156045470181397e+01,2.234845465924169616e+01,2.449053624971387677e+01
2.000000000000000000e+00,8.153333333333334654e-01,1.622989007826872054e+01,1.855880438067073968e+01,2.059454861866288411e+01,2.249966298980247004e+01,2.471946432152515172e+01
2.000000000000000000e+00,8.200000000000000622e-01,1.627036229915725229e+01,1.860961476919212387e+01,2.069519718421545917e+01,2.266095390332296589e+01,2.498694083102928332e+01
2.000000000000000000e+00,8.246666666666666590e-01,1.631646301536158461e+01,1.862172259199682856e+01,2.085338739982310585e+01,2.286224063418961094e+01,2.522441828599983893e+01
2.000000000000000000e+00,8.293333333333333668e-01,1.626948389334742018e+01,1.871268534227944258e+01,2.094849724569963101e+01,2.304863910183210152e+01,2.549442898378995181e+01
2.000000000000000000e+00,8.340000000000000746e-01,1.622522372825324055e+01,1.879490801458750582e+01,2.107155899564339308e+01,2.322756566012624901e+01,2.576659573832932537e+01
2.000000000000000000e+00,8.386666666666666714e-01,1.618023255127831206e+01,1.886989698975191487e+01,2.117159685361008314e+01,2.342438425414102809e+01,2.606468050002333570e+01
2.000000000000000000e+00,8.433333333333333792e-01,1.609343337701318077e+01,1.892864576424351242e+01,2.130323452097966097e+01,2.362033427904183469e+01,2.640170351096661960e+01
2.000000000000000000e+00,8.480000000000000870e-01,1.594215050388894284e+01,1.896163986967018644e+01,2.141967401236065172e+01,2.380327851768818093e+01,2.673878179115508402e+01
2.000000000000000000e+00,8.526666666666666838e-01,1.585938702231599606e+01,1.900750823913851661e+01,2.155883600227822683e+01,2.403076863513410188e+01,2.710099586878916611e+01
2.000000000000000000e+00,8.573333333333333917e-01,1.579059480820273542e+01,1.905893680551323044e+01,2.168458869804864264e+01,2.424164133328995518e+01,2.751201466488218728e+01
2.000000000000000000e+00,8.620000000000000995e-01,1.569129798051765690e+01,1.910296565152670922e+01,2.185025028114561252e+01,2.449748939590060814e+01,2.791118615529317992e+01
2.000000000000000000e+00,8.666666666666666963e-01,1.558547729687121652e+01,1.912249930765499784e+01,2.200487813931309944e+01,2.477862025698704684e+01,2.822874682711345073e+01
2.000000000000000000e+00,8.713333333333334041e-01,1.544703099817393444e+01,1.915801462782180664e+01,2.217333472243211290e+01,2.504329496164767122e+01,2.857928071793028835e+01
2.000000000000000000e+00,8.760000000000001119e-01,1.530472486114490493e+01,1.918869639129746574e+01,2.230299356028358204e+01,2.528612165160139824e+01,2.899861132492208426e+01
2.000000000000000000e+00,8.806666666666667087e-01,1.516191218399881713e+01,1.925935146163525857e+01,2.244647329297696814e+01,2.557152467557362741e+01,2.938129330207049250e+01
2.000000000000000000e+00,8.853333333333334165e-01,1.495329675133648273e+01,1.917682285093728112e+01,2.260312139776932838e+01,2.582874006795237065e+01,2.979160089154385105e+01
2.000000000000000000e+00,8.900000000000001243e-01,1.475132062647018216e+01,1.917693862386295223e+01,2.277408915979297177e+01,2.612714437359229791e+01,3.021454927610804830e+01
2.000000000000000000e+00,8.946666666666667211e-01,1.464142269387851414e+01,1.923260411801959080e+01,2.296766547060506269e+01,2.637853139837636007e+01,3.065349978511921236e+01
2.000000000000000000e+00,8.993333333333333179e-01,1.453083838868561095e+01,1.920501905859699221e+01,2.311393021857648478e+01,2.667433309277273779e+01,3.107767428225109896e+01
2.000000000000000000e+00,9.040000000000000258e-01,1.442014047536213006e+01,1.923209833484645515e+01,2.326372923463781461e+01,2.695337394971585354e+01,3.150908636066238344e+01
2.000000000000000000e+00,9.086666666666667336e-01,1.430933308555968608e+01,1.926385201688610849e+01,2.347531781240360260e+01,2.723385850981639322e+01,3.195139203276818307e+01
2.000000000000000000e+00,9.133333333333334414e-01,1.422406448481776664e+01,1.926863335531126253e+01,2.365713856838863194e+01,2.753374583978332168e+01,3.250493177033965253e+01
2.000000000000000000e+00,9.180000000000000382e-01,1.414909390875580009e+01,1.932882001998205368e+01,2.384281045148010492e+01,2.788074686658961454e+01,3.295751689327818212e+01
2.000000000000000000e+00,9.226666666666667460e-01,1.405458977123482889e+01,1.935714660839596490e+01,2.402881755086850291e+01,2.815327427875498500e+01,3.341775970834661535e+01
2.000000000000000000e+00,9.273333333333334538e-01,1.390391285791251441e+01,1.938405341630603829e+01,2.422167311592198047e+01,2.847952137223725089e+01,3.388579025185050142e+01
2.000000000000000000e+00,9.320000000000000506e-01,1.380710632407867600e+01,1.941605483592022452e+01,2.441931808638132395e+01,2.878123393605318370e+01,3.443318515215928954e+01
2.000000000000000000e+00,9.366666666666667584e-01,1.371027618703827500e+01,1.944785826775452620e+01,2.461702504161937810e+01,2.919824520825778436e+01,3.498425568025967891e+01
2.000000000000000000e+00,9.413333333333333552e-01,1.356533986736627995e+01,1.947712432814916284e+01,2.481229739530467526e+01,2.953364109150403038e+01,3.551122064151775959e+01
2.000000000000000000e+00,9.460000000000000631e-01,1.341340519704485068e+01,1.950219985290319968e+01,2.501606044309211185e+01,2.982528726777748318e+01,3.603450404031617893e+01
2.000000000000000000e+00,9.506666666666667709e-01,1.322204322632213191e+01,1.950647160681472059e+01,2.520814042139397060e+01,3.014986470286133979e+01,3.657955441386205564e+01
2.000000000000000000e+00,9.553333333333333677e-01,1.308035704280942824e+01,1.951218575591778759e+01,2.537644076847542607e+01,3.052859651621875514e+01,3.714858169123620257e+01
2.000000000000000000e+00,9.600000000000000755e-01,1.294549523849071093e+01,1.954361246829605392e+01,2.556533525290258524e+01,3.089926721280814448e+01,3.774198591857253859e+01
2.000000000000000000e+00,9.646666666666667833e-01,1.279397183871335031e+01,1.957724383565216186e+01,2.575977679030053480e+01,3.130855816744955078e+01,3.832531703803060452e+01
2.000000000000000000e+00,9.693333333333333801e-01,1.264245681124778997e+01,1.961603830633514178e+01,2.596865236805432886e+01,3.172169578495132214e+01,3.889005130233339003e+01
2.000000000000000000e+00,9.740000000000000879e-01,1.246489031477234377e+01,1.965409067207082572e+01,2.618119453870746582e+01,3.214544825656115279e+01,3.946620501363579336e+01
2.000000000000000000e+00,9.786666666666666847e-01,1.228906702027836850e+01,1.966034257956929565e+01,2.636305765643243859e+01,3.258309455507063745e+01,4.005253888374227245e+01
2.000000000000000000e+00,9.833333333333333925e-01,1.211278367302429793e+01,1.971584378525834680e+01,2.657050192914072539e+01,3.301298259360893894e+01,4.066079806403141106e+01
2.000000000000000000e+00,9.880000000000001004e-01,1.193605511933062679e+01,1.972093358749348369e+01,2.675576956617839386e+01,3.342666618092926001e+01,4.127968054885753446e+01
2.000000000000000000e+00,9.926666666666666972e-01,1.175889621720180500e+01,1.972176803439380421e+01,2.695819377904273040e+01,3.383877076646846405e+01,4.191890943668553859e+01
2.000000000000000000e+00,9.973333333333334050e-01,1.158742898295030699e+01,1.973598820124038866e+01,2.713915817163016442e+01,3.425081869689837788e+01,4.256654378933368577e+01
2.000000000000000000e+00,1.002000000000000224e+00,1.145689008477660487e+01,1.977008281214552099e+01,2.732870296409156197e+01,3.468106481073065339e+01,4.321921698625291697e+01
2.000000000000000000e+00,1.006666666666666821e+00,1.128566233031952670e+01,1.980528767873880369e+01,2.753647283529049261e+01,3.512930813796933904e+01,4.386555993230424377e+01
2.000000000000000000e+00,1.011333333333333417e+00,1.110591943847636820e+01,1.984149699323411298e+01,2.772264308000728050e+01,3.558806003436851029e+01,4.454068856318285441e+01
2.000000000000000000e+00,1.016000000000000014e+00,1.096229297037952755e+01,1.986731978689859091e+01,2.796135352079760850e+01,3.606829184927158138e+01,4.522772683283398010e+01
2.000000000000000000e+00,1.020666666666666611e+00,1.081836498535296798e+01,1.988755116940293632e+01,2.822229196811807483e+01,3.653127251149342669e+01,4.587958380775479128e+01
2.000000000000000000e+00,1.025333333333333430e+00,1.067426092568276630e+01,1.992583176450774829e+01,2.845951613675415359e+01,3.698744923485203628e+01,4.650563803878209512e+01
2.000000000000000000e+00,1.030000000000000027e+00,1.052999071558643429e+01,1.995434503120681313e+01,2.871259152831631667e+01,3.743199906324763049e+01,4.725311136689150970e+01
2.000000000000000000e+00,1.034666666666666845e+00,1.037045154671656810e+01,1.998486230634024707e+01,2.896211556757774019e+01,3.790838622397509283e+01,4.806208750365037474e+01
2.000000000000000000e+00,1.039333333333333442e+00,1.017788049848043741e+01,2.001829052532494657e+01,2.922961544386392063e+01,3.838106140710289793e+01,4.880423942365613499e+01
2.000000000000000000e+00,1.044000000000000039e+00,9.992065565006384986e+00,2.004370075647169358e+01,2.946632631788894230e+01,3.887224244941295836e+01,4.960737823603236052e+01
2.000000000000000000e+00,1.048666666666666636e+00,9.805929076197116956e+00,2.012274467002263023e+01,2.973565230994597641e+01,3.936776676326260826e+01,5.049006716685212837e+01
2.000000000000000000e+00,1.053333333333333455e+00,9.638470623083762234e+00,2.012927515039380921e+01,2.998842708341579311e+01,3.987968508845762727e+01,5.132490510205023782e+01
2.000000000000000000e+00,1.058000000000000052e+00,9.477540596051001742e+00,2.013463985281736868e+01,3.027429964031436072e+01,4.041737281955582972e+01,5.216758989203989216e+01
2.000000000000000000e+00,1.062666666666666870e+00,9.316437069438165963e+00,2.015979568159839275e+01,3.052602414467825298e+01,4.096196665997219100e+01,5.302792531691650879e+01
2.000000000000000000e+00,1.067333333333333467e+00,9.155172206992070016e+00,2.019297500598845474e+01,3.078077655258353218e+01,4.151795064386385548e+01,5.386431589996083602e+01
2.000000000000000000e+00,1.072000000000000064e+00,8.993758165149197126e+00,2.022522159483330384e+01,3.101138015215400046e+01,4.207786531899667892e+01,5.470677954146807309e+01
2.000000000000000000e+00,1.076666666666666661e+00,8.815074863272904793e+00,2.024359801792736135e+01,3.125069144557584622e+01,4.264901270691674995e+01,5.556471411926089843e+01
2.000000000000000000e+00,1.081333333333333258e+00,8.600054491097186116e+00,2.026932745628555921e+01,3.152565185575456752e+01,4.322632337494838595e+01,5.643944897107942182e+01
2.000000000000000000e+00,1.086000000000000076e+00,8.399407397149305510e+00,2.028574715938522743e+01,3.179154523408556088e+01,4.382480548272133802e+01,5.732996293202958782e+01
2.000000000000000000e+00,1.090666666666666895e+00,8.257679797032128732e+00,2.031610784345423681e+01,3.208059713570560234e+01,4.440539304969270518e+01,5.823657570916447668e+01
2.000000000000000000e+00,1.095333333333333492e+00,8.142876166119529913e+00,2.035272549393443953e+01,3.236824133891059319e+01,4.499879311777635138e+01,5.915961445992002865e+01
2.000000000000000000e+00,1.100000000000000089e+00,8.028024462058811039e+00,2.040185538496852047e+01,3.264418274330439829e+01,4.560609988273119342e+01,6.011925583575258969e+01
3.000000000000000000e+00,4.000000000000000222e-01,-3.821605800056278923e+01,-1.530005922719912270e+01,4.928254869265267679e+00,2.205055244460135810e+01,3.288277959623538038e+01
3.000000000000000000e+00,4.046666666666666745e-01,-3.755449228341162637e+01,-1.533950122628261425e+01,4.671507417565623044e+00,2.178288401932276486e+01,3.268157149993735544e+01
3.000000000000000000e+00,4.093333333333333823e-01,-3.698400338985367597e+01,-1.537469283811049792e+01,4.419395583755156842e+00,2.144452241530176906e+01,3.236762380568016795e+01
3.000000000000000000e+00,4.140000000000000346e-01,-3.659751641986638759e+01,-1.530535862073685038e+01,4.245320126002827266e+00,2.109209137872504414e+01,3.206414310123155076e+01
3.000000000000000000e+00,4.186666666666666869e-01,-3.623283534496542302e+01,-1.522822940302184236e+01,4.014196376333017291e+00,2.072906813910811508e+01,3.177003453645061981e+01
3.000000000000000000e+00,4.233333333333333393e-01,-3.587159024352602188e+01,-1.516591835251572107e+01,3.789247569931121440e+00,2.035571613462458274e+01,3.146506223781058509e+01
3.000000000000000000e+00,4.280000000000000471e-01,-3.547874620417699987e+01,-1.510258655674154049e+01,3.572261601570495770e+00,1.997494735183769876e+01,3.114927152138033506e+01
3.000000000000000000e+00,4.326666666666666994e-01,-3.507124542006101819e+01,-1.507855038830446226e+01,3.332954834637224195e+00,1.963592634531971726e+01,3.082271384066887521e+01
3.000000000000000000e+00,4.373333333333333517e-01,-3.465910138725743650e+01,-1.503204412016404490e+01,3.070386421286007028e+00,1.929868971552656376e+01,3.048544679332390928e+01
3.000000000000000000e+00,4.420000000000000040e-01,-3.424559926426956480e+01,-1.497871550661404250e+01,2.814398113295936366e+00,1.890146599939903638e+01,3.011156598263339745e+01
3.000000000000000000e+00,4.466666666666667118e-01,-3.383656114569199502e+01,-1.496860408018737232e+01,2.557327732503234863e+00,1.854758199301300792e+01,2.970674728913942886e+01
3.000000000000000000e+00,4.513333333333333641e-01,-3.335495647842918743e+01,-1.493370212967427513e+01,2.347252062652322557e+00,1.825183316194210548e+01,2.922984793788141644e+01
3.000000000000000000e+00,4.560000000000000164e-01,-3.286662587699088789e+01,-1.488523462638599781e+01,2.150825287508148165e+00,1.791538000366261585e+01,2.877697433228325252e+01
3.000000000000000000e+00,4.606666666666666687e-01,-3.238427605626009864e+01,-1.482169211339069825e+01,1.930726671054215249e+00,1.759824256307231849e+01,2.833635286426108379e+01
3.000000000000000000e+00,4.653333333333333766e-01,-3.190780499398282188e+01,-1.471647861506402322e+01,1.722386020078900737e+00,1.724365401071984039e+01,2.791519096093441377e+01
3.000000000000000000e+00,4.700000000000000289e-01,-3.143711226395028646e+01,-1.462631453421616889e+01,1.488641082758305867e+00,1.689745873883354577e+01,2.743113956334196857e+01
3.000000000000000000e+00,4.746666666666666812e-01,-3.097209899174858805e+01,-1.455699767782635945e+01,1.255003424579383520e+00,1.650833342184607488e+01,2.682446011411406772e+01
3.000000000000000000e+00,4.793333333333333890e-01,-3.050554819621060432e+01,-1.459423823775226303e+01,1.101708349806087783e+00,1.611251965906478389e+01,2.625322612762210994e+01
3.000000000000000000e+00,4.840000000000000413e-01,-2.999993290300607640e+01,-1.461096270988795709e+01,8.947788384190672462e-01,1.571756844201187242e+01,2.574636043416480291e+01
3.000000000000000000e+00,4.886666666666666936e-01,-2.950565990898815016e+01,-1.463441836052893485e+01,6.235848543781183917e-01,1.540596749572285695e+01,2.533875152082045901e+01
3.000000000000000000e+00,4.933333333333333459e-01,-2.899543839774424114e+01,-1.455991977666577952e+01,4.598625777212136390e-01,1.508827783546265699e+01,2.489176054741163924e+01
3.000000000000000000e+00,4.979999999999999982e-01,-2.861056036792910007e+01,-1.455640489563025142e+01,2.662617969781508331e-01,1.475468845958243769e+01,2.439885293635432006e+01
3.000000000000000000e+00,5.026666666666667060e-01,-2.823063248593420127e+01,-1.453239377543568978e+01,-1.003440568922627993e-02,1.434204557807369440e+01,2.389630551930519076e+01
3.000000000000000000e+00,5.073333333333334139e-01,-2.787522392897488643e+01,-1.453366732753866408e+01,-2.044417419610178865e-01,1.388461090188205738e+01,2.331463187302243512e+01
3.000000000000000000e+00,5.120000000000000107e-01,-2.757691595617229652e+01,-1.449627951886162869e+01,-4.221922610134569709e-01,1.342784266767467471e+01,2.275357828042415420e+01
3.000000000000000000e+00,5.166666666666667185e-01,-2.727395894495216666e+01,-1.443891353422256074e+01,-6.763952754234927589e-01,1.291312386851938854e+01,2.220561871088528605e+01
3.000000000000000000e+00,5.213333333333334263e-01,-2.694599738423304203e+01,-1.435570479919228148e+01,-8.395841810908782898e-01,1.245276812163892011e+01,2.167864906595143637e+01
3.000000000000000000e+00,5.260000000000000231e-01,-2.663122997296085614e+01,-1.430716688854483643e+01,-1.024619516031547217e+00,1.204114974059264576e+01,2.109611329208642871e+01
3.000000000000000000e+00,5.306666666666667309e-01,-2.637148756712822362e+01,-1.427168212348069432e+01,-1.226186245170099554e+00,1.165396149833599537e+01,2.045261821865132035e+01
3.000000000000000000e+00,5.353333333333333277e-01,-2.611396882329730218e+01,-1.417587187189732134e+01,-1.461326400354728827e+00,1.126380340543497738e+01,1.991245040305761194e+01
3.000000000000000000e+00,5.400000000000000355e-01,-2.581043825525043545e+01,-1.408204021631714475e+01,-1.681254187204827666e+00,1.086882292695866425e+01,1.931563321411235634e+01
3.000000000000000000e+00,5.446666666666666323e-01,-2.545892365539895508e+01,-1.398088735651414893e+01,-1.935903331621785961e+00,1.047498970610614855e+01,1.862060584357995552e+01
3.000000000000000000e+00,5.493333333333333401e-01,-2.512910444725679326e+01,-1.397354659135983113e+01,-2.183830090688077874e+00,1.006418906502423916e+01,1.797606334356136060e+01
3.000000000000000000e+00,5.540000000000000480e-01,-2.484689365425696650e+01,-1.392285947169424887e+01,-2.330550040641281573e+00,9.634880559116338006e+00,1.728093448152931089e+01
3.000000000000000000e+00,5.586666666666666448e-01,-2.451366624585206111e+01,-1.390679586280181823e+01,-2.475176728712546570e+00,9.159585592160290446e+00,1.660559749703589816e+01
3.000000000000000000e+00,5.633333333333333526e-01,-2.407668915394266307e+01,-1.388805515297050164e+01,-2.733795559324238234e+00,8.726960549672602596e+00,1.600185904552838423e+01
3.000000000000000000e+00,5.680000000000000604e-01,-2.376540562530033895e+01,-1.385573481479940661e+01,-2.878599526942898557e+00,8.295882085128232220e+00,1.534446059276715779e+01
3.000000000000000000e+00,5.726666666666666572e-01,-2.346286592158389794e+01,-1.374451312941683945e+01,-2.997558022922134136e+00,7.741613202060545262e+00,1.472861894399917304e+01
3.000000000000000000e+00,5.773333333333333650e-01,-2.307856507081439901e+01,-1.374543624740244496e+01,-3.272051428810778262e+00,7.310568772358547740e+00,1.413747484395804932e+01
3.000000000000000000e+00,5.820000000000000728e-01,-2.264016048885909527e+01,-1.368027347769771040e+01,-3.502464017165576315e+00,6.880423909621029566e+00,1.345347622338152860e+01
3.000000000000000000e+00,5.866666666666666696e-01,-2.224428822127358529e+01,-1.361190328682477535e+01,-3.749363282511698259e+00,6.445650026895902940e+00,1.292409085387841294e+01
3.000000000000000000e+00,5.913333333333333774e-01,-2.196345087003420460e+01,-1.353135169897385026e+01,-3.956913977762742007e+00,5.965897405498739481e+00,1.229877261445255954e+01
3.000000000000000000e+00,5.960000000000000853e-01,-2.172798756413595100e+01,-1.353742553613749067e+01,-4.162541741965526398e+00,5.473721766256344878e+00,1.175032122198894236e+01
3.000000000000000000e+00,6.006666666666666821e-01,-2.156196047739444666e+01,-1.345741468274575858e+01,-4.368922858717493973e+00,5.049670508769772859e+00,1.127009068394839275e+01
3.000000000000000000e+00,6.053333333333333899e-01,-2.119278745135944675e+01,-1.346019076625410449e+01,-4.581834887628401631e+00,4.565943038984944025e+00,1.079420756742272580e+01
3.000000000000000000e+00,6.100000000000000977e-01,-2.084520339827266255e+01,-1.340268152341782582e+01,-4.815343909969806546e+00,4.022322011312901680e+00,1.032867135701160599e+01
3.000000000000000000e+00,6.146666666666666945e-01,-2.062385773167758529e+01,-1.333078874964765070e+01,-5.048341928124417954e+00,3.629979837108770369e+00,9.795145228215513811e+00
3.000000000000000000e+00,6.193333333333334023e-01,-2.048048541710113923e+01,-1.331741502096161334e+01,-5.296708442505132730e+00,3.195357363191806854e+00,9.225828448132741499e+00
3.000000000000000000e+00,6.240000000000001101e-01,-2.033203613015489708e+01,-1.327549057753157058e+01,-5.484808189439208448e+00,2.764101285496783245e+00,8.761035843027098480e+00
3.000000000000000000e+00,6.286666666666667069e-01,-1.998047602155402558e+01,-1.331277221374196706e+01,-5.714292290605579083e+00,2.248820587120775372e+00,8.258512173479633844e+00
3.000000000000000000e+00,6.333333333333334147e-01,-1.970195003176115023e+01,-1.331000562419742650e+01,-5.943591902800791082e+00,1.775573275783616012e+00,7.614080105013524502e+00
3.000000000000000000e+00,6.380000000000000115e-01,-1.943466062500867864e+01,-1.330842895968110007e+01,-6.173241569329699807e+00,1.312982499451690765e+00,7.057691919029734251e+00
3.000000000000000000e+00,6.426666666666667194e-01,-1.933633604519124205e+01,-1.317142019295562783e+01,-6.428790621251375015e+00,9.151419702640714027e-01,6.544436498932793889e+00
3.000000000000000000e+00,6.473333333333333162e-01,-1.906685703852057401e+01,-1.321083386224272971e+01,-6.700821609985459837e+00,4.829806678073715331e-01,5.837273516687286445e+00
3.000000000000000000e+00,6.520000000000000240e-01,-1.886429172082152661e+01,-1.314705839585223757e+01,-6.914926962303059810e+00,7.034890218756678637e-02,5.296888909862039974e+00
3.000000000000000000e+00,6.566666666666667318e-01,-1.869898342475459430e+01,-1.315990329773899070e+01,-7.152879841352024926e+00,-4.025869301339357609e-01,4.895168076716145400e+00
3.000000000000000000e+00,6.613333333333333286e-01,-1.852320699308848262e+01,-1.315268004904100607e+01,-7.393369662759837979e+00,-9.097103335653783374e-01,4.297399070535044885e+00
3.000000000000000000e+00,6.660000000000000364e-01,-1.840553611658498312e+01,-1.321401382743442277e+01,-7.606409690381418898e+00,-1.319581062453069276e+00,3.786063868158623613e+00
3.000000000000000000e+00,6.706666666666667442e-01,-1.829779521284362076e+01,-1.318139352710742607e+01,-7.816995733120812417e+00,-1.790063151046689116e+00,3.078736187259383694e+00
3.000000000000000000e+00,6.753333333333333410e-01,-1.811090513264110058e+01,-1.315675348503996034e+01,-8.040439988284205697e+00,-2.301735143192185085e+00,2.551510698562036605e+00
3.000000000000000000e+00,6.800000000000000488e-01,-1.798189608581525789e+01,-1.311051060469777063e+01,-8.265020442722216032e+00,-2.766839297310359047e+00,1.986794499068596398e+00
3.000000000000000000e+00,6.846666666666667567e-01,-1.791543906664751162e+01,-1.310430919565901853e+01,-8.444758395244345905e+00,-3.117651572228118173e+00,1.528371753903835950e+00
3.000000000000000000e+00,6.893333333333333535e-01,-1.785628444662573600e+01,-1.312209857809449609e+01,-8.616020502242474066e+00,-3.396935696993451881e+00,1.094598823895930551e+00
3.000000000000000000e+00,6.940000000000000613e-01,-1.770424240139548999e+01,-1.309028631471495885e+01,-8.789121921365726564e+00,-3.775432030712593701e+00,6.160967199754253665e-01
3.000000000000000000e+00,6.986666666666667691e-01,-1.761243009652958236e+01,-1.311510921248753547e+01,-8.972774034642387875e+00,-4.082284962448481380e+00,1.420472998004908560e-01
3.000000000000000000e+00,7.033333333333333659e-01,-1.752881915020346071e+01,-1.321831064842358039e+01,-9.178419182247832708e+00,-4.394915795190673435e+00,-2.672564724703975214e-01
3.000000000000000000e+00,7.080000000000000737e-01,-1.746102138078883570e+01,-1.328640297307727280e+01,-9.377388981012028779e+00,-4.705024009072218405e+00,-6.128233722632681069e-01
3.000000000000000000e+00,7.126666666666667815e-01,-1.737277323317231392e+01,-1.343603275196177194e+01,-9.549010227207762824e+00,-5.010884641317240984e+00,-9.906593550405684567e-01
3.000000000000000000e+00,7.173333333333333783e-01,-1.745650697116312955e+01,-1.348972307454883257e+01,-9.728022378578415896e+00,-5.271986781323172444e+00,-1.365902230604167489e+00
3.000000000000000000e+00,7.219999999999999751e-01,-1.743568118637839959e+01,-1.355670206398916378e+01,-9.940166025349718382e+00,-5.525139288059033760e+00,-1.677733642160519123e+00
3.000000000000000000e+00,7.266666666666667940e-01,-1.753320245267742550e+01,-1.374300934706384858e+01,-1.017899393617002346e+01,-5.889025364354828262e+00,-2.065317817133649037e+00
3.000000000000000000e+00,7.313333333333333908e-01,-1.753228908780427986e+01,-1.387227557556555269e+01,-1.032872705933212387e+01,-6.178352647529230524e+00,-2.488129382589082450e+00
3.000000000000000000e+00,7.359999999999999876e-01,-1.750752323242202380e+01,-1.400425022585610080e+01,-1.052511989863759823e+01,-6.524062121361215993e+00,-2.774101699671538857e+00
3.000000000000000000e+00,7.406666666666666954e-01,-1.755168351879935074e+01,-1.422553504488669951e+01,-1.070007023312124872e+01,-6.806411602280086903e+00,-3.000093661265631706e+00
3.000000000000000000e+00,7.453333333333334032e-01,-1.764253755115914757e+01,-1.440381020022185510e+01,-1.082739044063894340e+01,-7.072880077228850482e+00,-3.276902680590081385e+00
3.000000000000000000e+00,7.500000000000000000e-01,-1.778719460473995184e+01,-1.463735547775000434e+01,-1.089586619819187341e+01,-7.303013458509536981e+00,-3.446728985746233764e+00
3.000000000000000000e+00,7.546666666666667078e-01,-1.787406924666247932e+01,-1.476990480831716290e+01,-1.109436628871958064e+01,-7.426022669119205943e+00,-3.730365216113995075e+00
3.000000000000000000e+00,7.593333333333334156e-01,-1.811094104897753354e+01,-1.501983444487539998e+01,-1.121719581726681270e+01,-7.664518465254798407e+00,-4.005536368857580243e+00
3.000000000000000000e+00,7.640000000000000124e-01,-1.844295699890826157e+01,-1.529802322135829939e+01,-1.131629704266430814e+01,-7.862612494745860658e+00,-4.161794640943516477e+00
3.000000000000000000e+00,7.686666666666667203e-01,-1.876022384895034278e+01,-1.553672956247526216e+01,-1.145792835226153272e+01,-7.973499364441244630e+00,-4.318079691709153067e+00
3.000000000000000000e+00,7.733333333333334281e-01,-1.908196195810480589e+01,-1.577871022697288694e+01,-1.164255834911047671e+01,-8.076971199948872027e+00,-4.509328041267547604e+00
3.000000000000000000e+00,7.780000000000000249e-01,-1.961372942988758439e+01,-1.583677418692201400e+01,-1.183114835523681485e+01,-8.149243390724551617e+00,-4.542538540539408309e+00
3.000000000000000000e+00,7.826666666666667327e-01,-2.005386183672133882e+01,-1.603433038661709276e+01,-1.195084848170463943e+01,-8.331162126116449684e+00,-4.547015441411177861e+00
3.000000000000000000e+00,7.873333333333334405e-01,-2.063542361239947809e+01,-1.623179590434727970e+01,-1.214575872896040387e+01,-8.474109219914080171e+00,-4.566939777785622212e+00
3.000000000000000000e+00,7.920000000000000373e-01,-2.105443627319322886e+01,-1.643753750995102791e+01,-1.230420903274651323e+01,-8.646244607062369525e+00,-4.572658891426398142e+00
3.000000000000000000e+00,7.966666666666667451e-01,-2.160414227191444070e+01,-1.669579573663650507e+01,-1.251660925292365079e+01,-8.734063032441341079e+00,-4.580318330205928490e+00
3.000000000000000000e+00,8.013333333333334529e-01,-2.208368152921534744e+01,-1.688698167865568323e+01,-1.269160388554850272e+01,-8.736405029109402420e+00,-4.543186733965229429e+00
3.000000000000000000e+00,8.060000000000000497e-01,-2.258349757018879345e+01,-1.711225778814173992e+01,-1.287660697351510741e+01,-8.797106748406184451e+00,-4.551872188648311557e+00
3.000000000000000000e+00,8.106666666666666465e-01,-2.313350222206301154e+01,-1.736203153904792629e+01,-1.305999171527114378e+01,-8.815669757628667114e+00,-4.444084017045282664e+00
3.000000000000000000e+00,8.153333333333334654e-01,-2.357582424758934181e+01,-1.761870599654100999e+01,-1.326186708934851843e+01,-8.862967316318385969e+00,-4.313106906403314511e+00
3.000000000000000000e+00,8.200000000000000622e-01,-2.400787774015947207e+01,-1.782956928836635413e+01,-1.340445695623970224e+01,-8.893362320367121043e+00,-4.200759674530305965e+00
3.000000000000000000e+00,8.246666666666666590e-01,-2.451571455878136163e+01,-1.814642762887346805e+01,-1.351576079564375732e+01,-8.902495927230061668e+00,-4.174890255756482205e+00
3.000000000000000000e+00,8.293333333333333668e-01,-2.505213683591591689e+01,-1.844089462018867920e+01,-1.362404657542998265e+01,-8.941852320478407279e+00,-4.118003411106832878e+00
3.000000000000000000e+00,8.340000000000000746e-01,-2.545894476391962868e+01,-1.866215811632818955e+01,-1.379449864356398869e+01,-8.963229792901943327e+00,-3.968008543294057500e+00
3.000000000000000000e+00,8.386666666666666714e-01,-2.590389470375953707e+01,-1.890180540662833408e+01,-1.399201212063389832e+01,-9.010961474562177997e+00,-3.859537991568876780e+00
3.000000000000000000e+00,8.433333333333333792e-01,-2.638917778495796895e+01,-1.912718985859524778e+01,-1.409776641549343701e+01,-9.059487499205859606e+00,-3.695081105108274144e+00
3.000000000000000000e+00,8.480000000000000870e-01,-2.672930542952920874e+01,-1.946025792514529940e+01,-1.431039258611732379e+01,-9.025308561404008501e+00,-3.427841367856317323e+00
3.000000000000000000e+00,8.526666666666666838e-01,-2.701920367885665897e+01,-1.977717520154861219e+01,-1.447111245566402893e+01,-9.050864162648556643e+00,-3.280575171170622362e+00
3.000000000000000000e+00,8.573333333333333917e-01,-2.751282799025095827e+01,-2.003801912153140208e+01,-1.461037800802325037e+01,-9.000988541135054533e+00,-3.164640780365330031e+00
3.000000000000000000e+00,8.620000000000000995e-01,-2.794718985879615758e+01,-2.031956224297885072e+01,-1.475913455352712589e+01,-9.050515602408808036e+00,-3.060766860485543361e+00
3.000000000000000000e+00,8.666666666666666963e-01,-2.831635821761796734e+01,-2.059383618952080752e+01,-1.484776211259556078e+01,-9.060704499453569483e+00,-2.909896971715258296e+00
3.000000000000000000e+00,8.713333333333334041e-01,-2.867513416229699175e+01,-2.090553804122571080e+01,-1.498843998904061436e+01,-9.037814004271984558e+00,-2.755623195649301582e+00
3.000000000000000000e+00,8.760000000000001119e-01,-2.908207510396011131e+01,-2.111049999030108992e+01,-1.507099545417578312e+01,-9.057466239071235492e+00,-2.473349627461904454e+00
3.000000000000000000e+00,8.806666666666667087e-01,-2.947986278069070565e+01,-2.136651726742947943e+01,-1.523979161518672143e+01,-9.049231316345183629e+00,-2.249805045071159526e+00
3.000000000000000000e+00,8.853333333333334165e-01,-2.983706351227848330e+01,-2.163724346035669654e+01,-1.540464728924416349e+01,-9.030881277406523466e+00,-2.114666646561627950e+00
3.000000000000000000e+00,8.900000000000001243e-01,-3.018373681759283400e+01,-2.189043796657920282e+01,-1.552677028104054457e+01,-9.021974698767239786e+00,-1.965703173924639557e+00
3.000000000000000000e+00,8.946666666666667211e-01,-3.051230830049903631e+01,-2.222296108486090205e+01,-1.568321526721401327e+01,-8.999785133130570713e+00,-1.778326783045583559e+00
3.000000000000000000e+00,8.993333333333333179e-01,-3.080866077506273371e+01,-2.247791000227284286e+01,-1.568312818738836967e+01,-8.976252510639485038e+00,-1.588224852161411516e+00
3.000000000000000000e+00,9.040000000000000258e-01,-3.116135762590806735e+01,-2.270557437921844723e+01,-1.580037039865486470e+01,-8.954363400948782470e+00,-1.448611552176974238e+00
3.000000000000000000e+00,9.086666666666667336e-01,-3.146046542269511548e+01,-2.297003089732992009e+01,-1.584960809702136331e+01,-8.938658980749394800e+00,-1.289413125173179298e+00
3.000000000000000000e+00,9.133333333333334414e-01,-3.173294128186498853e+01,-2.329078791099904322e+01,-1.595604858539443960e+01,-8.868164332598425403e+00,-1.139975932460543628e+00
3.000000000000000000e+00,9.180000000000000382e-01,-3.200658097902606869e+01,-2.355556594133820880e+01,-1.606890475750153868e+01,-8.810494456389980300e+00,-9.691747471510736567e-01
3.000000000000000000e+00,9.226666666666667460e-01,-3.228417440905259639e+01,-2.378755526653822727e+01,-1.616442270728527575e+01,-8.785153745308454276e+00,-8.385988284750818256e-01
3.000000000000000000e+00,9.273333333333334538e-01,-3.255043300671987794e+01,-2.402887889472030025e+01,-1.623400578132431704e+01,-8.783467906471306819e+00,-7.392008543152044364e-01
3.000000000000000000e+00,9.320000000000000506e-01,-3.280534365129273766e+01,-2.428931597474362647e+01,-1.631510706060692684e+01,-8.773331229089205152e+00,-6.095343668604376042e-01
3.000000000000000000e+00,9.366666666666667584e-01,-3.304889961120956343e+01,-2.451319309825644055e+01,-1.638881093387257692e+01,-8.731252833472419539e+00,-4.826037846346112326e-01
3.000000000000000000e+00,9.413333333333333552e-01,-3.330147291372284002e+01,-2.475882870526896085e+01,-1.645381666944658150e+01,-8.686330814295198266e+00,-3.319634960598509821e-01
3.000000000000000000e+00,9.460000000000000631e-01,-3.354568854500625719e+01,-2.486024736204598184e+01,-1.654098566885978983e+01,-8.680714130748357960e+00,-2.077617583346354491e-01
3.000000000000000000e+00,9.506666666666667709e-01,-3.377843394608548522e+01,-2.503118053445957969e+01,-1.664706086234697935e+01,-8.608717386865277987e+00,-1.136776848254092975e-01
3.000000000000000000e+00,9.553333333333333677e-01,-3.399971657641494005e+01,-2.523205192236520134e+01,-1.672869717290449643e+01,-8.594326833175163216e+00,1.756334765844135004e-02
3.000000000000000000e+00,9.600000000000000755e-01,-3.420955014052629650e+01,-2.549171231446009500e+01,-1.679163004264345460e+01,-8.551902805091490478e+00,1.675999503790322198e-01
3.000000000000000000e+00,9.646666666666667833e-01,-3.440795454541551379e+01,-2.570962823269672626e+01,-1.690156192792785106e+01,-8.506571831142538898e+00,3.177266385937715376e-01
3.000000000000000000e+00,9.693333333333333801e-01,-3.459514176117701822e+01,-2.588458885848654134e+01,-1.699949571055328690e+01,-8.459959241819047904e+00,4.108828301604013356e-01
3.000000000000000000e+00,9.740000000000000879e-01,-3.477100340448386362e+01,-2.605497706201671093e+01,-1.712509483033614188e+01,-8.407851717753908716e+00,5.035028974966861970e-01
3.000000000000000000e+00,9.786666666666666847e-01,-3.492480235841821212e+01,-2.621932432177305472e+01,-1.722700721884032049e+01,-8.371600346608452980e+00,6.040215841202291047e-01
3.000000000000000000e+00,9.833333333333333925e-01,-3.506758459357915569e+01,-2.637760699721898305e+01,-1.731170823723776664e+01,-8.347302361688136330e+00,8.300412547354955040e-01
3.000000000000000000e+00,9.880000000000001004e-01,-3.519940240606474191e+01,-2.653927191184657985e+01,-1.742069425779592251e+01,-8.299123939836318797e+00,9.928630255089051504e-01
3.000000000000000000e+00,9.926666666666666972e-01,-3.536324690364261869e+01,-2.672825666342992790e+01,-1.749907769509408340e+01,-8.241075847717091563e+00,1.157010480005621123e+00
3.000000000000000000e+00,9.973333333333334050e-01,-3.550962702377030666e+01,-2.690799193107865506e+01,-1.759448286991560195e+01,-8.148717211737102062e+00,1.321308039446714933e+00
3.000000000000000000e+00,1.002000000000000224e+00,-3.562257244219522789e+01,-2.702699685226993154e+01,-1.768594308731873710e+01,-8.112535443363826815e+00,1.461131746012044097e+00
3.000000000000000000e+00,1.006666666666666821e+00,-3.572495272914611064e+01,-2.714793048096889194e+01,-1.778279042040206193e+01,-8.048455852101911390e+00,1.601168767307222129e+00
3.000000000000000000e+00,1.011333333333333417e+00,-3.581683665666037086e+01,-2.725461113558349879e+01,-1.784188326900184052e+01,-7.982832603041229547e+00,1.741432630921438296e+00
3.000000000000000000e+00,1.016000000000000014e+00,-3.589829781135828313e+01,-2.732967267139541434e+01,-1.785864838442330438e+01,-7.920635379543049304e+00,1.881936924885370344e+00
3.000000000000000000e+00,1.020666666666666611e+00,-3.596941447006080494e+01,-2.745391073763044076e+01,-1.787092654834589922e+01,-7.863587571268701559e+00,2.033829031081207273e+00
3.000000000000000000e+00,1.025333333333333430e+00,-3.603364134020240073e+01,-2.753619560712896686e+01,-1.794443803007846583e+01,-7.811820055747279667e+00,2.197067008649294717e+00
3.000000000000000000e+00,1.030000000000000027e+00,-3.615315622109264382e+01,-2.762146711199654092e+01,-1.801878221090395726e+01,-7.807548612307651403e+00,2.360620268505337016e+00
3.000000000000000000e+00,1.034666666666666845e+00,-3.626330185832912179e+01,-2.773036497687231972e+01,-1.810114911690197559e+01,-7.739091325046437042e+00,2.524507495017968228e+00
3.000000000000000000e+00,1.039333333333333442e+00,-3.637419974396441802e+01,-2.786070823806283059e+01,-1.817195290240254479e+01,-7.712314998752662021e+00,2.688747458344691754e+00
3.000000000000000000e+00,1.044000000000000039e+00,-3.646353461017454833e+01,-2.798369956485219845e+01,-1.823861046913001616e+01,-7.674874618075653743e+00,2.853359017815106480e+00
3.000000000000000000e+00,1.048666666666666636e+00,-3.651385913262084415e+01,-2.809738330288021046e+01,-1.829305802423863980e+01,-7.644058424062484036e+00,3.018361127540424071e+00
3.000000000000000000e+00,1.053333333333333455e+00,-3.647063990374254416e+01,-2.820283184679728450e+01,-1.833867176751846273e+01,-7.619202681782342168e+00,3.183772833517181766e+00
3.000000000000000000e+00,1.058000000000000052e+00,-3.646434896062306308e+01,-2.828353427392350028e+01,-1.837333201247570003e+01,-7.600226727345238409e+00,3.333209745004650060e+00
3.000000000000000000e+00,1.062666666666666870e+00,-3.645155917153650194e+01,-2.832047663030486717e+01,-1.844747701179633026e+01,-7.585625904575869605e+00,3.452214593725178471e+00
3.000000000000000000e+00,1.067333333333333467e+00,-3.636788012427557248e+01,-2.841437101739422033e+01,-1.849884386721556950e+01,-7.555889695060163724e+00,3.575088728506464975e+00
3.000000000000000000e+00,1.072000000000000064e+00,-3.630007084488902791e+01,-2.846452773024070382e+01,-1.856240324357265337e+01,-7.528523300904687687e+00,3.730454345726572640e+00
3.000000000000000000e+00,1.076666666666666661e+00,-3.624951319357816715e+01,-2.848860429202002464e+01,-1.860569855206509260e+01,-7.472364241537317042e+00,3.942858476936703216e+00
3.000000000000000000e+00,1.081333333333333258e+00,-3.619434939036085552e+01,-2.850806804814604689e+01,-1.864650275594790685e+01,-7.409861471698545365e+00,4.155915806271258006e+00
3.000000000000000000e+00,1.086000000000000076e+00,-3.610904383077002677e+01,-2.853345537823500422e+01,-1.872722621534725818e+01,-7.388050114358452269e+00,4.354745289793956253e+00
3.000000000000000000e+00,1.090666666666666895e+00,-3.609653527497326309e+01,-2.861122866955374633e+01,-1.877947699333317644e+01,-7.336528482794992811e+00,4.524253259226241219e+00
3.000000000000000000e+00,1.095333333333333492e+00,-3.607566797445900875e+01,-2.861885899969452396e+01,-1.880406611923127969e+01,-7.247841630151792280e+00,4.695672138755092817e+00
3.000000000000000000e+00,1.100000000000000089e+00,-3.593824358759783877e+01,-2.863369061061255394e+01,-1.882901506125462987e+01,-7.209242589583634064e+00,4.867702023225995767e+00
4.000000000000000000e+00,4.000000000000000222e-01,-2.821056791159056587e+01,-2.341468431033595010e+01,-1.880125730773242765e+01,-1.297008738904805547e+01,-2.700931682355843577e+00
4.000000000000000000e+00,4.046666666666666745e-01,-2.689176226130608072e+01,-2.255303001645063432e+01,-1.800529879602936134e+01,-1.262803403875975938e+01,-3.049357011506110826e+00
4.000000000000000000e+00,4.093333333333333823e-01,-2.571426568961205206e+01,-2.174109906098407663e+01,-1.727170900483426408e+01,-1.226404042780906423e+01,-3.397626055270329015e+00
4.000000000000000000e+00,4.140000000000000346e-01,-2.473075413369698694e+01,-2.090831987355780797e+01,-1.654455332762019637e+01,-1.177115099623762262e+01,-3.647585453621939422e+00
4.000000000000000000e+00,4.186666666666666869e-01,-2.364588260947385123e+01,-2.021788599936249753e+01,-1.589504518025113100e+01,-1.129699385607455575e+01,-3.696894152700276770e+00
4.000000000000000000e+00,4.233333333333333393e-01,-2.291256144388974647e+01,-1.949819083796640129e+01,-1.527755868683821028e+01,-1.077163007773102699e+01,-3.342181801156627774e+00
4.000000000000000000e+00,4.280000000000000471e-01,-2.204521734033249558e+01,-1.885919658400846899e+01,-1.453877680417124196e+01,-1.014405317834654063e+01,-3.203188268106691883e+00
4.000000000000000000e+00,4.326666666666666994e-01,-2.154942597924454972e+01,-1.816315320991682469e+01,-1.394565732213513698e+01,-9.539121342100223444e+00,-3.146667709021905956e+00
4.000000000000000000e+00,4.373333333333333517e-01,-2.098822311214316372e+01,-1.743604431015443268e+01,-1.329308958414162944e+01,-8.877286708091626011e+00,-3.211393537868800774e+00
4.000000000000000000e+00,4.420000000000000040e-01,-2.026361153524860370e+01,-1.689957408202149836e+01,-1.263973579578702733e+01,-8.359843153114129066e+00,-3.127169755652807304e+00
4.000000000000000000e+00,4.466666666666667118e-01,-1.977034144828594719e+01,-1.630785409639888073e+01,-1.208908823369865715e+01,-7.846565453163384163e+00,-2.567152753971571943e+00
4.000000000000000000e+00,4.513333333333333641e-01,-1.934341950674795285e+01,-1.569727595279991661e+01,-1.150349171413425964e+01,-7.216345830589081523e+00,-1.875298509387187895e+00
4.000000000000000000e+00,4.560000000000000164e-01,-1.906252328093544435e+01,-1.515263727090270685e+01,-1.099137968475481131e+01,-6.601508327344605576e+00,-1.279138579037510715e+00
4.000000000000000000e+00,4.606666666666666687e-01,-1.880359819317762415e+01,-1.464695842396479009e+01,-1.052978500793340189e+01,-6.042481635515500216e+00,-5.834489086930144675e-01
4.000000000000000000e+00,4.653333333333333766e-01,-1.847435216612518616e+01,-1.416246182346215576e+01,-9.947247369353931390e+00,-5.417727609456621352e+00,3.756420759528908415e-01
4.000000000000000000e+00,4.700000000000000289e-01,-1.826392708261560216e+01,-1.377494170282454888e+01,-9.432244763305657642e+00,-4.714757178113989866e+00,1.298879266894455764e+00
4.000000000000000000e+00,4.746666666666666812e-01,-1.804951918847008940e+01,-1.332007015950320117e+01,-8.958373899815425645e+00,-4.084226199069803442e+00,2.310839695136458261e+00
4.000000000000000000e+00,4.793333333333333890e-01,-1.786557116766027065e+01,-1.284045955164590502e+01,-8.447882749318290863e+00,-3.448189482900070324e+00,3.505461594621444466e+00
4.000000000000000000e+00,4.840000000000000413e-01,-1.776452807535013179e+01,-1.237026704987637871e+01,-7.972206726408037625e+00,-2.766134563851503358e+00,4.444651256680811180e+00
4.000000000000000000e+00,4.886666666666666936e-01,-1.756080587666057369e+01,-1.203410980416155063e+01,-7.478305665918211886e+00,-1.964888344928219288e+00,5.484545392545283171e+00
4.000000000000000000e+00,4.933333333333333459e-01,-1.754902770252964217e+01,-1.168605006721770145e+01,-6.934141182159399008e+00,-1.121931672277378889e+00,6.576925339241826762e+00
4.000000000000000000e+00,4.979999999999999982e-01,-1.743138967027976705e+01,-1.133238371413599843e+01,-6.470597835822358590e+00,-5.840806437675185592e-01,7.632102769509224061e+00
4.000000000000000000e+00,5.026666666666667060e-01,-1.755429846548084782e+01,-1.114567687333307155e+01,-5.944230599774858348e+00,1.897119032975531916e-01,8.711954290221223474e+00
4.000000000000000000e+00,5.073333333333334139e-01,-1.739056973869944045e+01,-1.089060078773317386e+01,-5.493179711175111279e+00,8.494639551316306436e-01,9.725836682365203600e+00
4.000000000000000000e+00,5.120000000000000107e-01,-1.733688310246527564e+01,-1.060069893094427762e+01,-5.019396988095756740e+00,1.603286967414749187e+00,1.073581558824809967e+01
4.000000000000000000e+00,5.166666666666667185e-01,-1.726140855746507086e+01,-1.033444608427144473e+01,-4.446349869102064645e+00,2.409990035658111651e+00,1.174719412332173363e+01
4.000000000000000000e+00,5.213333333333334263e-01,-1.727229320509455235e+01,-1.009694628388102977e+01,-3.976232968199654660e+00,3.090164939701653957e+00,1.276991669458159961e+01
4.000000000000000000e+00,5.260000000000000231e-01,-1.727331561312304586e+01,-1.003822150625935095e+01,-3.476007162334008527e+00,3.950075421602464054e+00,1.378364681047173690e+01
4.000000000000000000e+00,5.306666666666667309e-01,-1.734365350176290121e+01,-9.850385370904426452e+00,-2.924758435000404333e+00,4.794314478129198420e+00,1.478217535844703967e+01
4.000000000000000000e+00,5.353333333333333277e-01,-1.742144226010576347e+01,-9.777933839465861254e+00,-2.506089680590694257e+00,5.639567460413167588e+00,1.577985581993996078e+01
4.000000000000000000e+00,5.400000000000000355e-01,-1.749948437729318940e+01,-9.615497765961794840e+00,-2.069690413228994608e+00,6.460472740909979805e+00,1.677253955637356597e+01
4.000000000000000000e+00,5.446666666666666323e-01,-1.759060480124216497e+01,-9.300766817664694486e+00,-1.606859539020135008e+00,7.234039382486665559e+00,1.775343581638490775e+01
4.000000000000000000e+00,5.493333333333333401e-01,-1.768891179136715763e+01,-9.106552540028314269e+00,-1.170189339995955979e+00,8.004261664361873585e+00,1.872322888397664187e+01
4.000000000000000000e+00,5.540000000000000480e-01,-1.776476054201513932e+01,-8.945080091156675905e+00,-6.686285096312216680e-01,8.726565504449117938e+00,1.968258860194929838e+01
4.000000000000000000e+00,5.586666666666666448e-01,-1.799767817575172302e+01,-8.809112801583630414e+00,-2.099405718730885662e-01,9.366603905627819415e+00,2.063287471301899956e+01
4.000000000000000000e+00,5.633333333333333526e-01,-1.834064641433861809e+01,-8.715749378269673997e+00,2.860245414142377207e-01,1.002794439987350472e+01,2.156652782017922831e+01
4.000000000000000000e+00,5.680000000000000604e-01,-1.868974682535911214e+01,-8.590580429787943118e+00,8.101256218164455403e-01,1.071927912486055945e+01,2.246465006611617810e+01
4.000000000000000000e+00,5.726666666666666572e-01,-1.884654997552498301e+01,-8.457497594111192285e+00,1.225773099928644472e+00,1.145451430136070137e+01,2.335262905720904314e+01
4.000000000000000000e+00,5.773333333333333650e-01,-1.897395421843904728e+01,-8.315479863429711571e+00,1.761655908165575823e+00,1.220319902153097225e+01,2.423114692676677606e+01
4.000000000000000000e+00,5.820000000000000728e-01,-1.904823524987020633e+01,-8.090063582421681332e+00,2.203196809846693416e+00,1.296017324775387536e+01,2.510276082331781922e+01
4.000000000000000000e+00,5.866666666666666696e-01,-1.910530351358473311e+01,-7.859531294830399695e+00,2.591064457926337994e+00,1.369573708468886508e+01,2.599164075548497621e+01
4.000000000000000000e+00,5.913333333333333774e-01,-1.927835784508791406e+01,-7.759219779884805490e+00,3.055448099916842963e+00,1.438768089555055063e+01,2.690021338554145558e+01
4.000000000000000000e+00,5.960000000000000853e-01,-1.949161837872633285e+01,-7.691095407984298582e+00,3.571373827860102601e+00,1.510955977937573813e+01,2.780619600686269166e+01
4.000000000000000000e+00,6.006666666666666821e-01,-1.972936990379655597e+01,-7.443062120863272568e+00,4.029699021652563218e+00,1.584455649464580240e+01,2.871030873296108510e+01
4.000000000000000000e+00,6.053333333333333899e-01,-1.993399332801290669e+01,-7.288176430129653660e+00,4.505639454954968315e+00,1.658261425368855058e+01,2.961319531133613836e+01
4.000000000000000000e+00,6.100000000000000977e-01,-2.010304729760651199e+01,-7.149642323917587028e+00,5.011745463817119273e+00,1.727164908108959551e+01,3.051501626665083577e+01
4.000000000000000000e+00,6.146666666666666945e-01,-2.020750987998836479e+01,-6.984622184995739502e+00,5.508718533545141405e+00,1.798613188412031860e+01,3.139928851974249824e+01
4.000000000000000000e+00,6.193333333333334023e-01,-2.045690925376978697e+01,-6.798993010521669156e+00,6.002316757537188963e+00,1.868433943221282689e+01,3.228260916872060449e+01
4.000000000000000000e+00,6.240000000000001101e-01,-2.067224551722542003e+01,-6.746326526398934043e+00,6.430436000235429717e+00,1.942607345333702895e+01,3.316695833141943694e+01
4.000000000000000000e+00,6.286666666666667069e-01,-2.066715940209312663e+01,-6.662836248857585630e+00,6.907896349084449383e+00,2.015209866131019822e+01,3.405220742211353979e+01
4.000000000000000000e+00,6.333333333333334147e-01,-2.107701771437904981e+01,-6.551594708926276489e+00,7.404399499789214190e+00,2.087654327993677938e+01,3.492505809677969353e+01
4.000000000000000000e+00,6.380000000000000115e-01,-2.151709464642226521e+01,-6.418250160842555729e+00,7.841122488299782312e+00,2.159968889125745761e+01,3.576533207472188991e+01
4.000000000000000000e+00,6.426666666666667194e-01,-2.185240169754396788e+01,-6.204348873468462422e+00,8.294507497258319262e+00,2.231935674511373335e+01,3.660730988099253125e+01
4.000000000000000000e+00,6.473333333333333162e-01,-2.213785121675041268e+01,-6.053905763646254989e+00,8.732062339866939027e+00,2.304049996704057435e+01,3.744996213349683245e+01
4.000000000000000000e+00,6.520000000000000240e-01,-2.242220243651555123e+01,-5.838406133632646267e+00,9.170777548105611743e+00,2.374346982958887509e+01,3.829378885298605439e+01
4.000000000000000000e+00,6.566666666666667318e-01,-2.296144352642079411e+01,-5.655178818057549073e+00,9.592228424606139114e+00,2.444805806361462075e+01,3.915151327646754709e+01
4.000000000000000000e+00,6.613333333333333286e-01,-2.321458324215191027e+01,-5.466295442913120084e+00,1.007761350566204506e+01,2.516707037789829471e+01,4.001234997257481751e+01
4.000000000000000000e+00,6.660000000000000364e-01,-2.327811264324796880e+01,-5.350543840642955296e+00,1.056758661890986062e+01,2.588767337991595596e+01,4.089673637269022777e+01
4.000000000000000000e+00,6.706666666666667442e-01,-2.331542620278771949e+01,-5.216724494513918842e+00,1.105799379702397900e+01,2.660729689812896837e+01,4.178547371127378796e+01
4.000000000000000000e+00,6.753333333333333410e-01,-2.335181429686619126e+01,-4.976420856022487627e+00,1.150247697945458114e+01,2.732527187717049699e+01,4.267902036361572016e+01
4.000000000000000000e+00,6.800000000000000488e-01,-2.338728065136231038e+01,-4.753783127726976865e+00,1.195866841605869624e+01,2.804465409171663381e+01,4.357783361210896800e+01
4.000000000000000000e+00,6.846666666666667567e-01,-2.359725864108516191e+01,-4.579199860715034376e+00,1.243199606653304201e+01,2.876570112052031192e+01,4.448914839189728809e+01
4.000000000000000000e+00,6.893333333333333535e-01,-2.382060814643370250e+01,-4.392669217083268407e+00,1.289063816488820891e+01,2.948866986240929933e+01,4.542729477378091474e+01
4.000000000000000000e+00,6.940000000000000613e-01,-2.404500274039981988e+01,-4.193457856982999665e+00,1.337284428626827548e+01,3.021381666116919718e+01,4.639176548076336104e+01
4.000000000000000000e+00,6.986666666666667691e-01,-2.427864392651277825e+01,-4.052578146879758592e+00,1.384598123018224491e+01,3.094353587790542193e+01,4.735914625456506855e+01
4.000000000000000000e+00,7.033333333333333659e-01,-2.440091513526678568e+01,-3.880160834413611592e+00,1.429800604781276618e+01,3.167589800781793841e+01,4.829357537393734390e+01
4.000000000000000000e+00,7.080000000000000737e-01,-2.445395632614288317e+01,-3.674700955007765391e+00,1.473823720532941550e+01,3.241110376885134059e+01,4.923857727790046823e+01
4.000000000000000000e+00,7.126666666666667815e-01,-2.450261322725123492e+01,-3.538116909480121919e+00,1.517896879861732806e+01,3.314941167555182489e+01,5.019216109786122360e+01
4.000000000000000000e+00,7.173333333333333783e-01,-2.465160152702074114e+01,-3.424626172104570543e+00,1.563978723414954075e+01,3.389108035455168277e+01,5.115478694122828074e+01
4.000000000000000000e+00,7.219999999999999751e-01,-2.473160529013704334e+01,-3.301636335021236324e+00,1.610287065446001264e+01,3.463636847290817400e+01,5.212691678645502691e+01
4.000000000000000000e+00,7.266666666666667940e-01,-2.473529882879327246e+01,-3.168328577658979572e+00,1.656074894299194966e+01,3.538553492750028795e+01,5.310901487858577497e+01
4.000000000000000000e+00,7.313333333333333908e-01,-2.476460142105520035e+01,-3.076190304198677339e+00,1.702021053435113629e+01,3.613883896846915178e+01,5.410154803849438565e+01
4.000000000000000000e+00,7.359999999999999876e-01,-2.480375131414348644e+01,-2.952049735131649921e+00,1.748188243166624289e+01,3.689654032244460069e+01,5.511376117651968087e+01
4.000000000000000000e+00,7.406666666666666954e-01,-2.484183021869815633e+01,-2.753510201012642877e+00,1.793701730587092413e+01,3.765889931563156523e+01,5.617097552504410629e+01
4.000000000000000000e+00,7.453333333333334032e-01,-2.512516103138961654e+01,-2.598562563158750116e+00,1.840040248135898793e+01,3.842617699683047050e+01,5.724027580166266915e+01
4.000000000000000000e+00,7.500000000000000000e-01,-2.554812183999204223e+01,-2.429787820489874850e+00,1.887153402751632925e+01,3.919863526046485447e+01,5.832210708911600250e+01
4.000000000000000000e+00,7.546666666666667078e-01,-2.592696038423348526e+01,-2.249101871624573867e+00,1.934364417487075372e+01,3.997653691021336897e+01,5.941691896770856118e+01
4.000000000000000000e+00,7.593333333333334156e-01,-2.619746136583275131e+01,-2.100890689867167982e+00,1.981681734414818052e+01,4.076014596170595894e+01,6.052516598707107676e+01
4.000000000000000000e+00,7.640000000000000124e-01,-2.633127504879755065e+01,-1.952579829075519413e+00,2.029561682675443635e+01,4.154972758554492174e+01,6.164730771631482042e+01
4.000000000000000000e+00,7.686666666666667203e-01,-2.642133185882263291e+01,-1.830417089136408659e+00,2.077673734117753668e+01,4.234554829160583722e+01,6.278380908073408762e+01
4.000000000000000000e+00,7.733333333333334281e-01,-2.650980422281989846e+01,-1.660030261495964110e+00,2.125908888885813752e+01,4.314787605320082520e+01,6.393514063021926574e+01
4.000000000000000000e+00,7.780000000000000249e-01,-2.659669255943189015e+01,-1.504046836845385204e+00,2.170086719123820629e+01,4.395673224903558918e+01,6.510177881080147699e+01
4.000000000000000000e+00,7.826666666666667327e-01,-2.668199736531649080e+01,-1.355437213977457311e+00,2.214345943675719752e+01,4.476167402294696984e+01,6.628420623952874280e+01
4.000000000000000000e+00,7.873333333333334405e-01,-2.676778560413388419e+01,-1.195711994481986729e+00,2.260666183223360548e+01,4.558047715480729778e+01,6.748291198287672898e+01
4.000000000000000000e+00,7.920000000000000373e-01,-2.693135521874683036e+01,-1.036334368630177805e+00,2.307675935746729934e+01,4.641187745089154504e+01,6.869839183890030654e+01
4.000000000000000000e+00,7.966666666666667451e-01,-2.709710060639390861e+01,-8.439180622196997827e-01,2.353285684237233610e+01,4.725118258103134394e+01,6.993114855705383093e+01
4.000000000000000000e+00,8.013333333333334529e-01,-2.727916361248871624e+01,-6.874312409762071141e-01,2.398906782478519517e+01,4.809866893337566296e+01,7.118169232802186741e+01
4.000000000000000000e+00,8.060000000000000497e-01,-2.752974729749657001e+01,-5.495993112971683248e-01,2.444728761329443500e+01,4.895461521711161623e+01,7.245054087801663911e+01
4.000000000000000000e+00,8.106666666666666465e-01,-2.780555431912332054e+01,-4.021808902182679168e-01,2.490758659708276923e+01,4.981930264477714587e+01,7.373821983505948197e+01
4.000000000000000000e+00,8.153333333333334654e-01,-2.808200479237292058e+01,-2.745694534204526915e-01,2.539666386490902994e+01,5.069301506031374771e+01,7.504526303302728252e+01
4.000000000000000000e+00,8.200000000000000622e-01,-2.835601904819874264e+01,-1.373614065710555554e-01,2.589266756767147371e+01,5.157603906825719520e+01,7.637221282073937800e+01
4.000000000000000000e+00,8.246666666666666590e-01,-2.862757133679713561e+01,1.714894066153166722e-03,2.639085658620916774e+01,5.246866416414214740e+01,7.771962037631644193e+01
4.000000000000000000e+00,8.293333333333333668e-01,-2.889663621063236931e+01,1.468309728793679714e-01,2.689132607407191244e+01,5.337118286619485019e+01,7.908804602704313425e+01
4.000000000000000000e+00,8.340000000000000746e-01,-2.916318852771194159e+01,3.115276323372245248e-01,2.739417151437803355e+01,5.428389084839143663e+01,8.047805957497398310e+01
4.000000000000000000e+00,8.386666666666666714e-01,-2.942840046451881264e+01,4.419976784089157951e-01,2.787336139386255240e+01,5.520708702375233656e+01,8.188239959449603589e+01
4.000000000000000000e+00,8.433333333333333792e-01,-2.969199845448273933e+01,5.809228102324719423e-01,2.835500372208194619e+01,5.614107383462395973e+01,8.330727726952362389e+01
4.000000000000000000e+00,8.480000000000000870e-01,-2.995300447730622295e+01,7.252208077187872748e-01,2.883938322385510844e+01,5.708615723536869524e+01,8.472907364150597687e+01
4.000000000000000000e+00,8.526666666666666838e-01,-3.021139427180672499e+01,8.693289697852496500e-01,2.932657699808003215e+01,5.804264688353961077e+01,8.616010306402169761e+01
4.000000000000000000e+00,8.573333333333333917e-01,-3.040250352917828280e+01,1.013253205712558280e+00,2.980819077058402300e+01,5.901085628094033808e+01,8.761551845406297900e+01
4.000000000000000000e+00,8.620000000000000995e-01,-3.057071562210940741e+01,1.123504592843885375e+00,3.026270756605596191e+01,5.999110291652648641e+01,8.909597350025710227e+01
4.000000000000000000e+00,8.666666666666666963e-01,-3.074008262783183199e+01,1.225234042560512604e+00,3.076346466031295535e+01,6.098177612965164229e+01,9.060213377083651665e+01
4.000000000000000000e+00,8.713333333333334041e-01,-3.090700919904851318e+01,1.337712361138528427e+00,3.126974866112054485e+01,6.196615837790987058e+01,9.213467713523837688e+01
4.000000000000000000e+00,8.760000000000001119e-01,-3.113336120735278101e+01,1.470470731752979043e+00,3.177925432272216710e+01,6.296253704699415010e+01,9.369429419393661362e+01
4.000000000000000000e+00,8.806666666666667087e-01,-3.130173142822417987e+01,1.645778485858555129e+00,3.230888538328422754e+01,6.397118719269133180e+01,9.528168864821708439e+01
4.000000000000000000e+00,8.853333333333334165e-01,-3.145935938470413262e+01,1.833611797172787661e+00,3.284734493803259880e+01,6.499238787354475733e+01,9.689863830681649404e+01
4.000000000000000000e+00,8.900000000000001243e-01,-3.162183107521009617e+01,2.016072989484996913e+00,3.338929929816666231e+01,6.602642213578499764e+01,9.854716792570562234e+01
4.000000000000000000e+00,8.946666666666667211e-01,-3.178183568271927228e+01,2.158740652761501622e+00,3.393456353109083068e+01,6.707357716454770014e+01,1.002255768329216323e+02
4.000000000000000000e+00,8.993333333333333179e-01,-3.193936217553349977e+01,2.303840249360780135e+00,3.447658989009395469e+01,6.813759436511438139e+01,1.019346207586426658e+02
4.000000000000000000e+00,9.040000000000000258e-01,-3.214666437232740037e+01,2.448512200952404960e+00,3.502237231319712407e+01,6.924119679844498876e+01,1.036750708137321055e+02
4.000000000000000000e+00,9.086666666666667336e-01,-3.235435813035631725e+01,2.593040952130124754e+00,3.557201007902024514e+01,7.036032987661761240e+01,1.054477139797252079e+02
4.000000000000000000e+00,9.133333333333334414e-01,-3.255926618484292590e+01,2.737433356829236164e+00,3.612560320275876791e+01,7.149535851871910097e+01,1.072533536099417972e+02
4.000000000000000000e+00,9.180000000000000382e-01,-3.276137160690703354e+01,2.887442311435948650e+00,3.668325246123674788e+01,7.264665353987135177e+01,1.090928099421360002e+02
4.000000000000000000e+00,9.226666666666667460e-01,-3.287311775674238845e+01,3.012674397141470894e+00,3.724366621967794799e+01,7.381459177572826036e+01,1.109669205568666257e+02
4.000000000000000000e+00,9.273333333333334538e-01,-3.298094906608959320e+01,3.131523151258260196e+00,3.778363324717790306e+01,7.499955638843310624e+01,1.128765411134231869e+02
4.000000000000000000e+00,9.320000000000000506e-01,-3.308629297327291141e+01,3.235728330136277364e+00,3.832776704392334466e+01,7.620193690787463936e+01,1.148225457005036105e+02
4.000000000000000000e+00,9.366666666666667584e-01,-3.318914549288900417e+01,3.352122208887511778e+00,3.887615313144744533e+01,7.742212945519547418e+01,1.168058274658458942e+02
4.000000000000000000e+00,9.413333333333333552e-01,-3.328950288093920307e+01,3.489031754749768677e+00,3.942887782419043674e+01,7.866053692492613436e+01,1.188272991931367670e+02
4.000000000000000000e+00,9.460000000000000631e-01,-3.339029153758270496e+01,3.651089153189667424e+00,3.998602824818051715e+01,7.991756917066342680e+01,1.208878938931691351e+02
4.000000000000000000e+00,9.506666666666667709e-01,-3.349180108056654603e+01,3.812947897671994379e+00,4.056555488049818337e+01,8.119364319440133215e+01,1.229885654097416392e+02
4.000000000000000000e+00,9.553333333333333677e-01,-3.359077851538996384e+01,3.949241909380267757e+00,4.115811911144673729e+01,8.248918333962757288e+01,1.251302890408103536e+02
4.000000000000000000e+00,9.600000000000000755e-01,-3.368722032837067104e+01,4.088379559259695206e+00,4.175574045902676090e+01,8.380462148830011415e+01,1.273140621754146764e+02
4.000000000000000000e+00,9.646666666666667833e-01,-3.378112325356511292e+01,4.230398388341868099e+00,4.235853098332020039e+01,8.513391236069455204e+01,1.295409048809708281e+02
4.000000000000000000e+00,9.693333333333333801e-01,-3.387248427913707616e+01,4.372363807590821771e+00,4.297414731101392249e+01,8.648332845922477929e+01,1.318118607711079164e+02
4.000000000000000000e+00,9.740000000000000879e-01,-3.397143062221903165e+01,4.514282600506605903e+00,4.359879948466538480e+01,8.785359485066187801e+01,1.341279974955185423e+02
4.000000000000000000e+00,9.786666666666666847e-01,-3.411690923754267146e+01,4.647243168815744951e+00,4.422915711367475922e+01,8.924516167744971540e+01,1.364904075114085060e+02
4.000000000000000000e+00,9.833333333333333925e-01,-3.425960553925710883e+01,4.764272242564256743e+00,4.486534796568494698e+01,9.063012030622373061e+01,1.389002088076726409e+02
4.000000000000000000e+00,9.880000000000001004e-01,-3.439951070179547798e+01,4.917299898600203001e+00,4.549192903810644850e+01,9.202799040289472998e+01,1.413585456483110363e+02
4.000000000000000000e+00,9.926666666666666972e-01,-3.453661621164901163e+01,5.063923035675855111e+00,4.612336984840132459e+01,9.344668212109567662e+01,1.438665893357243419e+02
4.000000000000000000e+00,9.973333333333334050e-01,-3.467091386813593346e+01,5.196499387812854920e+00,4.676069187570405461e+01,9.488661989675497921e+01,1.464255389945462866e+02
4.000000000000000000e+00,1.002000000000000224e+00,-3.480239578412665935e+01,5.329099546820435407e+00,4.740401194415289865e+01,9.634823577802808359e+01,1.490366223766888538e+02
4.000000000000000000e+00,1.006666666666666821e+00,-3.493105438212810299e+01,5.461729199393211331e+00,4.805344812583083325e+01,9.783196956664747290e+01,1.517010966212966139e+02
4.000000000000000000e+00,1.011333333333333417e+00,-3.505688240900565944e+01,5.602125150091105787e+00,4.870911984689132623e+01,9.933826912279722876e+01,1.544202493049359077e+02
4.000000000000000000e+00,1.016000000000000014e+00,-3.517987292219642370e+01,5.745573145304664564e+00,4.937114784200196027e+01,1.008574231972095134e+02,1.571953991143026883e+02
4.000000000000000000e+00,1.020666666666666611e+00,-3.530001929514976666e+01,5.889027666720004994e+00,5.003828393517078155e+01,1.023991081249464514e+02,1.600278968099632948e+02
4.000000000000000000e+00,1.025333333333333430e+00,-3.541731521783145098e+01,6.032495978326650743e+00,5.069758819159302021e+01,1.040098557946768096e+02,1.629191261483667290e+02
4.000000000000000000e+00,1.030000000000000027e+00,-3.553175469718257062e+01,6.172943755883946615e+00,5.136334286688665429e+01,1.056680442137652705e+02,1.658705048295884694e+02
4.000000000000000000e+00,1.034666666666666845e+00,-3.564333205753395362e+01,6.314366033212344576e+00,5.203566063251911089e+01,1.073540533916133484e+02,1.688834854716452298e+02
4.000000000000000000e+00,1.039333333333333442e+00,-3.575204194097511845e+01,6.450703737740710153e+00,5.271465550412176526e+01,1.090684755773578303e+02,1.719595566122392825e+02
4.000000000000000000e+00,1.044000000000000039e+00,-3.585787930767837395e+01,6.587114818874226785e+00,5.340044286825702358e+01,1.108119148847087558e+02,1.751002437388268618e+02
4.000000000000000000e+00,1.048666666666666636e+00,-3.596083943288059004e+01,6.723605471583510074e+00,5.409911980832943357e+01,1.125667312946860221e+02,1.783071102784400921e+02
4.000000000000000000e+00,1.053333333333333455e+00,-3.600288244791838821e+01,6.860181926412527886e+00,5.481552562175173193e+01,1.143049981352912141e+02,1.815817588949016681e+02
4.000000000000000000e+00,1.058000000000000052e+00,-3.601115015882275827e+01,6.999603188195683501e+00,5.553947754871396825e+01,1.160710402075120982e+02,1.849258324024409603e+02
4.000000000000000000e+00,1.062666666666666870e+00,-3.601685036514641780e+01,7.140534530673152247e+00,5.627111177471245895e+01,1.179147840479937628e+02,1.883410149873344039e+02
4.000000000000000000e+00,1.067333333333333467e+00,-3.601998965550631482e+01,7.282767540816140084e+00,5.701056620100712280e+01,1.198241351870289861e+02,1.918290333939500840e+02
4.000000000000000000e+00,1.072000000000000064e+00,-3.602819614425776251e+01,7.436110756760021090e+00,5.775798048094268466e+01,1.217677016190699817e+02,1.953959603979689916e+02
4.000000000000000000e+00,1.076666666666666661e+00,-3.603496909093873057e+01,7.589518873001767751e+00,5.851349605680955790e+01,1.237440439062692690e+02,1.990415074072742243e+02
4.000000000000000000e+00,1.081333333333333258e+00,-3.603917406272874047e+01,7.743000738046644571e+00,5.927725619725798367e+01,1.257461951183993420e+02,2.027658374026692059e+02
4.000000000000000000e+00,1.086000000000000076e+00,-3.603048188725490064e+01,7.896565209591320134e+00,6.004940603527730758e+01,1.277842585643564917e+02,2.065708788768135378e+02
4.000000000000000000e+00,1.090666666666666895e+00,-3.596657757850410064e+01,8.050221144067595702e+00,6.085035408929044820e+01,1.298590106707910365e+02,2.104586099621394908e+02
4.000000000000000000e+00,1.095333333333333492e+00,-3.590027687128667111e+01,8.203410018479843302e+00,6.166082297438600790e+01,1.319501481705845833e+02,2.144310600865154584e+02
4.000000000000000000e+00,1.100000000000000089e+00,-3.583159435333980980e+01,8.328965029679403997e+00,6.246741871908052701e+01,1.340405318103208003e+02,2.184903112309243909e+02
5.000000000000000000e+00,4.000000000000000222e-01,-8.327727281565407225e+01,-6.661854080100054887e+01,-4.557341397595384080e+01,1.028808124513686728e+01,1.120487144193415503e+02
5.000000000000000000e+00,4.046666666666666745e-01,-8.476750195567879587e+01,-6.728418525022230767e+01,-4.603731443328670281e+01,1.032802162323754303e+01,1.106790469690854906e+02
5.000000000000000000e+00,4.093333333333333823e-01,-8.611251558982725385e+01,-6.822265194774938379e+01,-4.635771192485627523e+01,1.036721741145607290e+01,1.093315616827502481e+02
5.000000000000000000e+00,4.140000000000000346e-01,-8.798785007703425265e+01,-6.896197002223136963e+01,-4.682911812003423790e+01,1.040567702364915093e+01,1.080059232644330081e+02
5.000000000000000000e+00,4.186666666666666869e-01,-8.900859328962694406e+01,-7.001387290886385983e+01,-4.698695405004697534e+01,1.044340900535568117e+01,1.067018025451877463e+02
5.000000000000000000e+00,4.233333333333333393e-01,-9.021223250390887927e+01,-7.080983001047026448e+01,-4.714600558113768614e+01,1.048042201559258757e+01,1.054188762523836118e+02
5.000000000000000000e+00,4.280000000000000471e-01,-9.169305832037815662e+01,-7.173473031399180400e+01,-4.747119616818893917e+01,1.051672483188291984e+01,1.041568270213963103e+02
5.000000000000000000e+00,4.326666666666666994e-01,-9.396535648154956277e+01,-7.267815080148523066e+01,-4.753106077626037518e+01,1.055232634017366067e+01,1.029153432502779992e+02
5.000000000000000000e+00,4.373333333333333517e-01,-9.610030088761425304e+01,-7.379627593683041198e+01,-4.758261615364682484e+01,1.058723552864942441e+01,1.016941189965188101e+02
5.000000000000000000e+00,4.420000000000000040e-01,-9.878578737269370436e+01,-7.475109158284173816e+01,-4.758023411238933420e+01,1.062146148167454740e+01,1.004928538761109706e+02
5.000000000000000000e+00,4.466666666666667118e-01,-1.003304129530669115e+02,-7.575761093975825133e+01,-4.763994777545291726e+01,1.065501337386410441e+01,9.931125296486122522e+01
5.000000000000000000e+00,4.513333333333333641e-01,-1.023577157950829815e+02,-7.694201107798889439e+01,-4.767055308956861381e+01,1.068790046428396678e+01,9.814902670189850653e+01
5.000000000000000000e+00,4.560000000000000164e-01,-1.041489986088836588e+02,-7.781335961942264134e+01,-4.776288236627016204e+01,1.072013209077989337e+01,9.700589079532544190e+01
5.000000000000000000e+00,4.606666666666666687e-01,-1.058801687921946098e+02,-7.859963534426968579e+01,-4.774237058876674666e+01,1.074992983666378521e+01,9.588156617140951710e+01
5.000000000000000000e+00,4.653333333333333766e-01,-1.079546474335304538e+02,-7.989955490149651496e+01,-4.771924706955816475e+01,1.077693158207968516e+01,9.477577876018746394e+01
5.000000000000000000e+00,4.700000000000000289e-01,-1.093683261687633035e+02,-8.098576400780549989e+01,-4.787864350619160092e+01,1.080293571318621915e+01,9.368825953125492845e+01
5.000000000000000000e+00,4.746666666666666812e-01,-1.111016617997156715e+02,-8.237466387720449745e+01,-4.788388541295358181e+01,1.082795490932049987e+01,9.261874436624771079e+01
5.000000000000000000e+00,4.793333333333333890e-01,-1.135142630819854617e+02,-8.366670546895741722e+01,-4.787845333674472670e+01,1.085200189573560614e+01,9.156697397448880338e+01
5.000000000000000000e+00,4.840000000000000413e-01,-1.155133658289251599e+02,-8.466758054206971451e+01,-4.786884801200773154e+01,1.087508943723409160e+01,9.053269381049868514e+01
5.000000000000000000e+00,4.886666666666666936e-01,-1.173498792992063784e+02,-8.526657990193150738e+01,-4.794340955865202147e+01,1.089723033196963442e+01,8.951565399332635309e+01
5.000000000000000000e+00,4.933333333333333459e-01,-1.192493621462087958e+02,-8.607281796372876670e+01,-4.804588854998178249e+01,1.091843740541570718e+01,8.851560922766012141e+01
5.000000000000000000e+00,4.979999999999999982e-01,-1.209066294885087558e+02,-8.705575677061824535e+01,-4.797269736671213991e+01,1.093872350450011055e+01,8.753231872667824121e+01
5.000000000000000000e+00,5.026666666666667060e-01,-1.226469068176026269e+02,-8.794279978769550610e+01,-4.792202962289542967e+01,1.095810149718676385e+01,8.656554617833432985e+01
5.000000000000000000e+00,5.073333333333334139e-01,-1.241286121518695751e+02,-8.869154672165295494e+01,-4.790146558178788894e+01,1.097658425122020809e+01,8.561505954634100135e+01
5.000000000000000000e+00,5.120000000000000107e-01,-1.256568766684553111e+02,-8.949973899339764216e+01,-4.784129658494083515e+01,1.099418464433082576e+01,8.468063112324227859e+01
5.000000000000000000e+00,5.166666666666667185e-01,-1.273175030928413918e+02,-9.015526796643379726e+01,-4.797381673855864648e+01,1.101091555386934395e+01,8.376203741810694225e+01
5.000000000000000000e+00,5.213333333333334263e-01,-1.291983698785785180e+02,-9.123154974242537207e+01,-4.817229778492536241e+01,1.102678985174744675e+01,8.285905908751384175e+01
5.000000000000000000e+00,5.260000000000000231e-01,-1.308133451950655797e+02,-9.181300386043287176e+01,-4.814926570207187240e+01,1.106794414483568545e+01,8.197148086805751177e+01
5.000000000000000000e+00,5.306666666666667309e-01,-1.322082497750497510e+02,-9.252571699800991212e+01,-4.806452735438355717e+01,1.112505996841039035e+01,8.109909151034267438e+01
5.000000000000000000e+00,5.353333333333333277e-01,-1.333238096228901099e+02,-9.327999640114903457e+01,-4.808008665286374850e+01,1.118059597279753881e+01,8.024168371443536785e+01
5.000000000000000000e+00,5.400000000000000355e-01,-1.346102807229545419e+02,-9.388803961862652159e+01,-4.797052487533387932e+01,1.122826291613082539e+01,7.939905406673882737e+01
5.000000000000000000e+00,5.446666666666666323e-01,-1.362939512615299691e+02,-9.452347840816136681e+01,-4.780183725334165956e+01,1.125762559869302670e+01,7.857100301962120170e+01
5.000000000000000000e+00,5.493333333333333401e-01,-1.373893398422346195e+02,-9.484752197304366916e+01,-4.759422018668465171e+01,1.128638726338778575e+01,7.775733470684089355e+01
5.000000000000000000e+00,5.540000000000000480e-01,-1.384159912344789518e+02,-9.543002683761361027e+01,-4.742384176693987285e+01,1.131455910647480678e+01,7.695785700886096947e+01
5.000000000000000000e+00,5.586666666666666448e-01,-1.393888685137094114e+02,-9.604885572797402915e+01,-4.716878572578964679e+01,1.134113368021014878e+01,7.617238145364953539e+01
5.000000000000000000e+00,5.633333333333333526e-01,-1.403423344862656847e+02,-9.658723923451768201e+01,-4.700663246431601294e+01,1.135985984962565354e+01,7.540072316024627241e+01
5.000000000000000000e+00,5.680000000000000604e-01,-1.413091539778734500e+02,-9.678297099688926153e+01,-4.693607348926303757e+01,1.137817298069325211e+01,7.464270078358519811e+01
5.000000000000000000e+00,5.726666666666666572e-01,-1.422235337948499421e+02,-9.715653483442549998e+01,-4.689922338994868056e+01,1.139608290771976939e+01,7.389813646054855667e+01
5.000000000000000000e+00,5.773333333333333650e-01,-1.430814292122624067e+02,-9.766411936061386712e+01,-4.679205618301952541e+01,1.141359943768271989e+01,7.316685575722675594e+01
5.000000000000000000e+00,5.820000000000000728e-01,-1.438822985318298038e+02,-9.819153509029790428e+01,-4.652370970556715690e+01,1.143073234778507441e+01,7.244868761736108809e+01
5.000000000000000000e+00,5.866666666666666696e-01,-1.449828325638827096e+02,-9.831819784523446515e+01,-4.625020870201085899e+01,1.143715438238939086e+01,7.174346435249412934e+01
5.000000000000000000e+00,5.913333333333333774e-01,-1.460802492479024011e+02,-9.848610682653199433e+01,-4.605075482835107437e+01,1.143608650847956731e+01,7.105102147084680553e+01
5.000000000000000000e+00,5.960000000000000853e-01,-1.471334055808230232e+02,-9.863881094254959692e+01,-4.576830365821712121e+01,1.143440145722766488e+01,7.037119775123767340e+01
5.000000000000000000e+00,6.006666666666666821e-01,-1.481260064614199052e+02,-9.870024670254208843e+01,-4.564552408017222263e+01,1.142988462379742742e+01,6.970383515527495888e+01
5.000000000000000000e+00,6.053333333333333899e-01,-1.490573811318138553e+02,-9.881390290742378113e+01,-4.548572414647961892e+01,1.142306261233489195e+01,6.904877878137459390e+01
5.000000000000000000e+00,6.100000000000000977e-01,-1.498538567759468663e+02,-9.916834441282087198e+01,-4.521148794369642587e+01,1.141557786151813048e+01,6.840587681983102186e+01
5.000000000000000000e+00,6.146666666666666945e-01,-1.504774947067265600e+02,-9.916733988236076414e+01,-4.493889518272157346e+01,1.140744303985404962e+01,6.777498050892096160e+01
5.000000000000000000e+00,6.193333333333334023e-01,-1.513021352941387931e+02,-9.934836093765572684e+01,-4.467200658429187854e+01,1.139867071792152942e+01,6.715594409202103066e+01
5.000000000000000000e+00,6.240000000000001101e-01,-1.519780270425212336e+02,-9.925676873206704443e+01,-4.439858615990598878e+01,1.138927336634646004e+01,6.654862477572154944e+01
5.000000000000000000e+00,6.286666666666667069e-01,-1.524815840702313210e+02,-9.936431029519050639e+01,-4.412926680315171524e+01,1.137926336070313127e+01,6.595288272841851551e+01
5.000000000000000000e+00,6.333333333333334147e-01,-1.526136988516879853e+02,-9.927147392427416150e+01,-4.387974752007569634e+01,1.136865295932885189e+01,6.536858092161526201e+01
5.000000000000000000e+00,6.380000000000000115e-01,-1.531334761590430844e+02,-9.916492328082982510e+01,-4.369020958617353756e+01,1.135745432193575155e+01,6.479558520991535886e+01
5.000000000000000000e+00,6.426666666666667194e-01,-1.536113355086912122e+02,-9.934680135572371285e+01,-4.341720526223220844e+01,1.134567950126854008e+01,6.423376425320091698e+01
5.000000000000000000e+00,6.473333333333333162e-01,-1.542803370600311723e+02,-9.950085006794837739e+01,-4.307245524118483360e+01,1.133334044160937637e+01,6.368298947946881583e+01
5.000000000000000000e+00,6.520000000000000240e-01,-1.547284208552365499e+02,-9.938962636763591263e+01,-4.283810877135023532e+01,1.132044897738095557e+01,6.314313504856392001e+01
5.000000000000000000e+00,6.566666666666667318e-01,-1.550670270879498389e+02,-9.919701577690972272e+01,-4.262929070831491885e+01,1.130701683184533479e+01,6.257899331573906920e+01
5.000000000000000000e+00,6.613333333333333286e-01,-1.547947415578410073e+02,-9.917609242575761641e+01,-4.237365178814326327e+01,1.129305561589592699e+01,6.199992483180402303e+01
5.000000000000000000e+00,6.660000000000000364e-01,-1.544573804152331604e+02,-9.899537849007315060e+01,-4.210728804362314293e+01,1.127857682694028618e+01,6.143083326862942073e+01
5.000000000000000000e+00,6.706666666666667442e-01,-1.540552108554734900e+02,-9.902790903689471236e+01,-4.197179832057199889e+01,1.126359185494293769e+01,6.087160038003375462e+01
5.000000000000000000e+00,6.753333333333333410e-01,-1.535885446857170109e+02,-9.861673407491097976e+01,-4.175616826172024787e+01,1.124811196031344984e+01,6.032211002279741052e+01
5.000000000000000000e+00,6.800000000000000488e-01,-1.530577382869848861e+02,-9.847639412583288276e+01,-4.146162146071522869e+01,1.123214829416598626e+01,5.978224824365530310e+01
5.000000000000000000e+00,6.846666666666667567e-01,-1.525267568723480167e+02,-9.835440843449249826e+01,-4.118259054097522665e+01,1.121571189051860706e+01,5.925190321300561891e+01
5.000000000000000000e+00,6.893333333333333535e-01,-1.523275480794042380e+02,-9.838961265903517983e+01,-4.090314341417941080e+01,1.119881366559351044e+01,5.873096519775430835e+01
5.000000000000000000e+00,6.940000000000000613e-01,-1.521551149459295118e+02,-9.810128486620138233e+01,-4.066361940093698024e+01,1.118146441719361484e+01,5.821932653473323427e+01
5.000000000000000000e+00,6.986666666666667691e-01,-1.522837531756332226e+02,-9.760416221750466548e+01,-4.040904900196292715e+01,1.116367482415336454e+01,5.771688160468339390e+01
5.000000000000000000e+00,7.033333333333333659e-01,-1.520932164223343364e+02,-9.707522653638642396e+01,-4.009498703872871772e+01,1.114545544586147052e+01,5.722352680679379944e+01
5.000000000000000000e+00,7.080000000000000737e-01,-1.515217462396786914e+02,-9.651705250899860289e+01,-3.971173200280486526e+01,1.112681672185331472e+01,5.673916053378743385e+01
5.000000000000000000e+00,7.126666666666667815e-01,-1.509189055822835428e+02,-9.610274233930583421e+01,-3.929444311152703051e+01,1.110776897871661362e+01,5.626368318424749759e+01
5.000000000000000000e+00,7.173333333333333783e-01,-1.504636962230134998e+02,-9.568499576104926518e+01,-3.890965474207382613e+01,1.108832240810885139e+01,5.579699702833445230e+01
5.000000000000000000e+00,7.219999999999999751e-01,-1.496459676890091259e+02,-9.525011434500362384e+01,-3.859269528411107331e+01,1.106848708822191441e+01,5.533900629523885328e+01
5.000000000000000000e+00,7.266666666666667940e-01,-1.487762632054344465e+02,-9.484421378899385502e+01,-3.822059723772969875e+01,1.107370874925005388e+01,5.489275809113775040e+01
5.000000000000000000e+00,7.313333333333333908e-01,-1.475819851004078487e+02,-9.436998850742268985e+01,-3.780755421910942005e+01,1.109570129684911421e+01,5.450558895311996110e+01
5.000000000000000000e+00,7.359999999999999876e-01,-1.460779689643227925e+02,-9.393253040069521376e+01,-3.739112826080547336e+01,1.108909960692523988e+01,5.405534094956304614e+01
5.000000000000000000e+00,7.406666666666666954e-01,-1.445196455756110652e+02,-9.346887651505066685e+01,-3.702442845466084975e+01,1.106687689477921133e+01,5.361427504885742934e+01
5.000000000000000000e+00,7.453333333333334032e-01,-1.429109633499642200e+02,-9.292691407011793103e+01,-3.679176621011895065e+01,1.104423681707745963e+01,5.319155015416231436e+01
5.000000000000000000e+00,7.500000000000000000e-01,-1.415647733411303761e+02,-9.234745465480152404e+01,-3.642379470435352573e+01,1.102118975462021666e+01,5.283429614439486954e+01
5.000000000000000000e+00,7.546666666666667078e-01,-1.408281497276900325e+02,-9.179642327322385142e+01,-3.622187677651871951e+01,1.101431304357883612e+01,5.259728606712033638e+01
5.000000000000000000e+00,7.593333333333334156e-01,-1.397175554801376620e+02,-9.121445778681139416e+01,-3.601639883991852287e+01,1.099623920936938148e+01,5.220392007152706526e+01
5.000000000000000000e+00,7.640000000000000124e-01,-1.382149984466301476e+02,-9.053075239147915454e+01,-3.564419804584047569e+01,1.097770253675886920e+01,5.181864142614536206e+01
5.000000000000000000e+00,7.686666666666667203e-01,-1.368187855342835348e+02,-8.976429738996712615e+01,-3.523988896605382592e+01,1.095871375488914268e+01,5.144137026404234803e+01
5.000000000000000000e+00,7.733333333333334281e-01,-1.358127489278458597e+02,-8.914748593157611367e+01,-3.478726885800966784e+01,1.093928345834078009e+01,5.107202849322408866e+01
5.000000000000000000e+00,7.780000000000000249e-01,-1.347103166094297819e+02,-8.821406971488360682e+01,-3.444991524105817149e+01,1.091942210736578822e+01,5.066488850506183184e+01
5.000000000000000000e+00,7.826666666666667327e-01,-1.335150008387237506e+02,-8.715346062693929241e+01,-3.397735644807544020e+01,1.092198763314738486e+01,5.024594933183590229e+01
5.000000000000000000e+00,7.873333333333334405e-01,-1.324882631031023266e+02,-8.640672354698999413e+01,-3.350961303399623858e+01,1.093246259599198034e+01,4.983447474438175107e+01
5.000000000000000000e+00,7.920000000000000373e-01,-1.312804482136270678e+02,-8.544433770684271678e+01,-3.302493297057185373e+01,1.094212551575235892e+01,4.943038414168935191e+01
5.000000000000000000e+00,7.966666666666667451e-01,-1.300241196342953174e+02,-8.431710770535239874e+01,-3.254526068822291052e+01,1.095099013296631973e+01,4.903359847971552199e+01
5.000000000000000000e+00,8.013333333333334529e-01,-1.287201092832524694e+02,-8.325476513641163478e+01,-3.223713206066613424e+01,1.095907002906329630e+01,4.864404015219511734e+01
5.000000000000000000e+00,8.060000000000000497e-01,-1.269377449947288738e+02,-8.253297662584056127e+01,-3.195857790069099735e+01,1.096155255168299902e+01,4.826163307571867733e+01
5.000000000000000000e+00,8.106666666666666465e-01,-1.247580861075754228e+02,-8.147848899779947374e+01,-3.168221678819458731e+01,1.094420387665489791e+01,4.788630263883884908e+01
5.000000000000000000e+00,8.153333333333334654e-01,-1.223545374286905485e+02,-8.055158656259393979e+01,-3.129376875349757725e+01,1.092659243827054993e+01,4.751797568570448504e+01
5.000000000000000000e+00,8.200000000000000622e-01,-1.197797875055736085e+02,-7.981510249298524684e+01,-3.088032650884520436e+01,1.090872637489874641e+01,4.715658050003975887e+01
5.000000000000000000e+00,8.246666666666666590e-01,-1.179595197558121527e+02,-7.887373061863512191e+01,-3.050028360745444544e+01,1.089061371327318106e+01,4.680378530547638860e+01
5.000000000000000000e+00,8.293333333333333668e-01,-1.158828062257128551e+02,-7.776147527565716189e+01,-3.014381651198657863e+01,1.087226236910003152e+01,4.645812813694671206e+01
5.000000000000000000e+00,8.340000000000000746e-01,-1.141831955507033314e+02,-7.669895034656578048e+01,-2.974728318141952599e+01,1.085368014769311351e+01,4.611921425074655900e+01
5.000000000000000000e+00,8.386666666666666714e-01,-1.125808147789877296e+02,-7.571455314103256740e+01,-2.924655775792695067e+01,1.083485953066139729e+01,4.578697772192981574e+01
5.000000000000000000e+00,8.433333333333333792e-01,-1.106263691184194897e+02,-7.463019495448689611e+01,-2.880240342681480570e+01,1.080988301648127781e+01,4.546135393556154725e+01
5.000000000000000000e+00,8.480000000000000870e-01,-1.087101952453306666e+02,-7.340038824509937854e+01,-2.833899373980438341e+01,1.078480103845378935e+01,4.514227966980645590e+01
5.000000000000000000e+00,8.526666666666666838e-01,-1.067202849933876649e+02,-7.212003394106356780e+01,-2.804128788464979394e+01,1.075961993276886552e+01,4.484694085198908908e+01
5.000000000000000000e+00,8.573333333333333917e-01,-1.043559091100437399e+02,-7.096266428461466091e+01,-2.770302887452215401e+01,1.073434593548357441e+01,4.471042896490052243e+01
5.000000000000000000e+00,8.620000000000000995e-01,-1.022218018410382712e+02,-6.973005517755791516e+01,-2.736369678807815831e+01,1.070898518339710037e+01,4.442581613971335486e+01
5.000000000000000000e+00,8.666666666666666963e-01,-1.002286683821253064e+02,-6.890964147932781714e+01,-2.702952166441115622e+01,1.068354371493965793e+01,4.413518082778306706e+01
5.000000000000000000e+00,8.713333333333334041e-01,-9.764336609808913181e+01,-6.783643762212290085e+01,-2.665452992797315090e+01,1.065802747107430726e+01,4.385225041301487181e+01
5.000000000000000000e+00,8.760000000000001119e-01,-9.516318893672379886e+01,-6.664345705114639884e+01,-2.626019829546578421e+01,1.063244229621096792e+01,4.364035692010472189e+01
5.000000000000000000e+00,8.806666666666667087e-01,-9.294909120992974749e+01,-6.538812504343682974e+01,-2.582372838311560059e+01,1.060679394668694009e+01,4.349066435941787745e+01
5.000000000000000000e+00,8.853333333333334165e-01,-9.045808992750463062e+01,-6.374503541555840513e+01,-2.543430800577718287e+01,1.058108806901923593e+01,4.334710493166998901e+01
5.000000000000000000e+00,8.900000000000001243e-01,-8.804551466821243366e+01,-6.271598203237206093e+01,-2.506490561601230738e+01,1.055533022354838479e+01,4.320965367589217010e+01
5.000000000000000000e+00,8.946666666666667211e-01,-8.529179810856736310e+01,-6.168168817970267526e+01,-2.460970165665352383e+01,1.052952587782126059e+01,4.307828692745619747e+01
5.000000000000000000e+00,8.993333333333333179e-01,-8.285429123878563473e+01,-6.062230841727780728e+01,-2.417189336585560255e+01,1.050368040755277299e+01,4.295298231465979200e+01
5.000000000000000000e+00,9.040000000000000258e-01,-8.068906076156929430e+01,-5.947665351682582724e+01,-2.364910077629454932e+01,1.047779909759479189e+01,4.283371875565725873e+01
5.000000000000000000e+00,9.086666666666667336e-01,-7.879612058279195708e+01,-5.797567657465950219e+01,-2.321239072207683662e+01,1.045188714291162491e+01,4.272047645573645269e+01
5.000000000000000000e+00,9.133333333333334414e-01,-7.668336792256117462e+01,-5.621925962068269200e+01,-2.280094818960596825e+01,1.042594964956118808e+01,4.261323690494172212e+01
5.000000000000000000e+00,9.180000000000000382e-01,-7.469603694612793277e+01,-5.506781358211426181e+01,-2.233889115178889639e+01,1.040551852734146898e+01,4.251198287604386650e+01
5.000000000000000000e+00,9.226666666666667460e-01,-7.291734006633438980e+01,-5.355879829988931107e+01,-2.190746698465817133e+01,1.041359315689212650e+01,4.241669845337683853e+01
5.000000000000000000e+00,9.273333333333334538e-01,-7.110579977043596500e+01,-5.192808037044461145e+01,-2.142128870395782769e+01,1.042104591229254673e+01,4.231863467834746473e+01
5.000000000000000000e+00,9.320000000000000506e-01,-6.948670818250134573e+01,-5.045200369516992822e+01,-2.098169160395861965e+01,1.040849224454829347e+01,4.210440600375032005e+01
5.000000000000000000e+00,9.366666666666667584e-01,-6.784127712598660764e+01,-4.945922198820559856e+01,-2.061002664064115919e+01,1.037706827434602452e+01,4.189626174651302648e+01
5.000000000000000000e+00,9.413333333333333552e-01,-6.631525490384528609e+01,-4.811330692270919940e+01,-2.017673871941557096e+01,1.036853838704535846e+01,4.170920756363013737e+01
5.000000000000000000e+00,9.460000000000000631e-01,-6.428609776790948160e+01,-4.695734066852222810e+01,-1.970199160606908606e+01,1.034080417822069897e+01,4.155179367804636570e+01
5.000000000000000000e+00,9.506666666666667709e-01,-6.266581420126340873e+01,-4.535299572765369192e+01,-1.914415095243249709e+01,1.031213464985944839e+01,4.140034820546021166e+01
5.000000000000000000e+00,9.553333333333333677e-01,-6.122370891324295883e+01,-4.393156985140641524e+01,-1.882974079383510713e+01,1.028344159379304834e+01,4.125484219167289268e+01
5.000000000000000000e+00,9.600000000000000755e-01,-5.988804310676052722e+01,-4.260423481108222177e+01,-1.852651347309078034e+01,1.024911679106731732e+01,4.111524798065362063e+01
5.000000000000000000e+00,9.646666666666667833e-01,-5.829598633906208960e+01,-4.107205944921727081e+01,-1.822236489853424501e+01,1.021359797315768070e+01,4.098153923888321515e+01
5.000000000000000000e+00,9.693333333333333801e-01,-5.636628049679114838e+01,-3.956522373820214966e+01,-1.757279214446552729e+01,1.017805260866101591e+01,4.085369086118284088e+01
5.000000000000000000e+00,9.740000000000000879e-01,-5.490702445013670996e+01,-3.835213195577522072e+01,-1.720229076150840086e+01,1.014248540651416519e+01,4.073167905543980538e+01
5.000000000000000000e+00,9.786666666666666847e-01,-5.331276211294045453e+01,-3.682919170177329704e+01,-1.655994555835527393e+01,1.013619517591561348e+01,4.061548130849043048e+01
5.000000000000000000e+00,9.833333333333333925e-01,-5.147727260377497771e+01,-3.556582117025219958e+01,-1.601155816181283598e+01,1.013224867144856312e+01,4.050507638219772133e+01
5.000000000000000000e+00,9.880000000000001004e-01,-5.006926894523600424e+01,-3.433079522413194695e+01,-1.561461023346844890e+01,1.011134418896448928e+01,4.040044430988202606e+01
5.000000000000000000e+00,9.926666666666666972e-01,-4.854178253509331853e+01,-3.320011332611193211e+01,-1.503088912297509161e+01,1.007826550676669619e+01,4.033446308839704386e+01
5.000000000000000000e+00,9.973333333333334050e-01,-4.707519521592365663e+01,-3.211386108055483390e+01,-1.450918488777263349e+01,1.004507929379274778e+01,4.028476389352586295e+01
5.000000000000000000e+00,1.002000000000000224e+00,-4.533280557396970067e+01,-3.083883176887186650e+01,-1.391077231925135749e+01,1.001179091110742903e+01,4.024056969224245250e+01
5.000000000000000000e+00,1.006666666666666821e+00,-4.390204867402812994e+01,-2.956086124674874327e+01,-1.315830633301249719e+01,9.978405628827360374e+00,4.020959023711692737e+01
5.000000000000000000e+00,1.011333333333333417e+00,-4.236741846025410041e+01,-2.845895231112240964e+01,-1.224389867600278414e+01,9.944928605538624566e+00,4.018736089048843496e+01
5.000000000000000000e+00,1.016000000000000014e+00,-4.098400000566540768e+01,-2.736951640600487679e+01,-1.137644534331149515e+01,1.016839221922361780e+01,4.020406829681429883e+01
5.000000000000000000e+00,1.020666666666666611e+00,-3.988981268323880869e+01,-2.627881012525041982e+01,-1.070486080396046091e+01,1.038918553971218195e+01,4.025415170668995302e+01
5.000000000000000000e+00,1.025333333333333430e+00,-3.841215711469757821e+01,-2.517225992379613331e+01,-1.015909738091830761e+01,1.035726300158215629e+01,4.030972173167233308e+01
5.000000000000000000e+00,1.030000000000000027e+00,-3.697785599815605906e+01,-2.417920662975206625e+01,-9.651618857298275955e+00,1.044127551598384507e+01,4.037079582516845022e+01
5.000000000000000000e+00,1.034666666666666845e+00,-3.578808175317396234e+01,-2.327564198728203948e+01,-8.799688990486146167e+00,1.056618022242829014e+01,4.043739263565763764e+01
5.000000000000000000e+00,1.039333333333333442e+00,-3.449601463959491099e+01,-2.200268337099685212e+01,-8.187328617381922413e+00,1.060316702454394111e+01,4.050953201472799492e+01
5.000000000000000000e+00,1.044000000000000039e+00,-3.323708692533854503e+01,-2.108370253699974839e+01,-7.781911253577844079e+00,1.070782513902980249e+01,4.058723502546485662e+01
5.000000000000000000e+00,1.048666666666666636e+00,-3.214537249110625083e+01,-2.003391497463193005e+01,-7.063855922535966059e+00,1.098537733969842911e+01,4.067052398076626929e+01
5.000000000000000000e+00,1.053333333333333455e+00,-3.102260805659345877e+01,-1.923153363832420837e+01,-6.587992981478414833e+00,1.124023956254908185e+01,4.075942236385890993e+01
5.000000000000000000e+00,1.058000000000000052e+00,-2.959209115380263810e+01,-1.822330009358197245e+01,-5.975984809249556662e+00,1.163929612373125622e+01,4.085395492624304126e+01
5.000000000000000000e+00,1.062666666666666870e+00,-2.868822764800014014e+01,-1.745433268180423880e+01,-5.534272287645025656e+00,1.176834133650642045e+01,4.097244066042128452e+01
5.000000000000000000e+00,1.067333333333333467e+00,-2.770190004573666442e+01,-1.678935205097214478e+01,-4.962653337594287173e+00,1.249652713281582805e+01,4.144143373562533839e+01
5.000000000000000000e+00,1.072000000000000064e+00,-2.666711753047095712e+01,-1.586921077412674208e+01,-4.333914174453308732e+00,1.308577559221124176e+01,4.289652195902510101e+01
5.000000000000000000e+00,1.076666666666666661e+00,-2.556987476711717377e+01,-1.499888687723678338e+01,-3.888681214413736598e+00,1.336742360628495696e+01,4.305539960096256635e+01
5.000000000000000000e+00,1.081333333333333258e+00,-2.444993203103780388e+01,-1.417618866499947750e+01,-3.298999371807631142e+00,1.366528526622144746e+01,4.388353908065169406e+01
5.000000000000000000e+00,1.086000000000000076e+00,-2.352884321478143903e+01,-1.336950959770640601e+01,-2.948410417078783929e+00,1.378651218468943185e+01,4.542534426053116192e+01
5.000000000000000000e+00,1.090666666666666895e+00,-2.255585997813795629e+01,-1.266534131522163342e+01,-2.313562059761661072e+00,1.419042608296486740e+01,4.555810700939401414e+01
5.000000000000000000e+00,1.095333333333333492e+00,-2.158140984261947182e+01,-1.188205979155183023e+01,-1.918739033661602811e+00,1.482803228593015810e+01,4.664352317715133012e+01
5.000000000000000000e+00,1.100000000000000089e+00,-2.094003419953538980e+01,-1.113510231424119290e+01,-1.441572304876844512e+00,1.541539512606569495e+01,4.714761440217735355e+01
