quantity_index,z,p2p5,p16,median,p84,p97p5
0.000000000000000000e+00,4.000000000000000222e-01,7.367809855244585648e+00,8.223251245928979714e+00,9.685548238007566368e+00,1.143031508099062776e+01,1.379149576579911241e+01
0.000000000000000000e+00,4.046666666666666745e-01,7.474798514138297989e+00,8.333216936094393290e+00,9.798230959182340882e+00,1.153969264938709571e+01,1.388963293745655925e+01
0.000000000000000000e+00,4.093333333333333823e-01,7.582325738774173374e+00,8.442472503866595090e+00,9.911293859858762545e+00,1.164952269881743696e+01,1.398659608230447837e+01
0.000000000000000000e+00,4.140000000000000346e-01,7.690393643836336501e+00,8.552266147612405334e+00,1.002142442156215552e+01,1.175814876889293714e+01,1.410159975972528912e+01
0.000000000000000000e+00,4.186666666666666869e-01,7.797607053344224326e+00,8.662888877847491287e+00,1.013262474177342298e+01,1.186627029767158881e+01,1.419297241106925256e+01
0.000000000000000000e+00,4.233333333333333393e-01,7.901487009197849964e+00,8.774408359177344963e+00,1.024175522124966697e+01,1.197374679524658347e+01,1.428265447191911797e+01
0.000000000000000000e+00,4.280000000000000471e-01,8.005771704937684419e+00,8.887592193453539124e+00,1.035181018880398440e+01,1.207769289620531517e+01,1.437108134014649430e+01
0.000000000000000000e+00,4.326666666666666994e-01,8.110462359108076669e+00,8.998872541391399693e+00,1.046064734106705707e+01,1.218280064110109961e+01,1.445830547822309597e+01
0.000000000000000000e+00,4.373333333333333517e-01,8.215560199655687512e+00,9.107842733943424918e+00,1.056853000200735160e+01,1.228525889335239718e+01,1.454494201820947019e+01
0.000000000000000000e+00,4.420000000000000040e-01,8.321066463930700152e+00,9.216656129736634284e+00,1.067702763401621091e+01,1.239078707025486104e+01,1.464241689624592802e+01
0.000000000000000000e+00,4.466666666666667118e-01,8.427905170992612938e+00,9.325462552623271506e+00,1.078792948960995091e+01,1.249716528752168720e+01,1.474051788266836560e+01
0.000000000000000000e+00,4.513333333333333641e-01,8.535877687629049859e+00,9.438721677997106596e+00,1.089775581516472869e+01,1.260137578826040539e+01,1.482596536206528270e+01
0.000000000000000000e+00,4.560000000000000164e-01,8.646285340145373866e+00,9.555336888620844960e+00,1.100717914680489073e+01,1.270196223366550647e+01,1.490801938767462254e+01
0.000000000000000000e+00,4.606666666666666687e-01,8.757747474566404122e+00,9.673541226285793826e+00,1.111510934725879274e+01,1.280200292933160178e+01,1.498875320451243809e+01
0.000000000000000000e+00,4.653333333333333766e-01,8.869292802251750985e+00,9.786462055035411112e+00,1.122586952920945791e+01,1.290149994401146216e+01,1.507457758162546213e+01
0.000000000000000000e+00,4.700000000000000289e-01,8.980821756081681428e+00,9.906343252480056094e+00,1.133945474856282232e+01,1.300298722156136222e+01,1.516849369252981461e+01
0.000000000000000000e+00,4.746666666666666812e-01,9.092866872934287414e+00,1.002428849041849723e+01,1.145273030338205444e+01,1.310470587254160435e+01,1.526148175515501393e+01
0.000000000000000000e+00,4.793333333333333890e-01,9.205446352192856452e+00,1.014036634621441380e+01,1.156668165350600574e+01,1.320593664311392423e+01,1.535386824596071342e+01
0.000000000000000000e+00,4.840000000000000413e-01,9.318531456901981258e+00,1.025006633806165368e+01,1.167605347438479768e+01,1.330977090471616009e+01,1.544546043636174737e+01
0.000000000000000000e+00,4.886666666666666936e-01,9.428762205909766436e+00,1.036212177298013692e+01,1.178571432215706238e+01,1.340983873761895850e+01,1.553614667773503299e+01
0.000000000000000000e+00,4.933333333333333459e-01,9.537415210242023988e+00,1.047915843708311634e+01,1.189757445500053734e+01,1.350597911168592979e+01,1.562583825819488581e+01
0.000000000000000000e+00,4.979999999999999982e-01,9.646452648756746129e+00,1.059553987422526156e+01,1.200870807413098618e+01,1.360353734545018689e+01,1.571434280730112931e+01
0.000000000000000000e+00,5.026666666666667060e-01,9.755922971081554707e+00,1.071254124003126762e+01,1.212290610625771770e+01,1.370553912516109918e+01,1.579483145520887177e+01
0.000000000000000000e+00,5.073333333333334139e-01,9.876015506106922359e+00,1.082950988800220848e+01,1.223713001376306408e+01,1.380675933686348600e+01,1.587158633252329132e+01
0.000000000000000000e+00,5.120000000000000107e-01,9.989650718898312576e+00,1.094902536558363515e+01,1.235137988459319658e+01,1.390993671102727980e+01,1.594733480256956604e+01
0.000000000000000000e+00,5.166666666666667185e-01,1.010858436616704736e+01,1.106865432710247532e+01,1.246261646468819251e+01,1.400629431338552422e+01,1.602198389204529150e+01
0.000000000000000000e+00,5.213333333333334263e-01,1.022809564201185140e+01,1.118088244099652506e+01,1.257603411801514781e+01,1.410104430608241977e+01,1.608730550845821838e+01
0.000000000000000000e+00,5.260000000000000231e-01,1.034818690489767334e+01,1.130329745261262175e+01,1.269019780368513750e+01,1.419738931988484332e+01,1.616602310598756631e+01
0.000000000000000000e+00,5.306666666666667309e-01,1.046899593617979463e+01,1.142617487515743413e+01,1.280859613854222800e+01,1.429675971856885397e+01,1.624086225411652862e+01
0.000000000000000000e+00,5.353333333333333277e-01,1.059041969009715700e+01,1.154523498460408959e+01,1.291723643796418486e+01,1.439821020817621111e+01,1.631838508807308585e+01
0.000000000000000000e+00,5.400000000000000355e-01,1.071243437090542194e+01,1.166476195422361961e+01,1.302726347949442953e+01,1.449980948563018934e+01,1.638146334754294031e+01
0.000000000000000000e+00,5.446666666666666323e-01,1.083439947314952079e+01,1.178084838143723267e+01,1.313932397581630340e+01,1.459602872895325376e+01,1.645048441677078443e+01
0.000000000000000000e+00,5.493333333333333401e-01,1.095733214026094693e+01,1.191015884925082524e+01,1.324968182400522565e+01,1.469455448192277380e+01,1.651854893193133833e+01
0.000000000000000000e+00,5.540000000000000480e-01,1.107454719640653629e+01,1.203556502414646623e+01,1.336198637135974820e+01,1.478961226682527830e+01,1.658569382204436948e+01
0.000000000000000000e+00,5.586666666666666448e-01,1.118594217334370455e+01,1.215554755974499557e+01,1.347654862699454625e+01,1.488319423301368616e+01,1.665192604938047438e+01
0.000000000000000000e+00,5.633333333333333526e-01,1.130124858847578295e+01,1.227179482538604915e+01,1.359412300832485698e+01,1.497892991116616734e+01,1.671725253797550081e+01
0.000000000000000000e+00,5.680000000000000604e-01,1.141797132218428068e+01,1.239246816856171307e+01,1.370591383968936938e+01,1.507249776401796737e+01,1.678168017365303655e+01
0.000000000000000000e+00,5.726666666666666572e-01,1.153514186869417735e+01,1.251687116937135080e+01,1.382077209298183895e+01,1.516141630587218536e+01,1.684521580405063546e+01
0.000000000000000000e+00,5.773333333333333650e-01,1.165497925535497181e+01,1.264288402574178249e+01,1.393578436828746980e+01,1.525254405255341084e+01,1.690786623864973492e+01
0.000000000000000000e+00,5.820000000000000728e-01,1.178274643967234070e+01,1.277081040986000815e+01,1.404944743549644670e+01,1.533850824668640733e+01,1.696857830363385844e+01
0.000000000000000000e+00,5.866666666666666696e-01,1.190227692256864067e+01,1.289657998997573785e+01,1.416247485927888050e+01,1.542294283822041301e+01,1.702770583850523067e+01
0.000000000000000000e+00,5.913333333333333774e-01,1.201813151178498451e+01,1.301368469310664189e+01,1.427691862269834999e+01,1.550945129873445971e+01,1.708711879873986206e+01
0.000000000000000000e+00,5.960000000000000853e-01,1.213495235292117158e+01,1.313738827103798457e+01,1.439197647089428678e+01,1.559903239694826382e+01,1.714333614765130065e+01
0.000000000000000000e+00,6.006666666666666821e-01,1.225482941993001340e+01,1.325486488269532970e+01,1.450466685313237036e+01,1.569144240448608407e+01,1.720740567076370198e+01
0.000000000000000000e+00,6.053333333333333899e-01,1.237196641258497465e+01,1.338137157652463927e+01,1.461095352206203479e+01,1.578070645854228005e+01,1.726595481731614612e+01
0.000000000000000000e+00,6.100000000000000977e-01,1.250110308954187310e+01,1.350829930700114367e+01,1.471644506240206240e+01,1.586982037023912184e+01,1.732291516559688915e+01
0.000000000000000000e+00,6.146666666666666945e-01,1.262207121376347629e+01,1.363561683528736701e+01,1.482580795814318719e+01,1.596236753034380484e+01,1.737904561783153312e+01
0.000000000000000000e+00,6.193333333333334023e-01,1.274913453062818824e+01,1.376262172171530906e+01,1.493300752350490512e+01,1.605159904022508499e+01,1.745854792932604482e+01
0.000000000000000000e+00,6.240000000000001101e-01,1.287061477570902568e+01,1.387891651557205286e+01,1.504753853510415418e+01,1.613727810940637397e+01,1.753361875333305875e+01
0.000000000000000000e+00,6.286666666666667069e-01,1.300028811406086682e+01,1.400886035488183801e+01,1.515252086142986343e+01,1.621932290183193004e+01,1.759355610747876852e+01
0.000000000000000000e+00,6.333333333333334147e-01,1.313060211546914680e+01,1.413243605793286406e+01,1.526255327536622630e+01,1.631244718111923930e+01,1.765243211938698309e+01
0.000000000000000000e+00,6.380000000000000115e-01,1.326150282119136925e+01,1.425985797417803802e+01,1.537058224113190619e+01,1.639869887702629470e+01,1.771099075824234959e+01
0.000000000000000000e+00,6.426666666666667194e-01,1.339299259599056136e+01,1.438479168371753403e+01,1.547624087289716499e+01,1.648011357669005861e+01,1.776880927472191729e+01
0.000000000000000000e+00,6.473333333333333162e-01,1.352473578167709789e+01,1.451554898734804233e+01,1.558854425565683854e+01,1.657212329711145671e+01,1.782571530844727192e+01
0.000000000000000000e+00,6.520000000000000240e-01,1.364084235244092724e+01,1.464673470871515093e+01,1.569285132516556658e+01,1.665726062873323343e+01,1.789895633609640413e+01
0.000000000000000000e+00,6.566666666666667318e-01,1.375724218013981393e+01,1.477897263721914456e+01,1.580397969764354826e+01,1.674392950202743080e+01,1.795596478955887676e+01
0.000000000000000000e+00,6.613333333333333286e-01,1.387404422815395932e+01,1.490523230960813272e+01,1.591653990648052464e+01,1.682632190558942042e+01,1.800212773595992388e+01
0.000000000000000000e+00,6.660000000000000364e-01,1.399118047309343105e+01,1.503840059720397804e+01,1.601932422571531234e+01,1.692033052867389387e+01,1.804864991778403649e+01
0.000000000000000000e+00,6.706666666666667442e-01,1.411888513343168228e+01,1.516301705621040874e+01,1.612886891097079456e+01,1.700448652414289796e+01,1.811504588476039501e+01
0.000000000000000000e+00,6.753333333333333410e-01,1.425020335580782493e+01,1.528480517518577564e+01,1.623340377859094730e+01,1.709334834374346812e+01,1.816756452785363152e+01
0.000000000000000000e+00,6.800000000000000488e-01,1.438212337265543184e+01,1.541172418714661596e+01,1.633935755438820081e+01,1.718786721062565803e+01,1.825130467662326339e+01
0.000000000000000000e+00,6.846666666666667567e-01,1.451470162158780752e+01,1.554182087969041426e+01,1.644961490579310848e+01,1.726791096618899601e+01,1.831703893994914978e+01
0.000000000000000000e+00,6.893333333333333535e-01,1.464612350664321738e+01,1.566866472370674046e+01,1.655516925292573660e+01,1.735732985234857040e+01,1.837551557941699443e+01
0.000000000000000000e+00,6.940000000000000613e-01,1.476879734838826863e+01,1.578983202461204272e+01,1.666923661579304650e+01,1.743659937231798551e+01,1.843011211693710294e+01
0.000000000000000000e+00,6.986666666666667691e-01,1.489185823210583948e+01,1.592606085435102337e+01,1.677732850197907055e+01,1.750700302225233074e+01,1.848794886629699974e+01
0.000000000000000000e+00,7.033333333333333659e-01,1.502220187694688391e+01,1.604661412593238623e+01,1.689024500577129828e+01,1.759683086509994610e+01,1.853697281355560023e+01
0.000000000000000000e+00,7.080000000000000737e-01,1.515901872182690724e+01,1.617898061929802367e+01,1.699691476809135438e+01,1.767617279522059093e+01,1.858433369384341560e+01
0.000000000000000000e+00,7.126666666666667815e-01,1.529642072748571024e+01,1.631035162167277264e+01,1.710065012616371050e+01,1.777010162159887230e+01,1.864026332392400320e+01
0.000000000000000000e+00,7.173333333333333783e-01,1.543441022847219202e+01,1.643685024947899009e+01,1.721156709177035538e+01,1.786409519115217037e+01,1.869355106400556465e+01
0.000000000000000000e+00,7.219999999999999751e-01,1.557298955447407884e+01,1.656433898584204201e+01,1.731706738025224723e+01,1.795900709392091343e+01,1.874363849271566806e+01
0.000000000000000000e+00,7.266666666666667940e-01,1.571216104717034234e+01,1.668917706901156706e+01,1.742146078607478543e+01,1.804514160808800938e+01,1.880238736355149243e+01
0.000000000000000000e+00,7.313333333333333908e-01,1.585192706024939824e+01,1.681212144951600251e+01,1.753372938603786935e+01,1.813343793788279257e+01,1.885051832178833209e+01
0.000000000000000000e+00,7.359999999999999876e-01,1.599228995942754139e+01,1.693955184641525946e+01,1.763706325009048115e+01,1.822571704325259034e+01,1.892766396490406322e+01
0.000000000000000000e+00,7.406666666666666954e-01,1.612620908454749369e+01,1.706130860422052464e+01,1.774968083082315573e+01,1.830946589936062807e+01,1.898614270186325470e+01
0.000000000000000000e+00,7.453333333333334032e-01,1.625103751494992821e+01,1.717437103999822412e+01,1.785276288367871445e+01,1.839645394419372337e+01,1.906019475656619022e+01
0.000000000000000000e+00,7.500000000000000000e-01,1.637621750529662279e+01,1.730326491868217076e+01,1.795275082267786715e+01,1.849543985799979495e+01,1.911715626511684007e+01
0.000000000000000000e+00,7.546666666666667078e-01,1.650164506318192892e+01,1.742153658856991782e+01,1.806300479787776325e+01,1.859602516357745472e+01,1.923471815901636361e+01
0.000000000000000000e+00,7.593333333333334156e-01,1.663640518186151596e+01,1.753717498235252492e+01,1.817708456896122016e+01,1.869718556335742932e+01,1.931068234478613022e+01
0.000000000000000000e+00,7.640000000000000124e-01,1.678585362701713279e+01,1.764707268584460920e+01,1.828682948425616672e+01,1.878449305282551052e+01,1.939669660262324058e+01
0.000000000000000000e+00,7.686666666666667203e-01,1.693571581568282269e+01,1.776118283540344933e+01,1.839011571619912644e+01,1.887030537412410425e+01,1.946684160131875529e+01
0.000000000000000000e+00,7.733333333333334281e-01,1.706950607993670843e+01,1.788924972597720497e+01,1.849227879884534786e+01,1.897131812803846174e+01,1.955570692758027107e+01
0.000000000000000000e+00,7.780000000000000249e-01,1.719395510588506681e+01,1.798628879143734949e+01,1.859246838841087168e+01,1.907945852872889247e+01,1.963135248538148048e+01
0.000000000000000000e+00,7.826666666666667327e-01,1.731825094237713003e+01,1.810891620642933830e+01,1.869358941334325408e+01,1.918230463116100637e+01,1.972095817628527925e+01
0.000000000000000000e+00,7.873333333333334405e-01,1.743199005046778538e+01,1.821123493197440624e+01,1.879340947774056048e+01,1.927969839567465371e+01,1.982597522719068550e+01
0.000000000000000000e+00,7.920000000000000373e-01,1.754889243375917829e+01,1.831913912335994965e+01,1.889180273148223321e+01,1.938671140402825444e+01,1.995663546134882793e+01
0.000000000000000000e+00,7.966666666666667451e-01,1.765589394201833429e+01,1.841246556951660907e+01,1.899482274002151172e+01,1.948801522069860326e+01,2.008106203946929824e+01
0.000000000000000000e+00,8.013333333333334529e-01,1.777426293233184396e+01,1.851761437598509730e+01,1.908347326242140696e+01,1.959524179241271469e+01,2.022388760610056124e+01
0.000000000000000000e+00,8.060000000000000497e-01,1.789223581149351006e+01,1.861289783968552669e+01,1.917240219633793430e+01,1.969328212515869581e+01,2.034765094333511470e+01
0.000000000000000000e+00,8.106666666666666465e-01,1.801189858674548461e+01,1.872172410047227586e+01,1.927044789005200442e+01,1.981195921528899717e+01,2.048120309530870031e+01
0.000000000000000000e+00,8.153333333333334654e-01,1.812799912551451342e+01,1.880653446540787499e+01,1.937585309426416558e+01,1.992704613609693354e+01,2.061973194497068462e+01
0.000000000000000000e+00,8.200000000000000622e-01,1.823829572323054649e+01,1.890517409679932115e+01,1.947212426934314067e+01,2.004972356758646512e+01,2.076339876298378684e+01
0.000000000000000000e+00,8.246666666666666590e-01,1.833899993443728960e+01,1.898532833882341819e+01,1.957861917946563324e+01,2.017510100388799188e+01,2.091142561481619211e+01
0.000000000000000000e+00,8.293333333333333668e-01,1.842327696812704474e+01,1.906466495300474051e+01,1.968367251586061784e+01,2.029948632010173526e+01,2.105343891316888971e+01
0.000000000000000000e+00,8.340000000000000746e-01,1.851246980457158031e+01,1.915700851343179778e+01,1.977938363259015375e+01,2.043080921272763462e+01,2.120640867291639609e+01
0.000000000000000000e+00,8.386666666666666714e-01,1.861857750620347218e+01,1.923497803415255447e+01,1.988023116149362934e+01,2.056825756810496841e+01,2.137733126868545241e+01
0.000000000000000000e+00,8.433333333333333792e-01,1.870569506197131560e+01,1.932960524564801830e+01,1.998848858707919618e+01,2.070205439643874712e+01,2.152046378756950773e+01
0.000000000000000000e+00,8.480000000000000870e-01,1.879838809862781801e+01,1.941060988263092568e+01,2.007716404811217714e+01,2.083317506982285039e+01,2.168624981088804660e+01
0.000000000000000000e+00,8.526666666666666838e-01,1.889185630302414864e+01,1.948500429685002544e+01,2.018068002442141307e+01,2.097421340589372107e+01,2.184568729892394856e+01
0.000000000000000000e+00,8.573333333333333917e-01,1.896753421394617689e+01,1.957876667078921784e+01,2.029068753091783961e+01,2.110908508351843693e+01,2.198291342018367800e+01
0.000000000000000000e+00,8.620000000000000995e-01,1.902306584027494907e+01,1.965392951226808549e+01,2.039706479838500996e+01,2.124431550353171971e+01,2.214500782380839894e+01
0.000000000000000000e+00,8.666666666666666963e-01,1.908405781826299830e+01,1.973069338403352546e+01,2.050623890424590456e+01,2.137386062825444100e+01,2.230229811573554244e+01
0.000000000000000000e+00,8.713333333333334041e-01,1.917719581933250694e+01,1.979271267509844634e+01,2.060865771866099294e+01,2.149248649615559970e+01,2.244115373381613310e+01
0.000000000000000000e+00,8.760000000000001119e-01,1.923501515637080317e+01,1.986509937906991041e+01,2.072102692117893241e+01,2.162542659629610853e+01,2.261622378254880772e+01
0.000000000000000000e+00,8.806666666666667087e-01,1.926384875106599637e+01,1.994020033116732193e+01,2.083034976362220192e+01,2.177099695802138868e+01,2.279167476506760437e+01
0.000000000000000000e+00,8.853333333333334165e-01,1.933164634028969076e+01,2.001467826280228479e+01,2.093370783139572566e+01,2.191390296735159637e+01,2.296603917204282652e+01
0.000000000000000000e+00,8.900000000000001243e-01,1.933972678888931895e+01,2.008881053754194923e+01,2.103966250862529819e+01,2.205607256532298166e+01,2.314203751683717059e+01
0.000000000000000000e+00,8.946666666666667211e-01,1.936993740426873245e+01,2.015484141425502784e+01,2.114874888608437331e+01,2.220676677148137301e+01,2.332111269045487845e+01
0.000000000000000000e+00,8.993333333333333179e-01,1.941378234694830951e+01,2.022670095277161195e+01,2.124677454522997522e+01,2.235822339656696300e+01,2.348701359468424243e+01
0.000000000000000000e+00,9.040000000000000258e-01,1.944663952296031795e+01,2.028296396977584237e+01,2.135501809148137653e+01,2.248727776547157475e+01,2.365663809856977906e+01
0.000000000000000000e+00,9.086666666666667336e-01,1.945991939724679654e+01,2.034328090188434501e+01,2.145657735501284691e+01,2.262004743679297647e+01,2.382857355074709815e+01
0.000000000000000000e+00,9.133333333333334414e-01,1.949122266648929269e+01,2.040512897708351758e+01,2.156300094664255340e+01,2.277251764124860145e+01,2.402136929744843385e+01
0.000000000000000000e+00,9.180000000000000382e-01,1.951004046762946942e+01,2.047365509913524306e+01,2.166127623106681810e+01,2.292034220691140334e+01,2.420485160758011389e+01
0.000000000000000000e+00,9.226666666666667460e-01,1.952069658819872799e+01,2.053926881734432541e+01,2.178852078674117365e+01,2.308039000896594217e+01,2.437787534742728113e+01
0.000000000000000000e+00,9.273333333333334538e-01,1.953298645439231151e+01,2.062247087933965162e+01,2.189499401411572421e+01,2.322305203149082686e+01,2.456093422258062375e+01
0.000000000000000000e+00,9.320000000000000506e-01,1.955377835586152102e+01,2.067416947123386706e+01,2.200361970096760444e+01,2.337116046287204085e+01,2.473780538565411646e+01
0.000000000000000000e+00,9.366666666666667584e-01,1.956564545789770193e+01,2.072738086208998709e+01,2.210520264615791319e+01,2.352832297253447535e+01,2.491183302879560202e+01
0.000000000000000000e+00,9.413333333333333552e-01,1.957686830552558988e+01,2.079175246247557496e+01,2.220996911447403477e+01,2.367193656593192230e+01,2.508643991441842047e+01
0.000000000000000000e+00,9.460000000000000631e-01,1.958177593605644518e+01,2.083600889553568436e+01,2.232581210009082895e+01,2.381691287573940485e+01,2.526166748410939178e+01
0.000000000000000000e+00,9.506666666666667709e-01,1.959422959977471379e+01,2.089171199457609163e+01,2.242915033402651659e+01,2.396334613398989077e+01,2.543751799733552232e+01
0.000000000000000000e+00,9.553333333333333677e-01,1.961454203928413520e+01,2.093966707109509073e+01,2.254209528949938957e+01,2.412349884354846452e+01,2.561565845189093338e+01
0.000000000000000000e+00,9.600000000000000755e-01,1.964131670107091665e+01,2.098653630546110804e+01,2.264695428744776962e+01,2.427688456474388801e+01,2.580037151235050175e+01
0.000000000000000000e+00,9.646666666666667833e-01,1.967009214855981369e+01,2.104291905014975228e+01,2.275032476201241138e+01,2.442474857902006846e+01,2.598582139457002071e+01
0.000000000000000000e+00,9.693333333333333801e-01,1.969524972251659634e+01,2.110761349150347854e+01,2.285119891582146678e+01,2.457536764822160436e+01,2.617242343824927531e+01
0.000000000000000000e+00,9.740000000000000879e-01,1.970890644038558648e+01,2.116801809667887113e+01,2.295108375462478989e+01,2.473482840144915329e+01,2.635001224281108279e+01
0.000000000000000000e+00,9.786666666666666847e-01,1.972269999788387551e+01,2.122779001337307392e+01,2.304887709803924878e+01,2.489220309463023284e+01,2.652723331169370269e+01
0.000000000000000000e+00,9.833333333333333925e-01,1.972675621809438340e+01,2.129087740518838956e+01,2.316973613345518501e+01,2.505198374361573244e+01,2.670839988134347109e+01
0.000000000000000000e+00,9.880000000000001004e-01,1.974371513801125033e+01,2.135434080572353110e+01,2.327304018987773304e+01,2.521490530528503982e+01,2.688843847372796603e+01
0.000000000000000000e+00,9.926666666666666972e-01,1.976084858895185903e+01,2.141564487778656201e+01,2.338375980306926749e+01,2.537496685512022765e+01,2.705938580490487055e+01
0.000000000000000000e+00,9.973333333333334050e-01,1.977356676212065167e+01,2.145784237576209108e+01,2.350418483955473903e+01,2.552998484542700908e+01,2.723079404700010997e+01
0.000000000000000000e+00,1.002000000000000224e+00,1.978516249414206740e+01,2.149695839065416081e+01,2.361203522663197418e+01,2.568210907098639595e+01,2.741364344490095561e+01
0.000000000000000000e+00,1.006666666666666821e+00,1.979635105961720853e+01,2.156373382842636133e+01,2.372433146581198216e+01,2.584536779449981836e+01,2.759714893507814892e+01
0.000000000000000000e+00,1.011333333333333417e+00,1.980713585691663070e+01,2.161350785196949786e+01,2.383128353159023050e+01,2.601354072198758516e+01,2.778461264177602175e+01
0.000000000000000000e+00,1.016000000000000014e+00,1.981752024801707179e+01,2.166415352849890397e+01,2.394729919386360351e+01,2.616712275131962073e+01,2.797881118451112670e+01
0.000000000000000000e+00,1.020666666666666611e+00,1.982750757230564176e+01,2.172420498310094317e+01,2.406424729338101542e+01,2.633591217982294097e+01,2.817379518165223473e+01
0.000000000000000000e+00,1.025333333333333430e+00,1.983710114669883495e+01,2.179153706401462642e+01,2.417445272777350951e+01,2.650384719292196323e+01,2.836956777370314953e+01
0.000000000000000000e+00,1.030000000000000027e+00,1.985050047296313380e+01,2.184368322594673018e+01,2.428137412567841125e+01,2.668109427331840067e+01,2.856519919712281208e+01
0.000000000000000000e+00,1.034666666666666845e+00,1.986863324500613714e+01,2.189438516623595987e+01,2.439093314240664867e+01,2.685112518030043205e+01,2.876418931287557612e+01
0.000000000000000000e+00,1.039333333333333442e+00,1.988639439786875585e+01,2.194629730260598777e+01,2.450153409147609906e+01,2.701947253020470896e+01,2.896289336625545019e+01
0.000000000000000000e+00,1.044000000000000039e+00,1.989875506975247887e+01,2.200727578016477537e+01,2.461175333645988417e+01,2.718937443318828073e+01,2.916240625952472598e+01
0.000000000000000000e+00,1.048666666666666636e+00,1.990239803872454516e+01,2.206662218177941170e+01,2.471369586684874875e+01,2.737731709156155091e+01,2.936273122853037876e+01
0.000000000000000000e+00,1.053333333333333455e+00,1.990566405670573502e+01,2.211538318362074662e+01,2.483951177605120009e+01,2.754081370408457019e+01,2.958079705210402111e+01
0.000000000000000000e+00,1.058000000000000052e+00,1.990855651802781878e+01,2.217202378067587532e+01,2.494867230159131566e+01,2.770847584357963811e+01,2.980518061300186261e+01
0.000000000000000000e+00,1.062666666666666870e+00,1.991120847803475868e+01,2.222633796726284672e+01,2.507552188584711672e+01,2.787066546562363811e+01,2.999907714928335878e+01
0.000000000000000000e+00,1.067333333333333467e+00,1.993401337228486625e+01,2.226558679773648564e+01,2.518226135757944917e+01,2.803191765292520898e+01,3.019632363370878636e+01
0.000000000000000000e+00,1.072000000000000064e+00,1.995806342576245740e+01,2.231740466247911669e+01,2.528832853238108669e+01,2.819519948063201653e+01,3.042069074086247582e+01
0.000000000000000000e+00,1.076666666666666661e+00,1.995904391033741021e+01,2.237018219154788312e+01,2.539022051597490659e+01,2.835707703481264375e+01,3.059922656079620396e+01
0.000000000000000000e+00,1.081333333333333258e+00,1.995974182132978214e+01,2.241574995337816389e+01,2.549999519628365618e+01,2.852099413545683859e+01,3.081981920312771095e+01
0.000000000000000000e+00,1.086000000000000076e+00,1.995538790921415995e+01,2.246441099986977008e+01,2.560674016016682231e+01,2.868953902238358822e+01,3.105497086001668805e+01
0.000000000000000000e+00,1.090666666666666895e+00,1.994762177904323153e+01,2.251602905192871873e+01,2.571034973375818922e+01,2.885762884596774569e+01,3.128802410351555352e+01
0.000000000000000000e+00,1.095333333333333492e+00,1.995980001957404681e+01,2.256757748560379184e+01,2.582456614328809508e+01,2.903570131920388420e+01,3.149606339906140207e+01
0.000000000000000000e+00,1.100000000000000089e+00,1.996442755201444896e+01,2.261979873453464052e+01,2.592152711350570371e+01,2.920196235426147524e+01,3.170437850540014324e+01
1.000000000000000000e+00,4.000000000000000222e-01,1.605490551236891150e+01,1.837688535997605044e+01,2.227138348053618344e+01,2.915340910989586831e+01,3.507286588499294311e+01
1.000000000000000000e+00,4.046666666666666745e-01,1.606234091358920679e+01,1.838150231085803199e+01,2.224272027689298881e+01,2.901570343534032759e+01,3.484174287469143394e+01
1.000000000000000000e+00,4.093333333333333823e-01,1.606973309642636494e+01,1.839573376182798370e+01,2.222231191187577437e+01,2.887815164606015728e+01,3.461204083768220130e+01
1.000000000000000000e+00,4.140000000000000346e-01,1.608213528318307795e+01,1.842485954156303407e+01,2.219254640623854868e+01,2.874348458892379554e+01,3.438334751675571965e+01
1.000000000000000000e+00,4.186666666666666869e-01,1.611088713719190224e+01,1.845760293339547076e+01,2.216181223987033277e+01,2.860397640015273524e+01,3.415584269611805013e+01
1.000000000000000000e+00,4.233333333333333393e-01,1.613980752691674425e+01,1.848564169600523144e+01,2.214388303666062185e+01,2.846999894098493655e+01,3.392975077394212491e+01
1.000000000000000000e+00,4.280000000000000471e-01,1.616894202021954996e+01,1.849834191221407664e+01,2.212746231423680854e+01,2.833766179178648414e+01,3.370506608566903850e+01
1.000000000000000000e+00,4.326666666666666994e-01,1.619808735264506794e+01,1.852327220156153587e+01,2.210816880748030400e+01,2.820445880807502448e+01,3.346893844982946575e+01
1.000000000000000000e+00,4.373333333333333517e-01,1.622724455854694270e+01,1.853898389928882295e+01,2.207781945239631938e+01,2.806793416428434540e+01,3.323338457632174681e+01
1.000000000000000000e+00,4.420000000000000040e-01,1.625641467067052304e+01,1.855466375410319202e+01,2.206206502359626143e+01,2.793695400015858965e+01,3.299940814335160155e+01
1.000000000000000000e+00,4.466666666666667118e-01,1.628559872005834563e+01,1.857031297410599890e+01,2.204268556723625494e+01,2.779548360670973750e+01,3.279313469076307541e+01
1.000000000000000000e+00,4.513333333333333641e-01,1.631479773595861005e+01,1.858856841588978526e+01,2.202302589263425858e+01,2.766753726439351624e+01,3.259369297158743706e+01
1.000000000000000000e+00,4.560000000000000164e-01,1.634401274573662377e+01,1.860018574522000634e+01,2.201901950673867958e+01,2.752322057752556361e+01,3.237147043376132416e+01
1.000000000000000000e+00,4.606666666666666687e-01,1.637324478186655341e+01,1.862119233508294514e+01,2.200763228641454106e+01,2.740303800015566438e+01,3.214580504018668705e+01
1.000000000000000000e+00,4.653333333333333766e-01,1.640249486083304831e+01,1.863468136600091896e+01,2.198827488526658414e+01,2.727975156950283875e+01,3.193272895094481711e+01
1.000000000000000000e+00,4.700000000000000289e-01,1.643160049499431707e+01,1.864741289196746266e+01,2.196632404220225254e+01,2.715087968258149331e+01,3.172657865716881886e+01
1.000000000000000000e+00,4.746666666666666812e-01,1.645438730030110008e+01,1.865971402244536037e+01,2.195490093673544152e+01,2.702165990822570762e+01,3.152169750374969581e+01
1.000000000000000000e+00,4.793333333333333890e-01,1.647717452852224085e+01,1.867405548357479361e+01,2.192114480530256770e+01,2.689460426266174764e+01,3.131808017512135933e+01
1.000000000000000000e+00,4.840000000000000413e-01,1.647723244789512265e+01,1.868766656663818537e+01,2.191180294578794729e+01,2.677597611326059734e+01,3.111572132369737886e+01
1.000000000000000000e+00,4.886666666666666936e-01,1.647710978219888034e+01,1.870455580412980723e+01,2.188429796128622584e+01,2.666561604356310866e+01,3.091393126863291840e+01
1.000000000000000000e+00,4.933333333333333459e-01,1.647699773291361325e+01,1.872137604872131789e+01,2.186646028384966911e+01,2.652983634804437685e+01,3.070877473814926972e+01
1.000000000000000000e+00,4.979999999999999982e-01,1.647702139117704334e+01,1.873785767195784757e+01,2.184621248993252252e+01,2.638986532372748073e+01,3.051696303302218283e+01
1.000000000000000000e+00,5.026666666666667060e-01,1.647702052926038263e+01,1.874775669723561933e+01,2.182256222216366126e+01,2.627073586803603433e+01,3.032020778426489827e+01
1.000000000000000000e+00,5.073333333333334139e-01,1.650348297751846260e+01,1.876174449176199843e+01,2.179118074228779633e+01,2.615209619442444122e+01,3.012364878989992789e+01
1.000000000000000000e+00,5.120000000000000107e-01,1.653254288782139270e+01,1.876385753438296788e+01,2.175711820009502162e+01,2.602625403666683468e+01,2.992570072141220905e+01
1.000000000000000000e+00,5.166666666666667185e-01,1.656172866256015297e+01,1.877793905938241537e+01,2.174946428931049525e+01,2.590634318482731047e+01,2.971143659759709976e+01
1.000000000000000000e+00,5.213333333333334263e-01,1.658730154643380317e+01,1.879738650462632776e+01,2.174688388359666291e+01,2.579281586002188931e+01,2.952466356901718925e+01
1.000000000000000000e+00,5.260000000000000231e-01,1.658546660833599518e+01,1.880846922659368659e+01,2.171118631476437599e+01,2.567809453013260779e+01,2.930905680941472369e+01
1.000000000000000000e+00,5.306666666666667309e-01,1.660138989731047587e+01,1.883235267512917233e+01,2.167548636108439197e+01,2.556175373090464831e+01,2.912254703970432956e+01
1.000000000000000000e+00,5.353333333333333277e-01,1.662995930756122931e+01,1.884460932793963295e+01,2.164832871321961250e+01,2.544786749151685967e+01,2.895078913514836216e+01
1.000000000000000000e+00,5.400000000000000355e-01,1.665853950088462554e+01,1.883271718845777087e+01,2.163937895263143929e+01,2.532349651972868187e+01,2.878001329692917309e+01
1.000000000000000000e+00,5.446666666666666323e-01,1.668715173245381322e+01,1.883991026474395625e+01,2.162808906523252972e+01,2.519485034467673756e+01,2.859896429659676542e+01
1.000000000000000000e+00,5.493333333333333401e-01,1.671579695173077340e+01,1.886472547881773920e+01,2.161517617908344135e+01,2.506795404596570975e+01,2.843927105555444967e+01
1.000000000000000000e+00,5.540000000000000480e-01,1.674447611351680010e+01,1.888844262362793813e+01,2.158380484862287929e+01,2.496967139699854599e+01,2.827501629619207435e+01
1.000000000000000000e+00,5.586666666666666448e-01,1.677319016932245788e+01,1.890620421056333811e+01,2.155555468851968470e+01,2.485564532206453947e+01,2.810835619749308378e+01
1.000000000000000000e+00,5.633333333333333526e-01,1.680194006733692547e+01,1.893495477250757730e+01,2.152452841680024065e+01,2.472051064839901358e+01,2.794308961645471001e+01
1.000000000000000000e+00,5.680000000000000604e-01,1.683072675239929339e+01,1.895012272979849755e+01,2.149094396992438760e+01,2.462677731551024607e+01,2.777841820577265253e+01
1.000000000000000000e+00,5.726666666666666572e-01,1.685955116597178005e+01,1.897172906061079090e+01,2.146504564959110084e+01,2.454220630652530488e+01,2.761469822649505446e+01
1.000000000000000000e+00,5.773333333333333650e-01,1.688841424611487341e+01,1.898304513436107044e+01,2.145455975895670520e+01,2.442912422242625681e+01,2.743246271456763097e+01
1.000000000000000000e+00,5.820000000000000728e-01,1.691731692746428450e+01,1.899418444812993556e+01,2.144559113135592554e+01,2.431608076648970851e+01,2.728801162013711590e+01
1.000000000000000000e+00,5.866666666666666696e-01,1.693882118092933808e+01,1.901055056673834898e+01,2.142342634149938618e+01,2.420515235112690533e+01,2.710679162274420051e+01
1.000000000000000000e+00,5.913333333333333774e-01,1.694452541606133522e+01,1.902358668748468062e+01,2.139641942849335265e+01,2.410928889958983135e+01,2.691343254716602118e+01
1.000000000000000000e+00,5.960000000000000853e-01,1.696217558788731594e+01,1.904026168130897645e+01,2.137238063091765383e+01,2.398765669458053651e+01,2.672290147809441763e+01
1.000000000000000000e+00,6.006666666666666821e-01,1.698401013167886475e+01,1.905981660317766924e+01,2.134422940251365830e+01,2.388873314507652523e+01,2.656258078304491477e+01
1.000000000000000000e+00,6.053333333333333899e-01,1.701278408705582379e+01,1.906443941931297203e+01,2.132136541158347143e+01,2.380138046144781327e+01,2.644797920901026345e+01
1.000000000000000000e+00,6.100000000000000977e-01,1.703921946186360259e+01,1.908340301408897233e+01,2.130102474243610544e+01,2.372207984604651898e+01,2.631565190896655082e+01
1.000000000000000000e+00,6.146666666666666945e-01,1.706487414181418671e+01,1.910140412801256815e+01,2.126368391520382417e+01,2.358844738607233893e+01,2.614544331499708818e+01
1.000000000000000000e+00,6.193333333333334023e-01,1.709074393275527726e+01,1.912615542630192778e+01,2.123803835109058014e+01,2.351902229801651245e+01,2.595588213982011183e+01
1.000000000000000000e+00,6.240000000000001101e-01,1.711694073930013005e+01,1.915539966363089874e+01,2.119720563070619335e+01,2.343011175687490066e+01,2.584109916681979868e+01
1.000000000000000000e+00,6.286666666666667069e-01,1.714317640999510672e+01,1.917242886631076360e+01,2.116227166899500389e+01,2.332991446938837399e+01,2.568507441877981279e+01
1.000000000000000000e+00,6.333333333333334147e-01,1.716945180413009808e+01,1.916041382360685219e+01,2.113588339678974393e+01,2.326377540256703469e+01,2.552961918207358849e+01
1.000000000000000000e+00,6.380000000000000115e-01,1.719576778693676644e+01,1.918541127861738005e+01,2.110738268783920191e+01,2.316728402450869240e+01,2.537510532833610455e+01
1.000000000000000000e+00,6.426666666666667194e-01,1.722212521947447073e+01,1.920273446072775769e+01,2.108098361732560022e+01,2.306372348570361197e+01,2.520616770106117599e+01
1.000000000000000000e+00,6.473333333333333162e-01,1.724852495863265744e+01,1.920402961796899532e+01,2.104727098312046962e+01,2.296551741812269043e+01,2.505402144612335746e+01
1.000000000000000000e+00,6.520000000000000240e-01,1.727496785713448446e+01,1.921093672379174322e+01,2.103395095219254785e+01,2.287937507935346915e+01,2.490794642855868091e+01
1.000000000000000000e+00,6.566666666666667318e-01,1.728940303797243061e+01,1.923429494341088031e+01,2.101256931274207673e+01,2.282364500320669620e+01,2.476887333737705532e+01
1.000000000000000000e+00,6.613333333333333286e-01,1.729955195279270441e+01,1.923921259091559577e+01,2.097722437748763724e+01,2.276514163301401084e+01,2.464355932530164495e+01
1.000000000000000000e+00,6.660000000000000364e-01,1.731649729590349907e+01,1.925242692084486507e+01,2.094703512268486989e+01,2.268831497943294906e+01,2.453569253789232363e+01
1.000000000000000000e+00,6.706666666666667442e-01,1.734598138279030621e+01,1.925305354411321801e+01,2.091865971600855545e+01,2.261835204892897977e+01,2.440565883239860767e+01
1.000000000000000000e+00,6.753333333333333410e-01,1.737552216273154926e+01,1.926353108906705103e+01,2.088469150703561894e+01,2.253136356839526400e+01,2.430015766255361953e+01
1.000000000000000000e+00,6.800000000000000488e-01,1.740512048833501169e+01,1.928248703806241338e+01,2.085757895496336545e+01,2.245899051422151516e+01,2.418938400134893030e+01
1.000000000000000000e+00,6.846666666666667567e-01,1.743449439348470875e+01,1.928534168960691630e+01,2.080574833391211342e+01,2.242646029933030860e+01,2.407483466513404835e+01
1.000000000000000000e+00,6.893333333333333535e-01,1.746389830080035921e+01,1.929575895082307468e+01,2.077313898176488749e+01,2.234963895223356545e+01,2.393175438093268070e+01
1.000000000000000000e+00,6.940000000000000613e-01,1.745744775308346064e+01,1.930315097972897576e+01,2.072993946763332218e+01,2.226710068451365032e+01,2.385858249165109513e+01
1.000000000000000000e+00,6.986666666666667691e-01,1.744054624244001772e+01,1.930903177044087826e+01,2.068622853511061521e+01,2.222613769877978740e+01,2.374501746242407663e+01
1.000000000000000000e+00,7.033333333333333659e-01,1.740058289263405911e+01,1.931484757307353561e+01,2.063677272490772197e+01,2.216154904627235211e+01,2.363478045299446251e+01
1.000000000000000000e+00,7.080000000000000737e-01,1.740464017754555925e+01,1.931980950022864363e+01,2.060314691517999108e+01,2.208426887703001640e+01,2.361312719236244106e+01
1.000000000000000000e+00,7.126666666666667815e-01,1.742651192927117876e+01,1.929472520990606554e+01,2.058529440197179383e+01,2.200268726520261353e+01,2.353868661272764840e+01
1.000000000000000000e+00,7.173333333333333783e-01,1.744842420944572225e+01,1.928261340302156768e+01,2.055378524592252631e+01,2.193686092679683597e+01,2.352034180529699015e+01
1.000000000000000000e+00,7.219999999999999751e-01,1.742654506185164465e+01,1.927199680492415723e+01,2.050271641083123697e+01,2.186629680062286596e+01,2.348312941051862168e+01
1.000000000000000000e+00,7.266666666666667940e-01,1.744331583783907647e+01,1.926210300549598387e+01,2.045895258171236719e+01,2.182442409130434058e+01,2.341153711829205264e+01
1.000000000000000000e+00,7.313333333333333908e-01,1.746641300579304357e+01,1.927530808044051014e+01,2.041240877578241353e+01,2.176911635672970036e+01,2.332652840307622810e+01
1.000000000000000000e+00,7.359999999999999876e-01,1.746646715994384991e+01,1.926790067884281399e+01,2.037136147933126651e+01,2.172443142114146397e+01,2.328813521195297653e+01
1.000000000000000000e+00,7.406666666666666954e-01,1.746568021361949263e+01,1.926868317013732579e+01,2.032732623569523511e+01,2.169098698965137828e+01,2.327092226480813153e+01
1.000000000000000000e+00,7.453333333333334032e-01,1.747393175368193141e+01,1.924474049059734426e+01,2.027909028620168996e+01,2.163694391238152193e+01,2.323899416561933506e+01
1.000000000000000000e+00,7.500000000000000000e-01,1.744017326700690873e+01,1.921542210905689885e+01,2.023496280868632979e+01,2.161428747636310987e+01,2.322899147882405302e+01
1.000000000000000000e+00,7.546666666666667078e-01,1.740361798485055544e+01,1.917232791781803058e+01,2.020689485417484121e+01,2.157500707931050954e+01,2.321238482864302810e+01
1.000000000000000000e+00,7.593333333333334156e-01,1.739262844878465231e+01,1.914532949444463839e+01,2.017124986425721289e+01,2.153500884311408115e+01,2.314878520516364446e+01
1.000000000000000000e+00,7.640000000000000124e-01,1.737624880639477354e+01,1.911361900575454342e+01,2.014012612620590659e+01,2.149679252123359063e+01,2.308432977789051321e+01
1.000000000000000000e+00,7.686666666666667203e-01,1.734876478448851600e+01,1.908068332671048140e+01,2.009787151935934446e+01,2.144266805637697715e+01,2.300731730120491747e+01
1.000000000000000000e+00,7.733333333333334281e-01,1.728393038655633163e+01,1.904665247230643388e+01,2.007020684931215726e+01,2.139125254347952776e+01,2.295472395330362048e+01
1.000000000000000000e+00,7.780000000000000249e-01,1.727902039132007062e+01,1.903824085436837521e+01,2.002757630746172879e+01,2.136515815579505073e+01,2.291970386246367752e+01
1.000000000000000000e+00,7.826666666666667327e-01,1.726934478564358955e+01,1.899360111695215991e+01,1.999905125394505134e+01,2.136328624461249248e+01,2.290945992360926553e+01
1.000000000000000000e+00,7.873333333333334405e-01,1.723468459645074446e+01,1.895927816796653431e+01,1.995729208614449135e+01,2.132282805456042141e+01,2.290193278276241884e+01
1.000000000000000000e+00,7.920000000000000373e-01,1.717280721578563529e+01,1.890129368218394035e+01,1.992621800272834776e+01,2.128335941926437158e+01,2.289060896690061142e+01
1.000000000000000000e+00,7.966666666666667451e-01,1.717845842250046928e+01,1.887141368303209887e+01,1.988959169305452690e+01,2.126868197880652289e+01,2.287932087131695624e+01
1.000000000000000000e+00,8.013333333333334529e-01,1.718413460535924742e+01,1.886128440849179455e+01,1.986270260418841715e+01,2.129093418702098006e+01,2.287538601140809291e+01
1.000000000000000000e+00,8.060000000000000497e-01,1.718983629975448935e+01,1.882056167423839099e+01,1.982854139629045420e+01,2.127680581524469972e+01,2.282788328078265039e+01
1.000000000000000000e+00,8.106666666666666465e-01,1.716508684080611147e+01,1.877732579907039678e+01,1.979066375894313978e+01,2.125618968452152657e+01,2.284531598882092140e+01
1.000000000000000000e+00,8.153333333333334654e-01,1.707196884780517010e+01,1.872126532960709611e+01,1.976426514413032720e+01,2.125259165304280984e+01,2.284052288831502509e+01
1.000000000000000000e+00,8.200000000000000622e-01,1.697993051211372872e+01,1.868188747196982646e+01,1.974674652146418552e+01,2.121821880898592028e+01,2.283003567833339531e+01
1.000000000000000000e+00,8.246666666666666590e-01,1.688914702166205473e+01,1.862050007803464524e+01,1.973585519663663490e+01,2.120764104281022355e+01,2.284508612252269089e+01
1.000000000000000000e+00,8.293333333333333668e-01,1.685907049275008873e+01,1.855977297198186449e+01,1.971925227821906645e+01,2.116941650264655905e+01,2.283879389544515703e+01
1.000000000000000000e+00,8.340000000000000746e-01,1.678163771522402925e+01,1.851221428040104300e+01,1.969396051364010347e+01,2.114123721235402797e+01,2.285331095738883889e+01
1.000000000000000000e+00,8.386666666666666714e-01,1.669361858783149444e+01,1.843590693218645171e+01,1.964789321954661361e+01,2.112331109209036839e+01,2.286924825936987204e+01
1.000000000000000000e+00,8.433333333333333792e-01,1.664971265191870486e+01,1.837595133728355989e+01,1.961514843599772107e+01,2.111767527296959912e+01,2.287555083104205167e+01
1.000000000000000000e+00,8.480000000000000870e-01,1.656054340122666346e+01,1.831864790533406762e+01,1.957938167824339359e+01,2.111976907383375490e+01,2.288972368029035920e+01
1.000000000000000000e+00,8.526666666666666838e-01,1.655641551813026169e+01,1.826607671399595745e+01,1.956524264554619563e+01,2.109994625907990695e+01,2.290445108444551892e+01
1.000000000000000000e+00,8.573333333333333917e-01,1.651123322255377701e+01,1.820340674129764480e+01,1.952270340768005497e+01,2.108774075827246364e+01,2.291922653671347021e+01
1.000000000000000000e+00,8.620000000000000995e-01,1.647638029523431058e+01,1.816110363313055132e+01,1.949030423966751613e+01,2.109040592003508507e+01,2.293380850924603109e+01
1.000000000000000000e+00,8.666666666666666963e-01,1.645287388561474629e+01,1.812114717808917064e+01,1.945410920359773854e+01,2.110053940816251838e+01,2.294883329376679271e+01
1.000000000000000000e+00,8.713333333333334041e-01,1.640469341672247339e+01,1.807021989629782155e+01,1.941843663912381146e+01,2.111815523264193928e+01,2.296267368900871375e+01
1.000000000000000000e+00,8.760000000000001119e-01,1.630829475156470565e+01,1.799343419489765949e+01,1.939726388418339909e+01,2.111727319201982667e+01,2.297015367244298645e+01
1.000000000000000000e+00,8.806666666666667087e-01,1.621232360633477043e+01,1.792695259088144155e+01,1.937543858088250914e+01,2.113846302703408142e+01,2.296490539287855626e+01
1.000000000000000000e+00,8.853333333333334165e-01,1.611911942395589392e+01,1.787070605945814705e+01,1.936259900486680507e+01,2.115942625987047521e+01,2.297487728826750697e+01
1.000000000000000000e+00,8.900000000000001243e-01,1.603469847781457247e+01,1.781750898710840048e+01,1.934908959789783722e+01,2.116898936601587522e+01,2.299967159079209011e+01
1.000000000000000000e+00,8.946666666666667211e-01,1.594551976224411938e+01,1.775990850277124622e+01,1.932309647786603080e+01,2.119171188139122819e+01,2.302453575580965861e+01
1.000000000000000000e+00,8.993333333333333179e-01,1.585520651138907589e+01,1.768953279158108316e+01,1.929826036054378946e+01,2.120858838615558994e+01,2.304947046569643732e+01
1.000000000000000000e+00,9.040000000000000258e-01,1.577120238264397756e+01,1.762050477580783792e+01,1.928312340466049335e+01,2.123475577476497378e+01,2.306633338755198182e+01
1.000000000000000000e+00,9.086666666666667336e-01,1.567940180631316238e+01,1.754192174241237367e+01,1.926699048801255287e+01,2.124062426653992119e+01,2.310100060034002567e+01
1.000000000000000000e+00,9.133333333333334414e-01,1.558816613352504632e+01,1.747079330511757789e+01,1.925175145360227447e+01,2.125786462235351948e+01,2.314182095252543547e+01
1.000000000000000000e+00,9.180000000000000382e-01,1.548177479350749763e+01,1.740235685496173446e+01,1.923109031839462446e+01,2.126622129075243350e+01,2.316210013799530998e+01
1.000000000000000000e+00,9.226666666666667460e-01,1.537216708151392908e+01,1.734180519280436528e+01,1.921757687780604229e+01,2.127963903647025390e+01,2.319549478191865433e+01
1.000000000000000000e+00,9.273333333333334538e-01,1.526729248631133018e+01,1.727633835162612641e+01,1.921374473720437948e+01,2.128310542030732933e+01,2.323030918222855945e+01
1.000000000000000000e+00,9.320000000000000506e-01,1.517642496827449072e+01,1.721247264382772713e+01,1.920276536267302703e+01,2.129341235524283604e+01,2.326522322135048526e+01
1.000000000000000000e+00,9.366666666666667584e-01,1.509683804675579211e+01,1.712876460208759610e+01,1.918573002500908586e+01,2.131039996672948789e+01,2.329770305987756984e+01
1.000000000000000000e+00,9.413333333333333552e-01,1.499142264595559659e+01,1.705477680554130870e+01,1.917967736352146346e+01,2.132754776183027445e+01,2.332979611839165912e+01
1.000000000000000000e+00,9.460000000000000631e-01,1.490007747533739568e+01,1.698375282381137197e+01,1.916250835289800136e+01,2.134416871911362534e+01,2.335695299181580609e+01
1.000000000000000000e+00,9.506666666666667709e-01,1.480343856064079588e+01,1.692284106400867572e+01,1.915651486549471372e+01,2.136323216796443347e+01,2.337161860932592106e+01
1.000000000000000000e+00,9.553333333333333677e-01,1.471430954379744271e+01,1.685429001118516368e+01,1.914224537006811033e+01,2.137990758334878194e+01,2.339890697365403582e+01
1.000000000000000000e+00,9.600000000000000755e-01,1.463448331629997767e+01,1.678919667284995754e+01,1.911491401398091483e+01,2.138886702734187750e+01,2.340648144275494147e+01
1.000000000000000000e+00,9.646666666666667833e-01,1.458402103306015896e+01,1.674073271560909859e+01,1.910518540053012870e+01,2.139423823008460701e+01,2.344035750177632238e+01
1.000000000000000000e+00,9.693333333333333801e-01,1.450435707312518474e+01,1.666355491820023360e+01,1.909231411971130399e+01,2.140159170529125277e+01,2.345070063361770352e+01
1.000000000000000000e+00,9.740000000000000879e-01,1.441414087042868175e+01,1.658947703436648169e+01,1.908860705205719199e+01,2.143247211204008096e+01,2.346376328845538595e+01
1.000000000000000000e+00,9.786666666666666847e-01,1.432962163186294546e+01,1.651677785559836664e+01,1.906834917214474956e+01,2.145465687890382256e+01,2.349022723307222194e+01
1.000000000000000000e+00,9.833333333333333925e-01,1.423490601787418974e+01,1.644073430397651592e+01,1.904076635265335682e+01,2.147012478003158975e+01,2.351668781010409148e+01
1.000000000000000000e+00,9.880000000000001004e-01,1.413178353532070730e+01,1.636967798759609494e+01,1.902793199094841015e+01,2.148166983942048347e+01,2.354273323376913751e+01
1.000000000000000000e+00,9.926666666666666972e-01,1.404622280374431931e+01,1.629115111026032636e+01,1.900614863613611405e+01,2.149290287104469144e+01,2.355710703504670533e+01
1.000000000000000000e+00,9.973333333333334050e-01,1.397298488237871616e+01,1.622179128926241631e+01,1.899114565488328310e+01,2.151296600949906690e+01,2.356933730730378684e+01
1.000000000000000000e+00,1.002000000000000224e+00,1.389331984726993063e+01,1.615466669556793633e+01,1.896615016302378365e+01,2.153308115598863637e+01,2.360405114231532053e+01
1.000000000000000000e+00,1.006666666666666821e+00,1.380317460943044949e+01,1.608338847214908895e+01,1.895131782511393936e+01,2.154602424314996156e+01,2.363887092836947090e+01
1.000000000000000000e+00,1.011333333333333417e+00,1.371364632174551446e+01,1.601339427165251195e+01,1.893640308031505270e+01,2.156568473640264827e+01,2.367379732313877483e+01
1.000000000000000000e+00,1.016000000000000014e+00,1.362473076740018207e+01,1.595624894215950995e+01,1.891892513120668440e+01,2.158892963499552664e+01,2.370430359133831288e+01
1.000000000000000000e+00,1.020666666666666611e+00,1.353642375377538976e+01,1.587491449881203565e+01,1.890725867757173262e+01,2.161437689985559629e+01,2.373176763382414478e+01
1.000000000000000000e+00,1.025333333333333430e+00,1.344872111243531165e+01,1.580091831621714782e+01,1.888916437805185922e+01,2.163473772690868557e+01,2.375931997761572489e+01
1.000000000000000000e+00,1.030000000000000027e+00,1.336588774167831595e+01,1.572359920569180325e+01,1.887682163978519867e+01,2.164570898173695213e+01,2.379328179557823830e+01
1.000000000000000000e+00,1.034666666666666845e+00,1.328591649967639476e+01,1.565314460287258136e+01,1.885387914995211389e+01,2.164880482179133381e+01,2.383327485416719327e+01
1.000000000000000000e+00,1.039333333333333442e+00,1.320645573549243323e+01,1.557291021003706000e+01,1.883559701108863038e+01,2.166085140648711871e+01,2.385914331266742749e+01
1.000000000000000000e+00,1.044000000000000039e+00,1.312773102980165874e+01,1.547316822472497400e+01,1.879680651225223187e+01,2.167286715710793032e+01,2.388281995166024174e+01
1.000000000000000000e+00,1.048666666666666636e+00,1.304966070986549731e+01,1.540543826623954260e+01,1.878365674662739337e+01,2.169043595498439103e+01,2.390657848835345689e+01
1.000000000000000000e+00,1.053333333333333455e+00,1.297333017670257682e+01,1.533862217261260774e+01,1.876191616123786332e+01,2.171755141706281833e+01,2.393041940984517524e+01
1.000000000000000000e+00,1.058000000000000052e+00,1.290439526686267158e+01,1.526808030912448899e+01,1.874252323379201357e+01,2.174459153526513333e+01,2.395938656458658400e+01
1.000000000000000000e+00,1.062666666666666870e+00,1.283566661326299041e+01,1.519453765438988846e+01,1.871617732387517208e+01,2.176041437630632558e+01,2.398093994572714749e+01
1.000000000000000000e+00,1.067333333333333467e+00,1.275997070381421850e+01,1.512833978311989114e+01,1.868703699498093584e+01,2.177679985162842513e+01,2.400902669752557372e+01
1.000000000000000000e+00,1.072000000000000064e+00,1.268354259380843096e+01,1.505517007409452646e+01,1.866650665052844005e+01,2.178752784113333618e+01,2.403579006907463977e+01
1.000000000000000000e+00,1.076666666666666661e+00,1.260197344058402713e+01,1.497857051792063210e+01,1.865545507830241334e+01,2.181907523273646987e+01,2.406108794843832044e+01
1.000000000000000000e+00,1.081333333333333258e+00,1.251554741898171130e+01,1.490732926364046840e+01,1.862798292807838862e+01,2.184899442880420750e+01,2.410504752595923961e+01
1.000000000000000000e+00,1.086000000000000076e+00,1.244081822337167154e+01,1.485790405390309843e+01,1.862900606679760429e+01,2.187537883665111949e+01,2.415192448584174656e+01
1.000000000000000000e+00,1.090666666666666895e+00,1.236659957792849518e+01,1.480675944165439262e+01,1.861761600232911462e+01,2.188812599918210111e+01,2.418682552315040013e+01
1.000000000000000000e+00,1.095333333333333492e+00,1.229285547718825100e+01,1.475182748642998654e+01,1.859773207981680798e+01,2.191331517898699133e+01,2.420751337647747903e+01
1.000000000000000000e+00,1.100000000000000089e+00,1.221985956421395692e+01,1.468818199816814740e+01,1.858601734688536311e+01,2.194186015633006548e+01,2.422406200263164067e+01
2.000000000000000000e+00,4.000000000000000222e-01,2.143495422418808971e+01,2.268465583984516698e+01,2.357616663794201628e+01,2.432534569286027804e+01,2.504235772404525306e+01
2.000000000000000000e+00,4.046666666666666745e-01,2.127280193180641987e+01,2.259926060692641059e+01,2.357332604755660554e+01,2.432825145982472392e+01,2.506135882098319101e+01
2.000000000000000000e+00,4.093333333333333823e-01,2.118923849221480182e+01,2.253078149410912445e+01,2.356692888524126772e+01,2.433971409912238570e+01,2.507520425442346834e+01
2.000000000000000000e+00,4.140000000000000346e-01,2.107758482066985195e+01,2.247876639582388592e+01,2.354475821422739301e+01,2.435757189929266175e+01,2.514505304979478950e+01
2.000000000000000000e+00,4.186666666666666869e-01,2.085404880248391635e+01,2.241596618301707977e+01,2.354077685854284852e+01,2.437581631008627170e+01,2.517802075297398900e+01
2.000000000000000000e+00,4.233333333333333393e-01,2.063115570579500968e+01,2.234749413537348062e+01,2.353697328179308457e+01,2.441201914459765732e+01,2.524653366748601258e+01
2.000000000000000000e+00,4.280000000000000471e-01,2.041072497423370180e+01,2.225719992344411224e+01,2.354205621182750008e+01,2.442953492834894647e+01,2.530884952928134268e+01
2.000000000000000000e+00,4.326666666666666994e-01,2.019128896745009882e+01,2.220742570195680443e+01,2.354077200817229354e+01,2.446784773852088790e+01,2.538442024181533085e+01
2.000000000000000000e+00,4.373333333333333517e-01,1.998850159286640249e+01,2.214219794433852684e+01,2.353715820107771606e+01,2.449311877988589714e+01,2.545797528381134001e+01
2.000000000000000000e+00,4.420000000000000040e-01,1.975650331535866400e+01,2.205001241716268368e+01,2.352867327303302858e+01,2.453371667725667038e+01,2.552802710665599051e+01
2.000000000000000000e+00,4.466666666666667118e-01,1.954074174317669943e+01,2.195443859274541509e+01,2.350385881604644922e+01,2.459234766985391829e+01,2.560304033351237862e+01
2.000000000000000000e+00,4.513333333333333641e-01,1.930989324460166046e+01,2.187904629542723711e+01,2.351722022369200005e+01,2.463884329670839435e+01,2.572291962807064181e+01
2.000000000000000000e+00,4.560000000000000164e-01,1.907903686283607314e+01,2.177845150453569190e+01,2.349582434335840375e+01,2.469141860708387881e+01,2.576872665925619188e+01
2.000000000000000000e+00,4.606666666666666687e-01,1.884983540818183911e+01,2.169115017368812204e+01,2.348005594998771173e+01,2.473411521049144568e+01,2.584728869401743978e+01
2.000000000000000000e+00,4.653333333333333766e-01,1.862228089753537930e+01,2.160126613825386244e+01,2.346954297725538652e+01,2.478784701738175045e+01,2.592655282360903968e+01
2.000000000000000000e+00,4.700000000000000289e-01,1.839636536230562669e+01,2.150281696718352720e+01,2.347829401671090821e+01,2.484426812809506302e+01,2.602269605074784664e+01
2.000000000000000000e+00,4.746666666666666812e-01,1.817230489598249221e+01,2.139250793244202598e+01,2.347360280119354314e+01,2.490569885401296091e+01,2.612158138503225757e+01
2.000000000000000000e+00,4.793333333333333890e-01,1.794595763653669351e+01,2.127144086822432101e+01,2.346077576467590120e+01,2.496955650299137375e+01,2.624256759312946841e+01
2.000000000000000000e+00,4.840000000000000413e-01,1.771656100750312390e+01,2.117883013897400701e+01,2.345632017298636640e+01,2.503160023901389053e+01,2.636155084249880431e+01
2.000000000000000000e+00,4.886666666666666936e-01,1.750949726413150387e+01,2.107305693860974216e+01,2.347745912091741616e+01,2.510208136516353505e+01,2.646890150680930631e+01
2.000000000000000000e+00,4.933333333333333459e-01,1.729146636732834352e+01,2.097468549969003604e+01,2.347263345772677212e+01,2.515809173851885205e+01,2.657801423543561370e+01
2.000000000000000000e+00,4.979999999999999982e-01,1.707535074434830946e+01,2.087314881736534389e+01,2.346299982224786618e+01,2.522817234997588542e+01,2.666514436883004535e+01
2.000000000000000000e+00,5.026666666666667060e-01,1.686081627868056998e+01,2.076713698209447756e+01,2.345716216446598068e+01,2.530903852085578265e+01,2.676817158096125482e+01
2.000000000000000000e+00,5.073333333333334139e-01,1.664785489229698001e+01,2.065943289844993913e+01,2.345681207634096666e+01,2.538324116050618784e+01,2.687826838677095154e+01
2.000000000000000000e+00,5.120000000000000107e-01,1.643647599584284436e+01,2.055320221142997639e+01,2.347286758852844812e+01,2.544927095323343380e+01,2.701292849633874482e+01
2.000000000000000000e+00,5.166666666666667185e-01,1.622736407404444137e+01,2.044590160983166172e+01,2.347849682793807347e+01,2.553064585413312670e+01,2.712630846758876046e+01
2.000000000000000000e+00,5.213333333333334263e-01,1.604091311427067978e+01,2.033944665630188808e+01,2.348419316402998192e+01,2.558469384927941448e+01,2.722402326966741271e+01
2.000000000000000000e+00,5.260000000000000231e-01,1.586389529511213681e+01,2.023809849381370896e+01,2.347653777941425801e+01,2.565577577886021743e+01,2.732186357944197042e+01
2.000000000000000000e+00,5.306666666666667309e-01,1.568805589506644438e+01,2.013000016909946410e+01,2.348313919637811864e+01,2.572775724396422348e+01,2.742544684677862676e+01
2.000000000000000000e+00,5.353333333333333277e-01,1.551338964562531864e+01,2.002650889053537497e+01,2.347716794614185432e+01,2.580758189416505743e+01,2.752355295622880860e+01
2.000000000000000000e+00,5.400000000000000355e-01,1.533989126386152968e+01,1.991752204116180636e+01,2.348623693134264201e+01,2.587724011949684666e+01,2.761684243639800229e+01
2.000000000000000000e+00,5.446666666666666323e-01,1.516029286913693319e+01,1.982118312714919384e+01,2.348129635312972141e+01,2.593763585073028821e+01,2.772013818455695144e+01
2.000000000000000000e+00,5.493333333333333401e-01,1.497320689384542547e+01,1.972744991340171339e+01,2.349999887542670862e+01,2.601989994620508639e+01,2.781225493791107439e+01
2.000000000000000000e+00,5.540000000000000480e-01,1.478745748046834763e+01,1.963417006193706271e+01,2.348897426957415391e+01,2.608757104579835939e+01,2.791488411312923645e+01
2.000000000000000000e+00,5.586666666666666448e-01,1.460217586934325062e+01,1.952426838221494521e+01,2.347094175426819262e+01,2.617585470620022647e+01,2.801537122559201620e+01
2.000000000000000000e+00,5.633333333333333526e-01,1.440282984920588483e+01,1.941680162707519841e+01,2.347118138782640528e+01,2.625111410544689861e+01,2.811709204022379893e+01
2.000000000000000000e+00,5.680000000000000604e-01,1.420499638701749312e+01,1.932215409203376311e+01,2.345877899113151699e+01,2.631845246494224000e+01,2.823274218855464923e+01
2.000000000000000000e+00,5.726666666666666572e-01,1.400866710768901413e+01,1.922815059417023420e+01,2.343394735121834671e+01,2.642266897255406732e+01,2.834919968637717957e+01
2.000000000000000000e+00,5.773333333333333650e-01,1.381435597456831310e+01,1.912719110434144554e+01,2.342601708586507669e+01,2.651185763027612907e+01,2.845523535431442141e+01
2.000000000000000000e+00,5.820000000000000728e-01,1.362158442687781523e+01,1.903686449123794944e+01,2.344139860881380955e+01,2.659608804190882125e+01,2.856572883544666297e+01
2.000000000000000000e+00,5.866666666666666696e-01,1.343028516834718289e+01,1.894961330228025176e+01,2.342341603356845781e+01,2.667797667617381308e+01,2.870213494355844119e+01
2.000000000000000000e+00,5.913333333333333774e-01,1.324044987924618155e+01,1.886255738616631561e+01,2.340221189278710767e+01,2.672293612472915925e+01,2.882115371549322447e+01
2.000000000000000000e+00,5.960000000000000853e-01,1.305207027976738310e+01,1.877302664942252264e+01,2.340286271142691987e+01,2.680887467208336616e+01,2.893991755350320716e+01
2.000000000000000000e+00,6.006666666666666821e-01,1.286513810019082449e+01,1.867862510648411245e+01,2.340347798799337298e+01,2.686076233206446418e+01,2.905309675309740314e+01
2.000000000000000000e+00,6.053333333333333899e-01,1.267964508161046133e+01,1.858339725992360414e+01,2.340172458327618088e+01,2.694219773300085663e+01,2.917879063057849010e+01
2.000000000000000000e+00,6.100000000000000977e-01,1.249493507847604690e+01,1.848308249092134403e+01,2.338452809946342370e+01,2.701020543999334222e+01,2.929909602460145024e+01
2.000000000000000000e+00,6.146666666666666945e-01,1.231164821255632269e+01,1.838838401897737640e+01,2.335959830381660396e+01,2.708853801655912008e+01,2.942489142402761715e+01
2.000000000000000000e+00,6.193333333333334023e-01,1.212978347464668794e+01,1.827623156787474912e+01,2.333974165086722152e+01,2.716413304530903261e+01,2.955230426350629713e+01
2.000000000000000000e+00,6.240000000000001101e-01,1.194933259392817249e+01,1.818124585674008742e+01,2.331382596491415526e+01,2.723678947543715267e+01,2.967813896048437172e+01
2.000000000000000000e+00,6.286666666666667069e-01,1.177028734391138443e+01,1.809586752126976705e+01,2.329394620399897775e+01,2.731829634695584375e+01,2.980512452058690798e+01
2.000000000000000000e+00,6.333333333333334147e-01,1.159263945360440395e+01,1.798777701477767366e+01,2.328549889806144790e+01,2.740895980149193889e+01,2.994906225391749643e+01
2.000000000000000000e+00,6.380000000000000115e-01,1.141638069780774600e+01,1.788338385044941603e+01,2.326911988303027101e+01,2.749260398521511561e+01,3.009303694143225272e+01
2.000000000000000000e+00,6.426666666666667194e-01,1.124150286778461449e+01,1.779552118699768570e+01,2.326488902160823358e+01,2.757454859134881886e+01,3.022959863542137882e+01
2.000000000000000000e+00,6.473333333333333162e-01,1.106799777186602185e+01,1.770114520596548502e+01,2.325384069452303493e+01,2.765935771379562524e+01,3.034891661243039707e+01
2.000000000000000000e+00,6.520000000000000240e-01,1.089585723604250411e+01,1.760789298420931814e+01,2.324958232562450888e+01,2.773950964243631390e+01,3.047481805483247896e+01
2.000000000000000000e+00,6.566666666666667318e-01,1.072507310454285623e+01,1.751063852389032860e+01,2.324152141600288957e+01,2.782556574750041634e+01,3.059781622646933386e+01
2.000000000000000000e+00,6.613333333333333286e-01,1.055563724039978446e+01,1.741542210356988818e+01,2.323712118681438454e+01,2.791310606844150044e+01,3.072123969342065664e+01
2.000000000000000000e+00,6.660000000000000364e-01,1.038754152600269798e+01,1.731405393165124806e+01,2.323831848422651092e+01,2.800361233300017361e+01,3.084529267413345011e+01
2.000000000000000000e+00,6.706666666666667442e-01,1.022077789249065027e+01,1.720901729407527014e+01,2.322844521015492347e+01,2.810352310524027075e+01,3.096940053597732856e+01
2.000000000000000000e+00,6.753333333333333410e-01,1.005533823350572753e+01,1.710960202922794338e+01,2.321424070090916558e+01,2.819145957475415898e+01,3.109320604557287382e+01
2.000000000000000000e+00,6.800000000000000488e-01,9.891214492693695348e+00,1.701264213059947750e+01,2.321113735206538919e+01,2.827221832197710327e+01,3.122496718910038283e+01
2.000000000000000000e+00,6.846666666666667567e-01,9.728398635141852324e+00,1.691726289767944280e+01,2.320459221678603967e+01,2.836146427239426515e+01,3.134837707908019055e+01
2.000000000000000000e+00,6.893333333333333535e-01,9.566882647869205059e+00,1.683695007428970314e+01,2.319263554211388723e+01,2.842690232609963275e+01,3.148634338104267272e+01
2.000000000000000000e+00,6.940000000000000613e-01,9.406658540304373872e+00,1.675231760770405742e+01,2.318847430598427550e+01,2.850010221065888061e+01,3.162490860094674616e+01
2.000000000000000000e+00,6.986666666666667691e-01,9.247823782637851764e+00,1.665983520327463197e+01,2.316784334077499707e+01,2.857644133505822737e+01,3.176412464286529413e+01
2.000000000000000000e+00,7.033333333333333659e-01,9.090314665996146459e+00,1.656774296352419640e+01,2.314919206349540559e+01,2.866154996768931795e+01,3.190390319503850591e+01
2.000000000000000000e+00,7.080000000000000737e-01,8.933930943518491929e+00,1.647604006299018664e+01,2.313563767886386557e+01,2.876119876409513409e+01,3.204424719439528246e+01
2.000000000000000000e+00,7.126666666666667815e-01,8.778805737645869911e+00,1.638472567766242349e+01,2.311882088388936296e+01,2.883560667668447763e+01,3.218515958023688484e+01
2.000000000000000000e+00,7.173333333333333783e-01,8.624932666795492864e+00,1.629379893445795702e+01,2.309969636853713837e+01,2.892143433166640420e+01,3.232664330274536724e+01
2.000000000000000000e+00,7.219999999999999751e-01,8.472303885491912823e+00,1.620325896249592645e+01,2.308087992910061814e+01,2.900781344200965250e+01,3.246870131448747543e+01
2.000000000000000000e+00,7.266666666666667940e-01,8.320911573677205908e+00,1.611310487647044454e+01,2.306648545614864076e+01,2.909446130567240019e+01,3.261133657335368241e+01
2.000000000000000000e+00,7.313333333333333908e-01,8.170747937096288993e+00,1.602333577699991807e+01,2.305861722007211512e+01,2.918137939784855206e+01,3.275455204261494657e+01
2.000000000000000000e+00,7.359999999999999876e-01,8.021805207671263815e+00,1.593395075097191338e+01,2.305081584210558532e+01,2.926856918967306243e+01,3.289835069098038645e+01
2.000000000000000000e+00,7.406666666666666954e-01,7.878878411447217012e+00,1.584532958134554548e+01,2.303691500089941258e+01,2.935603214827915153e+01,3.304273549265590049e+01
2.000000000000000000e+00,7.453333333333334032e-01,7.734174380636456902e+00,1.575839691485139937e+01,2.301794047442341906e+01,2.944567615130900862e+01,3.318770942740346896e+01
2.000000000000000000e+00,7.500000000000000000e-01,7.587801983774579817e+00,1.567217075132771242e+01,2.299904745546149698e+01,2.953715607931259868e+01,3.333327548060156431e+01
2.000000000000000000e+00,7.546666666666667078e-01,7.444929276829999942e+00,1.558657088019250025e+01,2.298023642673875599e+01,2.963370378712352959e+01,3.347943664091978633e+01
2.000000000000000000e+00,7.593333333333334156e-01,7.306057350972086972e+00,1.550133520939282583e+01,2.297074616492656318e+01,2.970893273314912264e+01,3.362619590762261623e+01
2.000000000000000000e+00,7.640000000000000124e-01,7.168313241830906790e+00,1.541670922596413540e+01,2.296338602029209142e+01,2.981124552474615896e+01,3.377355628330526827e+01
2.000000000000000000e+00,7.686666666666667203e-01,7.031689761975471242e+00,1.533304124072181907e+01,2.296398030282718494e+01,2.990655932514823689e+01,3.392152077642821695e+01
2.000000000000000000e+00,7.733333333333334281e-01,6.896187276131574784e+00,1.524972913828744048e+01,2.295332167296031756e+01,2.998931340600832485e+01,3.407009240138115302e+01
2.000000000000000000e+00,7.780000000000000249e-01,6.761811999369918169e+00,1.516677199768011164e+01,2.294660438749306053e+01,3.008049252985188815e+01,3.419907964752069773e+01
2.000000000000000000e+00,7.826666666666667327e-01,6.628535626203032827e+00,1.508416888726025640e+01,2.294316402526268917e+01,3.017143365194570137e+01,3.435922401943265925e+01
2.000000000000000000e+00,7.873333333333334405e-01,6.496351079298771758e+00,1.500191886501920990e+01,2.294244109246416485e+01,3.027013432692027095e+01,3.451948030141914359e+01
2.000000000000000000e+00,7.920000000000000373e-01,6.365251308830377930e+00,1.492002097886467205e+01,2.294584299822832207e+01,3.037602830626694228e+01,3.467051071845258292e+01
2.000000000000000000e+00,7.966666666666667451e-01,6.235229317580444075e+00,1.483847428294297188e+01,2.294931390028009588e+01,3.047212983390612351e+01,3.482216342845501345e+01
2.000000000000000000e+00,8.013333333333334529e-01,6.106278086363167823e+00,1.475727778973148929e+01,2.295155056696811613e+01,3.058087166186543016e+01,3.497444148488106208e+01
2.000000000000000000e+00,8.060000000000000497e-01,5.978390649311004168e+00,1.467643051855785252e+01,2.294723584502735036e+01,3.068538347506427044e+01,3.512734794547098005e+01
2.000000000000000000e+00,8.106666666666666465e-01,5.851560068995796726e+00,1.459535599315171694e+01,2.294299431774896192e+01,3.079693968931853121e+01,3.528088587442938007e+01
2.000000000000000000e+00,8.153333333333334654e-01,5.725779436641190934e+00,1.451348768886761498e+01,2.293882637996557960e+01,3.091103751802285871e+01,3.543505834249469899e+01
2.000000000000000000e+00,8.200000000000000622e-01,5.601103111957372427e+00,1.443197691641610625e+01,2.293473241682261943e+01,3.102452019412696416e+01,3.558986842700909392e+01
2.000000000000000000e+00,8.246666666666666590e-01,5.477467628644760111e+00,1.435082260448123215e+01,2.293071280391402311e+01,3.113461578909483407e+01,3.574531921198888540e+01
2.000000000000000000e+00,8.293333333333333668e-01,5.354860808196674427e+00,1.426980133115047167e+01,2.292676790741692372e+01,3.124510569552438355e+01,3.590674255089701461e+01
2.000000000000000000e+00,8.340000000000000746e-01,5.233275864361940144e+00,1.418299841996963195e+01,2.292212274470114863e+01,3.135392531758970236e+01,3.607566585049273300e+01
2.000000000000000000e+00,8.386666666666666714e-01,5.112706064188545341e+00,1.410194684508147134e+01,2.290997039114804679e+01,3.145642242843869596e+01,3.624533415413301896e+01
2.000000000000000000e+00,8.433333333333333792e-01,4.993144656713786489e+00,1.402125420269912937e+01,2.289998840633947452e+01,3.156891402527267587e+01,3.641515636881166529e+01
2.000000000000000000e+00,8.480000000000000870e-01,4.874584944843315171e+00,1.394253857138711616e+01,2.289017792702907528e+01,3.168181048104277053e+01,3.658507871922941490e+01
2.000000000000000000e+00,8.526666666666666838e-01,4.757020261512568737e+00,1.386507525244969408e+01,2.288044840161968096e+01,3.179141886597660616e+01,3.675574664753449383e+01
2.000000000000000000e+00,8.573333333333333917e-01,4.640443969830074344e+00,1.378795053226920686e+01,2.287344389690059288e+01,3.188830934429170227e+01,3.692716379398823534e+01
2.000000000000000000e+00,8.620000000000000995e-01,4.524849463213744372e+00,1.371116333424021683e+01,2.286123331623576860e+01,3.198128308168056577e+01,3.709933380943572701e+01
2.000000000000000000e+00,8.666666666666666963e-01,4.410230165520205858e+00,1.363471257573770146e+01,2.285543208203891652e+01,3.207269686166826972e+01,3.726462979062172565e+01
2.000000000000000000e+00,8.713333333333334041e-01,4.296579531167339816e+00,1.355864396363135072e+01,2.285138481865816118e+01,3.216440380283781764e+01,3.742088035115828859e+01
2.000000000000000000e+00,8.760000000000001119e-01,4.183891045250207164e+00,1.348146078056342745e+01,2.284741487719971076e+01,3.225640519785437732e+01,3.757776295859894589e+01
2.000000000000000000e+00,8.806666666666667087e-01,4.072158246282638672e+00,1.340504696077473845e+01,2.284181783295402113e+01,3.234870233896133129e+01,3.773528053793889114e+01
2.000000000000000000e+00,8.853333333333334165e-01,3.961374658156239903e+00,1.332897143265584639e+01,2.283438194155766610e+01,3.244129651086163335e+01,3.790094533524246145e+01
2.000000000000000000e+00,8.900000000000001243e-01,3.851546928294080629e+00,1.325323305530117146e+01,2.282702705096954077e+01,3.253515148148817104e+01,3.808089360627757713e+01
2.000000000000000000e+00,8.946666666666667211e-01,3.742703145625255523e+00,1.317783068313004868e+01,2.281975338298979494e+01,3.263573456689668717e+01,3.826164748227680690e+01
2.000000000000000000e+00,8.993333333333333179e-01,3.634788756565978218e+00,1.310108232035078046e+01,2.280850726528923644e+01,3.273081491317201852e+01,3.844321086871062221e+01
2.000000000000000000e+00,9.040000000000000258e-01,3.527797437457803831e+00,1.302239907513731154e+01,2.279844191302244027e+01,3.282287800894867047e+01,3.862558768351241412e+01
2.000000000000000000e+00,9.086666666666667336e-01,3.421722895922481467e+00,1.294553691844135912e+01,2.279124420555041297e+01,3.292258357542681324e+01,3.880878185716917983e+01
2.000000000000000000e+00,9.133333333333334414e-01,3.316558870928770109e+00,1.286902291821832911e+01,2.278412928254866188e+01,3.303608732641127688e+01,3.899279733281275639e+01
2.000000000000000000e+00,9.180000000000000382e-01,3.212299132853724259e+00,1.279285581980535369e+01,2.278204310858532722e+01,3.314251608983301622e+01,3.917763806631128887e+01
2.000000000000000000e+00,9.226666666666667460e-01,3.108937505050389127e+00,1.271715904521283136e+01,2.278572520245237598e+01,3.323916876789282071e+01,3.936330802408895835e+01
2.000000000000000000e+00,9.273333333333334538e-01,3.006467799117552797e+00,1.264381057349206650e+01,2.278450083501673973e+01,3.334798445207262318e+01,3.954981119007602786e+01
2.000000000000000000e+00,9.320000000000000506e-01,2.904883879970986182e+00,1.257079073245167500e+01,2.277901184115923883e+01,3.345947730534623332e+01,3.973715155890091211e+01
2.000000000000000000e+00,9.366666666666667584e-01,2.804179644125990745e+00,1.249809833244096424e+01,2.277360514833888061e+01,3.357136125307712859e+01,3.992508873112471690e+01
2.000000000000000000e+00,9.413333333333333552e-01,2.704349019732315451e+00,1.242573218103507315e+01,2.276828091313644364e+01,3.368363792203012963e+01,4.012648197393313154e+01
2.000000000000000000e+00,9.460000000000000631e-01,2.605385966604027104e+00,1.235369108320380782e+01,2.276303928557818779e+01,3.379367800251708331e+01,4.030417144331650547e+01
2.000000000000000000e+00,9.506666666666667709e-01,2.507284476244560967e+00,1.228197384147741644e+01,2.275788040924421907e+01,3.390229286644316176e+01,4.049495883538212837e+01
2.000000000000000000e+00,9.553333333333333677e-01,2.410038571867011647e+00,1.221057925610934802e+01,2.275054881660852857e+01,3.401109578624588181e+01,4.068325239441229257e+01
2.000000000000000000e+00,9.600000000000000755e-01,2.313642308409756154e+00,1.213950612523591488e+01,2.274082162442756783e+01,3.412027403088999478e+01,4.084064918109928755e+01
2.000000000000000000e+00,9.646666666666667833e-01,2.218089792966280172e+00,1.206875325976251290e+01,2.273405025381648414e+01,3.422513850415145953e+01,4.099859361122596368e+01
2.000000000000000000e+00,9.693333333333333801e-01,2.123375123294795941e+00,1.199831943922811561e+01,2.272736496452336752e+01,3.432159816503264693e+01,4.116179907045827946e+01
2.000000000000000000e+00,9.740000000000000879e-01,2.029492449559157308e+00,1.192820345634565982e+01,2.272076585552478889e+01,3.442631369742822756e+01,4.133647803727875925e+01
2.000000000000000000e+00,9.786666666666666847e-01,1.936435953666531651e+00,1.185840410232046693e+01,2.271425301991983758e+01,3.454458488812895922e+01,4.153710758199741804e+01
2.000000000000000000e+00,9.833333333333333925e-01,1.844199849261214164e+00,1.178892016699541578e+01,2.270782654503219788e+01,3.465464422073687700e+01,4.174013809648845097e+01
2.000000000000000000e+00,9.880000000000001004e-01,1.752778381714424683e+00,1.171975043899336377e+01,2.270148651251109584e+01,3.477400567861841552e+01,4.194410968479668611e+01
2.000000000000000000e+00,9.926666666666666972e-01,1.662165828110074628e+00,1.165089370585673834e+01,2.269523299843085695e+01,3.489979078595543172e+01,4.214736676870806065e+01
2.000000000000000000e+00,9.973333333333334050e-01,1.572356497226657268e+00,1.158234875418444787e+01,2.268906607338936254e+01,3.502554728733542078e+01,4.235629154080159964e+01
2.000000000000000000e+00,1.002000000000000224e+00,1.483344729515386318e+00,1.151411436976610680e+01,2.267914485080536480e+01,3.514769788759295466e+01,4.256419777893600553e+01
2.000000000000000000e+00,1.006666666666666821e+00,1.395124916422316508e+00,1.144618935198131382e+01,2.267141859233983681e+01,3.526352060970562263e+01,4.277307237663799810e+01
2.000000000000000000e+00,1.011333333333333417e+00,1.307691442080861188e+00,1.137857247102052760e+01,2.266377850665962868e+01,3.536342338569055954e+01,4.298232045467027262e+01
2.000000000000000000e+00,1.016000000000000014e+00,1.221038741793374793e+00,1.131126251102377722e+01,2.265622463315568424e+01,3.546242439575790684e+01,4.319197431838438206e+01
2.000000000000000000e+00,1.020666666666666611e+00,1.135161282411125905e+00,1.124425825583244354e+01,2.264918211174008889e+01,3.557308853747239397e+01,4.338514804956519555e+01
2.000000000000000000e+00,1.025333333333333430e+00,1.050053562294709142e+00,1.117755848911050798e+01,2.264306468616682722e+01,3.569911541872867389e+01,4.356812223993275524e+01
2.000000000000000000e+00,1.030000000000000027e+00,9.657101112712173085e-01,1.111116199446337305e+01,2.263703247608692237e+01,3.582448268226409738e+01,4.375185182168333853e+01
2.000000000000000000e+00,1.034666666666666845e+00,8.821254905881075192e-01,1.104506755555415509e+01,2.263108551027865190e+01,3.594128992946897228e+01,4.393634007867538571e+01
2.000000000000000000e+00,1.039333333333333442e+00,7.992942928640748290e-01,1.097946444413469713e+01,2.262522381284484752e+01,3.604823830965997189e+01,4.412100460938691526e+01
2.000000000000000000e+00,1.044000000000000039e+00,7.172111420367809353e-01,1.091530768511628580e+01,2.261944740329982295e+01,3.616877712187672245e+01,4.430618991571199672e+01
2.000000000000000000e+00,1.048666666666666636e+00,6.358707116131639969e-01,1.085144072753107025e+01,2.261375630554959315e+01,3.628284551295976712e+01,4.449213727610654701e+01
2.000000000000000000e+00,1.053333333333333455e+00,5.552676694669288482e-01,1.078786238812143239e+01,2.260815052126656610e+01,3.639614065458302150e+01,4.467884997135919178e+01
2.000000000000000000e+00,1.058000000000000052e+00,4.753967331512730654e-01,1.072187505764614102e+01,2.260263005670787706e+01,3.650982408311781313e+01,4.486633129094290240e+01
2.000000000000000000e+00,1.062666666666666870e+00,3.962526513005614204e-01,1.065566034863937084e+01,2.259719491387806301e+01,3.661950654055652166e+01,4.505458453352365211e+01
2.000000000000000000e+00,1.067333333333333467e+00,3.178302035640297452e-01,1.058975157457147631e+01,2.259184509061020663e+01,3.672998602710826788e+01,4.524361300703719024e+01
2.000000000000000000e+00,1.072000000000000064e+00,2.401242005368499355e-01,1.052470420629137493e+01,2.258658058064605711e+01,3.684727254042259403e+01,4.543342002876592289e+01
2.000000000000000000e+00,1.076666666666666661e+00,1.631294836887234034e-01,1.046067399917154006e+01,2.258140137371502831e+01,3.696496485757751316e+01,4.562400892541565867e+01
2.000000000000000000e+00,1.081333333333333258e+00,8.684092528999073912e-02,1.039693761469144384e+01,2.257630745561211683e+01,3.708306447291878527e+01,4.581538303319245387e+01
2.000000000000000000e+00,1.086000000000000076e+00,1.125342833534579215e-02,1.033349382335432409e+01,2.257129880827473301e+01,3.719317064258103045e+01,4.600754569787930137e+01
2.000000000000000000e+00,1.090666666666666895e+00,-6.363805623780265097e-02,1.027034141043470505e+01,2.256637541862642848e+01,3.730014279619850015e+01,4.620050027460432318e+01
2.000000000000000000e+00,1.095333333333333492e+00,-1.378385817409455982e-01,1.020747913571259602e+01,2.256153725231687446e+01,3.740746748531495314e+01,4.639425012886191269e+01
2.000000000000000000e+00,1.100000000000000089e+00,-2.113531534854169447e-01,1.014490577402254168e+01,2.255678428016059911e+01,3.751522344699364453e+01,4.658879863562562207e+01
3.000000000000000000e+00,4.000000000000000222e-01,-5.136495765882242637e+01,-2.882210261968400644e+01,-4.764294259171421686e+00,4.593632140152952736e+00,6.713721234623007739e+00
3.000000000000000000e+00,4.046666666666666745e-01,-5.105830608784748392e+01,-2.870276376125297091e+01,-4.772727848207895640e+00,4.588963825016561415e+00,6.712861793050968195e+00
3.000000000000000000e+00,4.093333333333333823e-01,-5.075273511602458854e+01,-2.858337484977718290e+01,-4.780786263430617744e+00,4.584529281948482193e+00,6.712264219807653198e+00
3.000000000000000000e+00,4.140000000000000346e-01,-5.044825643119162351e+01,-2.846394707465420026e+01,-4.788473540596939415e+00,4.580327796206894675e+00,6.711928095932202964e+00
3.000000000000000000e+00,4.186666666666666869e-01,-5.014488141356844864e+01,-2.834383116187898821e+01,-4.795793718594186572e+00,4.576358631318720782e+00,6.711852977182748425e+00
3.000000000000000000e+00,4.233333333333333393e-01,-4.984262108216316989e+01,-2.822184465259785213e+01,-4.802750832853657670e+00,4.572621024742345774e+00,6.712038387362333935e+00
3.000000000000000000e+00,4.280000000000000471e-01,-4.954148615328811189e+01,-2.809988054285019032e+01,-4.809348919428733105e+00,4.569019424829595444e+00,6.712447955085109719e+00
3.000000000000000000e+00,4.326666666666666994e-01,-4.924148702490953156e+01,-2.797794920149373255e+01,-4.815592012084165319e+00,4.565431170405146233e+00,6.713104752518173512e+00
3.000000000000000000e+00,4.373333333333333517e-01,-4.894263377951175897e+01,-2.785606083503599351e+01,-4.821484141153393743e+00,4.562077804540693116e+00,6.714021048339699149e+00
3.000000000000000000e+00,4.420000000000000040e-01,-4.862659851597445737e+01,-2.773422548791690900e+01,-4.827029332426185704e+00,4.558958436148608406e+00,6.715196263921149544e+00
3.000000000000000000e+00,4.466666666666667118e-01,-4.829391594334526872e+01,-2.761245304285251834e+01,-4.832231606066382135e+00,4.556072154906874339e+00,6.716629797578294259e+00
3.000000000000000000e+00,4.513333333333333641e-01,-4.796292976263760721e+01,-2.749226527004559983e+01,-4.837094975559452337e+00,4.553418031994452164e+00,6.718321025338693353e+00
3.000000000000000000e+00,4.560000000000000164e-01,-4.763364402283714583e+01,-2.737433488952479621e+01,-4.841623446689565569e+00,4.550995120815763073e+00,6.720269301699207887e+00
3.000000000000000000e+00,4.606666666666666687e-01,-4.730606250198048457e+01,-2.725645377956585236e+01,-4.845821018640600109e+00,4.548802459680280741e+00,6.722473963279132825e+00
3.000000000000000000e+00,4.653333333333333766e-01,-4.698018865016385348e+01,-2.713863144542351691e+01,-4.849691676807473151e+00,4.546605405170400793e+00,6.724934320920352704e+00
3.000000000000000000e+00,4.700000000000000289e-01,-4.665602565444656591e+01,-2.702087724642286659e+01,-4.853239398022708428e+00,4.542685190058023181e+00,6.727649668969228003e+00
3.000000000000000000e+00,4.746666666666666812e-01,-4.633357642282109623e+01,-2.690320038497159771e+01,-4.856468147615367492e+00,4.540602957128195172e+00,6.730619283168563172e+00
3.000000000000000000e+00,4.793333333333333890e-01,-4.601284358836298338e+01,-2.678560990717884138e+01,-4.859381878531202403e+00,4.539951644618247073e+00,6.733842421363267050e+00
3.000000000000000000e+00,4.840000000000000413e-01,-4.569382951339607501e+01,-2.666811470352196167e+01,-4.861984530480556899e+00,4.539513187766236690e+00,6.737318324195249453e+00
3.000000000000000000e+00,4.886666666666666936e-01,-4.537653629367007113e+01,-2.655072350955956040e+01,-4.864280029113503545e+00,4.539286649192807666e+00,6.741046215787700469e+00
3.000000000000000000e+00,4.933333333333333459e-01,-4.506096576254780928e+01,-2.643347722635534325e+01,-4.866272285221862504e+00,4.539271079438543133e+00,6.745025304418595269e+00
3.000000000000000000e+00,4.979999999999999982e-01,-4.474711949519974041e+01,-2.631776459817837477e+01,-4.867965193967876303e+00,4.539465517549277962e+00,6.749254783183366690e+00
3.000000000000000000e+00,5.026666666666667060e-01,-4.443499883422585128e+01,-2.620216446545533273e+01,-4.869362636486588514e+00,4.539868993839701439e+00,6.753733833902860084e+00
3.000000000000000000e+00,5.073333333333334139e-01,-4.412460482974782394e+01,-2.608668505799152015e+01,-4.870468472175393693e+00,4.540480523939296020e+00,6.758461618070888299e+00
3.000000000000000000e+00,5.120000000000000107e-01,-4.381534162714150682e+01,-2.597133446772925680e+01,-4.871286544938064011e+00,4.541299115816245902e+00,6.763437287102011197e+00
3.000000000000000000e+00,5.166666666666667185e-01,-4.350760537909908265e+01,-2.585612063720324727e+01,-4.871820680221319755e+00,4.542222997000619600e+00,6.768947217915321168e+00
3.000000000000000000e+00,5.213333333333334263e-01,-4.320160916911003568e+01,-2.574105136049497844e+01,-4.872074684370637065e+00,4.543253858088804442e+00,6.775400587568308985e+00
3.000000000000000000e+00,5.260000000000000231e-01,-4.289735299843715666e+01,-2.562613428422078599e+01,-4.872052344010192826e+00,4.544492906214231631e+00,6.782086847061191470e+00
3.000000000000000000e+00,5.306666666666667309e-01,-4.259483663992669733e+01,-2.551137690855219020e+01,-4.871757425446732626e+00,4.544940430768021677e+00,6.789005243877922702e+00
3.000000000000000000e+00,5.353333333333333277e-01,-4.229405964219105840e+01,-2.539678658826720081e+01,-4.871193674096888415e+00,4.545506471343335519e+00,6.796138068287475242e+00
3.000000000000000000e+00,5.400000000000000355e-01,-4.199492715794860942e+01,-2.528237053383071498e+01,-4.870364813937502646e+00,4.546300879462190636e+00,6.803475855066396960e+00
3.000000000000000000e+00,5.446666666666666323e-01,-4.169734530505120773e+01,-2.516813582575034403e+01,-4.869514877032557365e+00,4.547322321868001893e+00,6.811664410740673858e+00
3.000000000000000000e+00,5.493333333333333401e-01,-4.140150449374498720e+01,-2.505408937607908015e+01,-4.868409444118930729e+00,4.548569455010139428e+00,6.820199614532522325e+00
3.000000000000000000e+00,5.540000000000000480e-01,-4.110740337134291167e+01,-2.494023796909001689e+01,-4.867043298786478900e+00,4.550040932668941274e+00,6.828747425660032455e+00
3.000000000000000000e+00,5.586666666666666448e-01,-4.082419888635686789e+01,-2.482658824933056962e+01,-4.865420138653401949e+00,4.551735404124948481e+00,6.834396654478108069e+00
3.000000000000000000e+00,5.633333333333333526e-01,-4.054942449398431847e+01,-2.471314672282882796e+01,-4.863543637385114415e+00,4.553651514666073652e+00,6.840359380681888979e+00
3.000000000000000000e+00,5.680000000000000604e-01,-4.027614723810719255e+01,-2.459991975832102185e+01,-4.861417444259362952e+00,4.555787906083073935e+00,6.846586150421633654e+00
3.000000000000000000e+00,5.726666666666666572e-01,-4.000436741814690578e+01,-2.448691358849901789e+01,-4.859045183752035868e+00,4.558143217153297400e+00,6.853075671085859355e+00
3.000000000000000000e+00,5.773333333333333650e-01,-3.973408513375942164e+01,-2.437413431127642838e+01,-4.856430455143151192e+00,4.560716084112840463e+00,6.859826644869307266e+00
3.000000000000000000e+00,5.820000000000000728e-01,-3.946530028858618522e+01,-2.426018952015249397e+01,-4.853576832142660891e+00,4.563505141117262909e+00,6.867134634409791438e+00
3.000000000000000000e+00,5.866666666666666696e-01,-3.919801261614001220e+01,-2.414928017376034575e+01,-4.850487865277083088e+00,4.566509023271916767e+00,6.875977653409638179e+00
3.000000000000000000e+00,5.913333333333333774e-01,-3.893222161706349027e+01,-2.403721684710242101e+01,-4.847167073364303747e+00,4.569726359367386692e+00,6.885052315249732935e+00
3.000000000000000000e+00,5.960000000000000853e-01,-3.866792662924757451e+01,-2.392540348288713403e+01,-4.843617951349174611e+00,4.573155779968625545e+00,6.894356451122348517e+00
3.000000000000000000e+00,6.006666666666666821e-01,-3.840512680936527801e+01,-2.381384552469576121e+01,-4.839843967299414018e+00,4.576795915290646555e+00,6.903867318735643188e+00
3.000000000000000000e+00,6.053333333333333899e-01,-3.814382113651269890e+01,-2.370254828925651225e+01,-4.835848562124160921e+00,4.580645395603808012e+00,6.913607189654354279e+00
3.000000000000000000e+00,6.100000000000000977e-01,-3.788400841582460288e+01,-2.359151696780989482e+01,-4.831635149309944310e+00,4.584702851628318143e+00,6.923575063314510558e+00
3.000000000000000000e+00,6.146666666666666945e-01,-3.762568728206377955e+01,-2.348075662748399495e+01,-4.827207114673608856e+00,4.588966914918173323e+00,6.933769937053784638e+00
3.000000000000000000e+00,6.193333333333334023e-01,-3.736885620318263790e+01,-2.337027221267868882e+01,-4.822567816131752672e+00,4.593436218234692170e+00,6.944190806501685742e+00
3.000000000000000000e+00,6.240000000000001101e-01,-3.711351348385661453e+01,-2.326006854645799393e+01,-4.817720583486343244e+00,4.598109395909726338e+00,6.954836665960255182e+00
3.000000000000000000e+00,6.286666666666667069e-01,-3.685965729106439426e+01,-2.315015034581458764e+01,-4.812668721108506631e+00,4.602985086955558636e+00,6.965706512947298812e+00
3.000000000000000000e+00,6.333333333333334147e-01,-3.660728559128391169e+01,-2.304052218150781073e+01,-4.807415499134934933e+00,4.608061927175335803e+00,6.976799336104135385e+00
3.000000000000000000e+00,6.380000000000000115e-01,-3.635639622025428963e+01,-2.293118852100898764e+01,-4.801964161891802974e+00,4.613338557690641828e+00,6.988114127940803222e+00
3.000000000000000000e+00,6.426666666666667194e-01,-3.609028230643222912e+01,-2.282215371608549148e+01,-4.796317924886931650e+00,4.618444729507601210e+00,6.999649881070046931e+00
3.000000000000000000e+00,6.473333333333333162e-01,-3.582104464533843213e+01,-2.271342200422017044e+01,-4.790479974670411423e+00,4.623743331278274304e+00,7.011405588542304557e+00
3.000000000000000000e+00,6.520000000000000240e-01,-3.555360681780745580e+01,-2.260414120448122688e+01,-4.784453468709097379e+00,4.629253990985991329e+00,7.023380244171866238e+00
3.000000000000000000e+00,6.566666666666667318e-01,-3.528796255010156102e+01,-2.249329599220203235e+01,-4.778241535274611707e+00,4.634975161111110964e+00,7.035572842854332265e+00
3.000000000000000000e+00,6.613333333333333286e-01,-3.502410545647556006e+01,-2.238279772154660918e+01,-4.771847273344480556e+00,4.640905299338539791e+00,7.047982380875549957e+00
3.000000000000000000e+00,6.660000000000000364e-01,-3.476202904257925752e+01,-2.227264992852289538e+01,-4.765273752516065997e+00,4.647042868857271358e+00,7.060607856212084421e+00
3.000000000000000000e+00,6.706666666666667442e-01,-3.450172673047620009e+01,-2.216285605644492307e+01,-4.758524015920551520e+00,4.653386341571735585e+00,7.073448273264446584e+00
3.000000000000000000e+00,6.753333333333333410e-01,-3.424319179684562187e+01,-2.205341941564704555e+01,-4.751601071217727679e+00,4.659934189652505054e+00,7.086502629875837123e+00
3.000000000000000000e+00,6.800000000000000488e-01,-3.398641744147353450e+01,-2.194434322670430149e+01,-4.744507899469411427e+00,4.666684894500337855e+00,7.099769930814747276e+00
3.000000000000000000e+00,6.846666666666667567e-01,-3.373139676869325143e+01,-2.183563060797612820e+01,-4.737247452133885872e+00,4.673636944121565939e+00,7.113249183660328434e+00
3.000000000000000000e+00,6.893333333333333535e-01,-3.347812279055811047e+01,-2.172728457706429239e+01,-4.729822651038557701e+00,4.680788833380166380e+00,7.126939399062554692e+00
3.000000000000000000e+00,6.940000000000000613e-01,-3.322719209754143321e+01,-2.161930805226667829e+01,-4.722236388363369564e+00,4.688139064240803400e+00,7.140839590994614738e+00
3.000000000000000000e+00,6.986666666666667691e-01,-3.297818722854238871e+01,-2.151170385402645735e+01,-4.714491526634631668e+00,4.695686146003059669e+00,7.154948776997785309e+00
3.000000000000000000e+00,7.033333333333333659e-01,-3.273089565271745727e+01,-2.140447470637599281e+01,-4.706590898728947536e+00,4.703428595527004319e+00,7.169265978418826180e+00
3.000000000000000000e+00,7.080000000000000737e-01,-3.248531017289589329e+01,-2.129898953557809094e+01,-4.698537307886940795e+00,4.711364937450270851e+00,7.183790220640061897e+00
3.000000000000000000e+00,7.126666666666667815e-01,-3.224142353489752111e+01,-2.120013553203797940e+01,-4.690333530795991912e+00,4.719493707475386657e+00,7.198520537997938007e+00
3.000000000000000000e+00,7.173333333333333783e-01,-3.199922836717013297e+01,-2.110157697099405993e+01,-4.681982308456110076e+00,4.727813443368749091e+00,7.213455959966787567e+00
3.000000000000000000e+00,7.219999999999999751e-01,-3.175871724703994303e+01,-2.100331692791290905e+01,-4.673486355374436130e+00,4.736322694320522331e+00,7.228595525344309713e+00
3.000000000000000000e+00,7.266666666666667940e-01,-3.151988268232530643e+01,-2.090535838669416790e+01,-4.664848356568810139e+00,4.745020018085162938e+00,7.243938277813404270e+00
3.000000000000000000e+00,7.313333333333333908e-01,-3.128271711408924460e+01,-2.080770424098252747e+01,-4.656070967625904444e+00,4.753903981158527969e+00,7.259483266137514157e+00
3.000000000000000000e+00,7.359999999999999876e-01,-3.104721291934629335e+01,-2.070995522361764074e+01,-4.647156814767408051e+00,4.762973158947427343e+00,7.275229544349371302e+00
3.000000000000000000e+00,7.406666666666666954e-01,-3.083470071028426318e+01,-2.060801187371606602e+01,-4.638108494923876002e+00,4.772226135931934010e+00,7.291176171933394734e+00
3.000000000000000000e+00,7.453333333333334032e-01,-3.062526492538992784e+01,-2.050643672029722353e+01,-4.628928575816138036e+00,4.781661505820361313e+00,7.307322214001611194e+00
3.000000000000000000e+00,7.500000000000000000e-01,-3.041678339682108145e+01,-2.040523184461131123e+01,-4.619619596043859744e+00,4.791277871697314339e+00,7.323666741463495278e+00
3.000000000000000000e+00,7.546666666666667078e-01,-3.020939593113368105e+01,-2.030439925945531954e+01,-4.610184068282060288e+00,4.801073849394252413e+00,7.340208836127040115e+00
3.000000000000000000e+00,7.593333333333334156e-01,-3.000330177513416885e+01,-2.020394086947340995e+01,-4.600624470085996620e+00,4.811048057968449143e+00,7.356947576096622754e+00
3.000000000000000000e+00,7.640000000000000124e-01,-2.979849666146037279e+01,-2.010385851355127684e+01,-4.590943253290404868e+00,4.821199129453208165e+00,7.373882050632103891e+00
3.000000000000000000e+00,7.686666666666667203e-01,-2.959497624673942795e+01,-2.000415395241634897e+01,-4.581142841030031221e+00,4.831525705782899749e+00,7.391011355410308070e+00
3.000000000000000000e+00,7.733333333333334281e-01,-2.939273611392442120e+01,-1.990482886993610379e+01,-4.571225627860442842e+00,4.842026438908082930e+00,7.408334592665588580e+00
3.000000000000000000e+00,7.780000000000000249e-01,-2.919177177459519612e+01,-1.980588487440630274e+01,-4.561193979884494709e+00,4.852699990904516092e+00,7.425850871324907843e+00
3.000000000000000000e+00,7.826666666666667327e-01,-2.899207867122353122e+01,-1.970732349982888820e+01,-4.551050234884322698e+00,4.863545034076159013e+00,7.443559307137509684e+00
3.000000000000000000e+00,7.873333333333334405e-01,-2.879365217940290833e+01,-1.960914620717951351e+01,-4.540796702458578693e+00,4.874560251052360904e+00,7.461459022799386887e+00
3.000000000000000000e+00,7.920000000000000373e-01,-2.859648761004270412e+01,-1.951230779287907424e+01,-4.530435664164691012e+00,4.885744334879333017e+00,7.479549148072534237e+00
3.000000000000000000e+00,7.966666666666667451e-01,-2.840058023110118413e+01,-1.941585101898654742e+01,-4.519969376781193482e+00,4.897095992481157900e+00,7.497828825066762626e+00
3.000000000000000000e+00,8.013333333333334529e-01,-2.820592521081105986e+01,-1.931977156593141842e+01,-4.509400063113885082e+00,4.908613934646770538e+00,7.516297192896200130e+00
3.000000000000000000e+00,8.060000000000000497e-01,-2.801251767884102861e+01,-1.922407070663749806e+01,-4.498729921496575024e+00,4.920296886166742212e+00,7.534953403186425369e+00
3.000000000000000000e+00,8.106666666666666465e-01,-2.782035270860232501e+01,-1.912874964675684808e+01,-4.487961122837156758e+00,4.932143582560173378e+00,7.553796615056921127e+00
3.000000000000000000e+00,8.153333333333334654e-01,-2.762942531926864120e+01,-1.903380952586290320e+01,-4.477095810781964502e+00,4.944152770139743858e+00,7.572825995216289741e+00
3.000000000000000000e+00,8.200000000000000622e-01,-2.743973047776154317e+01,-1.893925141863204331e+01,-4.466136101883948051e+00,4.956323206071850507e+00,7.592040718052948556e+00
3.000000000000000000e+00,8.246666666666666590e-01,-2.725126310070184488e+01,-1.884507633601369747e+01,-4.455084085774447367e+00,4.968653658432005571e+00,7.611439965721477741e+00
3.000000000000000000e+00,8.293333333333333668e-01,-2.706401805632717483e+01,-1.875128522638885897e+01,-4.443941825338491469e+00,4.981142906255558778e+00,7.631022928224619584e+00
3.000000000000000000e+00,8.340000000000000746e-01,-2.687799016637583094e+01,-1.865787897671675921e+01,-4.432711356893300092e+00,4.993789739583962550e+00,7.650788803491166412e+00
3.000000000000000000e+00,8.386666666666666714e-01,-2.669317422668441253e+01,-1.856485842670819153e+01,-4.421394693475153126e+00,5.006592963022838738e+00,7.670736802837035739e+00
3.000000000000000000e+00,8.433333333333333792e-01,-2.649722597192478091e+01,-1.847222433074934145e+01,-4.409993815703343145e+00,5.019551385261689980e+00,7.690866134920724129e+00
3.000000000000000000e+00,8.480000000000000870e-01,-2.630205408184156468e+01,-1.838055036694117916e+01,-4.398510681292298941e+00,5.032663829594223870e+00,7.711176021875586706e+00
3.000000000000000000e+00,8.526666666666666838e-01,-2.610815000545303732e+01,-1.829037995230956426e+01,-4.386947222132140389e+00,5.045929130462499579e+00,7.731665694032595404e+00
3.000000000000000000e+00,8.573333333333333917e-01,-2.591562597427327574e+01,-1.820057882220142531e+01,-4.375305344481102310e+00,5.059346133482399033e+00,7.752334389978777551e+00
3.000000000000000000e+00,8.620000000000000995e-01,-2.572447444353541357e+01,-1.811114768577013834e+01,-4.363586929160224059e+00,5.072913695465292250e+00,7.773181356612018256e+00
3.000000000000000000e+00,8.666666666666666963e-01,-2.553468785264519880e+01,-1.802208719752961841e+01,-4.351793831750208952e+00,5.086630684436022953e+00,7.794205849192397118e+00
3.000000000000000000e+00,8.713333333333334041e-01,-2.534625862675889252e+01,-1.793339795839497341e+01,-4.339927882790297176e+00,5.100495979647278411e+00,7.815407131390070816e+00
3.000000000000000000e+00,8.760000000000001119e-01,-2.515917917832712547e+01,-1.784508051671133089e+01,-4.327990887979003887e+00,5.114508471590493599e+00,7.836784475329847233e+00
3.000000000000000000e+00,8.806666666666667087e-01,-2.497195020607864180e+01,-1.775713538191950747e+01,-4.315984631450966447e+00,5.128667065656622448e+00,7.858337167230160958e+00
3.000000000000000000e+00,8.853333333333334165e-01,-2.478540399260801763e+01,-1.766956298752283416e+01,-4.303910866748751118e+00,5.142970671210588485e+00,7.880064490693933443e+00
3.000000000000000000e+00,8.900000000000001243e-01,-2.460021767894527045e+01,-1.758211501504678509e+01,-4.291771326269222087e+00,5.157418212492080656e+00,7.901965743445090951e+00
3.000000000000000000e+00,8.946666666666667211e-01,-2.441638325798172460e+01,-1.749359891716606441e+01,-4.279567718387599307e+00,5.172008624990369619e+00,7.924040231808954005e+00
3.000000000000000000e+00,8.993333333333333179e-01,-2.423389272069113787e+01,-1.740547578540321183e+01,-4.267301727665572031e+00,5.186740855439363251e+00,7.946287270741506426e+00
3.000000000000000000e+00,9.040000000000000258e-01,-2.405323591709372977e+01,-1.731774570321427120e+01,-4.254975015060572296e+00,5.201613861809715189e+00,7.968706183855765346e+00
3.000000000000000000e+00,9.086666666666667336e-01,-2.388764752997552776e+01,-1.723040870937185787e+01,-4.242589218136051166e+00,5.216626613298168458e+00,7.991296303445455607e+00
3.000000000000000000e+00,9.133333333333334414e-01,-2.371179589323316961e+01,-1.714346479890446062e+01,-4.230145951272615612e+00,5.231778090314228358e+00,8.014056970506031163e+00
3.000000000000000000e+00,9.180000000000000382e-01,-2.353638961482465319e+01,-1.705691392402341577e+01,-4.217646805879983418e+00,5.247067284464173476e+00,8.036987534753075479e+00
3.000000000000000000e+00,9.226666666666667460e-01,-2.336225883208448550e+01,-1.697075600724811650e+01,-4.205093353635207976e+00,5.262493202318993646e+00,8.060087360437520942e+00
3.000000000000000000e+00,9.273333333333334538e-01,-2.318939587040080141e+01,-1.688499090557449023e+01,-4.192487137606248915e+00,5.277959344213037696e+00,8.083355809004924453e+00
3.000000000000000000e+00,9.320000000000000506e-01,-2.301779307570419419e+01,-1.680304468143114960e+01,-4.179829681567567512e+00,5.293357631270074748e+00,8.106792256416731846e+00
3.000000000000000000e+00,9.366666666666667584e-01,-2.284941695640924308e+01,-1.672281752713108460e+01,-4.167122487176342815e+00,5.308883340064721956e+00,8.130396087403802596e+00
3.000000000000000000e+00,9.413333333333333552e-01,-2.268267182040816365e+01,-1.664284806694387342e+01,-4.154367034186864593e+00,5.324535639179924118e+00,8.154166695473019644e+00
3.000000000000000000e+00,9.460000000000000631e-01,-2.253180850866773000e+01,-1.655109682591051978e+01,-4.141564780665125234e+00,5.340313706983251585e+00,8.178103482911685873e+00
3.000000000000000000e+00,9.506666666666667709e-01,-2.239114333476208429e+01,-1.646205029060131153e+01,-4.128717163203527107e+00,5.356216731603119285e+00,8.202205860789907987e+00
3.000000000000000000e+00,9.553333333333333677e-01,-2.224071480705227799e+01,-1.637638894229883491e+01,-4.115825597135674307e+00,5.372243910903158337e+00,8.226473248960878948e+00
3.000000000000000000e+00,9.600000000000000755e-01,-2.209111893666903725e+01,-1.629088928006464698e+01,-4.102891476751089783e+00,5.388394452454834394e+00,8.250905076059261489e+00
3.000000000000000000e+00,9.646666666666667833e-01,-2.194243843783404202e+01,-1.620987106894460084e+01,-4.089916178471730390e+00,5.404667577422388902e+00,8.275500785490674360e+00
3.000000000000000000e+00,9.693333333333333801e-01,-2.179554034491712500e+01,-1.612922478616218314e+01,-4.076901052164979333e+00,5.421062508817891867e+00,8.300259817489266112e+00
3.000000000000000000e+00,9.740000000000000879e-01,-2.164751436764393944e+01,-1.604895009901717984e+01,-4.063847430274656780e+00,5.437578483155282250e+00,8.325181627005319385e+00
3.000000000000000000e+00,9.786666666666666847e-01,-2.150469394064912265e+01,-1.596904664187913347e+01,-4.050756625057647220e+00,5.454214746530524849e+00,8.350265677745690951e+00
3.000000000000000000e+00,9.833333333333333925e-01,-2.136559404355295300e+01,-1.588906844576993826e+01,-4.037629928797377588e+00,5.470970554586372714e+00,8.375511442163286802e+00
3.000000000000000000e+00,9.880000000000001004e-01,-2.122444119136347851e+01,-1.580577867121115965e+01,-4.024468614016855739e+00,5.487845172475762645e+00,8.400918401444954497e+00
3.000000000000000000e+00,9.926666666666666972e-01,-2.108421222111393689e+01,-1.572674326422115598e+01,-4.011273933691176907e+00,5.504837874823850896e+00,8.426486045497831867e+00
3.000000000000000000e+00,9.973333333333334050e-01,-2.094446641767457251e+01,-1.565313669027845123e+01,-3.998047121459457287e+00,5.521947945688813419e+00,8.452213872934210670e+00
3.000000000000000000e+00,1.002000000000000224e+00,-2.080533199308406367e+01,-1.557508279848847543e+01,-3.984789391836155659e+00,5.539174678521378681e+00,8.478101391054954306e+00
3.000000000000000000e+00,1.006666666666666821e+00,-2.066347968922754319e+01,-1.549640199640972860e+01,-3.971501943307532922e+00,5.556517380160723718e+00,8.504148122010892763e+00
3.000000000000000000e+00,1.011333333333333417e+00,-2.051027805067241871e+01,-1.541644125949601296e+01,-3.958185949865814734e+00,5.573975358706097616e+00,8.530353584285913726e+00
3.000000000000000000e+00,1.016000000000000014e+00,-2.037062074147420532e+01,-1.534050560333514390e+01,-3.944842569911935826e+00,5.591547935531559155e+00,8.556717311133253290e+00
3.000000000000000000e+00,1.020666666666666611e+00,-2.023345855963737350e+01,-1.526485171205728619e+01,-3.931472943560081923e+00,5.609234441230735335e+00,8.583238844415120639e+00
3.000000000000000000e+00,1.025333333333333430e+00,-2.009722026000187611e+01,-1.518928704806793384e+01,-3.918078192845126928e+00,5.627034215570961173e+00,8.609917734579617843e+00
3.000000000000000000e+00,1.030000000000000027e+00,-1.996190063413896709e+01,-1.511318702367550237e+01,-3.904659421929079777e+00,5.644946607446571285e+00,8.636753540636645354e+00
3.000000000000000000e+00,1.034666666666666845e+00,-1.983858124511744947e+01,-1.503730853313538773e+01,-3.891217717306621360e+00,5.662970974831257998e+00,8.663745830132636883e+00
3.000000000000000000e+00,1.039333333333333442e+00,-1.971746193221238386e+01,-1.496179815282946635e+01,-3.877754148009578294e+00,5.681106684729635425e+00,8.690894179124306618e+00
3.000000000000000000e+00,1.044000000000000039e+00,-1.959692311489819261e+01,-1.488665509197723580e+01,-3.864400381917343807e+00,5.699353113127943793e+00,8.718198172151300440e+00
3.000000000000000000e+00,1.048666666666666636e+00,-1.946592613458668453e+01,-1.481187854811903470e+01,-3.851059420387059617e+00,5.717709649101345271e+00,8.745657408566829716e+00
3.000000000000000000e+00,1.053333333333333455e+00,-1.933874637858168910e+01,-1.473746767529480906e+01,-3.837701332264555454e+00,5.736175682317454338e+00,8.773271483470887588e+00
3.000000000000000000e+00,1.058000000000000052e+00,-1.921097947078421342e+01,-1.466150528295608879e+01,-3.824327092660274374e+00,5.754750615404428338e+00,8.801040006678517713e+00
3.000000000000000000e+00,1.062666666666666870e+00,-1.908406367368834822e+01,-1.458008625226309007e+01,-3.810937660553515904e+00,5.773433859767918008e+00,8.828962596369306581e+00
3.000000000000000000e+00,1.067333333333333467e+00,-1.895799415478974836e+01,-1.449911833751003165e+01,-3.797533978987301495e+00,5.792224835538409167e+00,8.857038879055609826e+00
3.000000000000000000e+00,1.072000000000000064e+00,-1.883270000027825475e+01,-1.441859980866540880e+01,-3.784116975262024951e+00,5.811122971518031477e+00,8.885268489550092852e+00
3.000000000000000000e+00,1.076666666666666661e+00,-1.870788564240067586e+01,-1.433776581612596068e+01,-3.770687561127810561e+00,5.830127705126831650e+00,8.913651070932452569e+00
3.000000000000000000e+00,1.081333333333333258e+00,-1.858390871921201537e+01,-1.426161957231442834e+01,-3.757246632975591361e+00,5.849238482348573243e+00,8.942186274515549371e+00
3.000000000000000000e+00,1.086000000000000076e+00,-1.846076435821597883e+01,-1.418925986947368223e+01,-3.743795072026868009e+00,5.868454757676047073e+00,8.970873759810752190e+00
3.000000000000000000e+00,1.090666666666666895e+00,-1.833844770701379545e+01,-1.411726544337332889e+01,-3.730333747229598096e+00,5.887775998329281002e+00,8.999713201024670539e+00
3.000000000000000000e+00,1.095333333333333492e+00,-1.822314127753226032e+01,-1.404485516726435890e+01,-3.716863507301486180e+00,5.907201671405400312e+00,9.028704267465130329e+00
3.000000000000000000e+00,1.100000000000000089e+00,-1.811075857088567531e+01,-1.396738273594528223e+01,-3.703385189080659501e+00,5.926731256592007391e+00,9.057846643025165179e+00
