quantity_index,z,p2p5,p16,median,p84,p97p5
0.000000000000000000e+00,4.000000000000000222e-01,6.787604754687363240e+00,7.855676854040581247e+00,1.067440555367197064e+01,1.188318120160378655e+01,1.433903053978618480e+01
0.000000000000000000e+00,4.046666666666666745e-01,6.922627715085215350e+00,7.968236864627228577e+00,1.077173431032083428e+01,1.196371651559162785e+01,1.436262801132008526e+01
0.000000000000000000e+00,4.093333333333333823e-01,7.059217856243088285e+00,8.081120920612228531e+00,1.086547792446492622e+01,1.204393035617934871e+01,1.438588675514376547e+01
0.000000000000000000e+00,4.140000000000000346e-01,7.196890155439017889e+00,8.199056721670821446e+00,1.096596253450676883e+01,1.212305044416399191e+01,1.440884874953323447e+01
0.000000000000000000e+00,4.186666666666666869e-01,7.335689626877714531e+00,8.330729347718712319e+00,1.105772513283721281e+01,1.220188450574494787e+01,1.443155477706470613e+01
0.000000000000000000e+00,4.233333333333333393e-01,7.465584000555526067e+00,8.475673176640823314e+00,1.114831382388282321e+01,1.228018657298689398e+01,1.445404455852765935e+01
0.000000000000000000e+00,4.280000000000000471e-01,7.582996652367321566e+00,8.609772779715058277e+00,1.123396956950574932e+01,1.235797380357673703e+01,1.450347604429699722e+01
0.000000000000000000e+00,4.326666666666666994e-01,7.704955680219175207e+00,8.736818315195584717e+00,1.132568011255641593e+01,1.243526313289070906e+01,1.455693842450731168e+01
0.000000000000000000e+00,4.373333333333333517e-01,7.822496946253808758e+00,8.867729224427090884e+00,1.141131833197002976e+01,1.251207127885347958e+01,1.460928174914025846e+01
0.000000000000000000e+00,4.420000000000000040e-01,7.940560222376539024e+00,9.010349801126247726e+00,1.149918413049073784e+01,1.258841474671923066e+01,1.464318971465846886e+01
0.000000000000000000e+00,4.466666666666667118e-01,8.059134754541586787e+00,9.153483109923330474e+00,1.158904158786357286e+01,1.266373004883910447e+01,1.465660313263934000e+01
0.000000000000000000e+00,4.513333333333333641e-01,8.178209635131636901e+00,9.297102901112088702e+00,1.168176655572607814e+01,1.273712702238723438e+01,1.470794019153580123e+01
0.000000000000000000e+00,4.560000000000000164e-01,8.315089376540015564e+00,9.441182564568562086e+00,1.176879710886509045e+01,1.280807172224720425e+01,1.472369521761723554e+01
0.000000000000000000e+00,4.606666666666666687e-01,8.454431315268815084e+00,9.585695119914142026e+00,1.186255033877193377e+01,1.288204559845565100e+01,1.473174458145948940e+01
0.000000000000000000e+00,4.653333333333333766e-01,8.612637505885910372e+00,9.730613277130835570e+00,1.195381746639824172e+01,1.294802545500308177e+01,1.476293271879453428e+01
0.000000000000000000e+00,4.700000000000000289e-01,8.767023551306689200e+00,9.874583498968654283e+00,1.204365531652120680e+01,1.301616009407397989e+01,1.480849180986047209e+01
0.000000000000000000e+00,4.746666666666666812e-01,8.916563896829488911e+00,1.000571978631206171e+01,1.213241385117509274e+01,1.309357347570114349e+01,1.485371961443610722e+01
0.000000000000000000e+00,4.793333333333333890e-01,9.066872942045147710e+00,1.012419683354659838e+01,1.222741199746941199e+01,1.317114168153967668e+01,1.489864127884200506e+01
0.000000000000000000e+00,4.840000000000000413e-01,9.207310660683539538e+00,1.026135148954309173e+01,1.231781025672085406e+01,1.324923816272724864e+01,1.494328147689211583e+01
0.000000000000000000e+00,4.886666666666666936e-01,9.332510325789248995e+00,1.040810075303260618e+01,1.240859245564274005e+01,1.332978026642536129e+01,1.498766442440372870e+01
0.000000000000000000e+00,4.933333333333333459e-01,9.466999686485793930e+00,1.055385512154174066e+01,1.249951997631537992e+01,1.340204534112203660e+01,1.503181389337034979e+01
0.000000000000000000e+00,4.979999999999999982e-01,9.603162711392073447e+00,1.068376912243062016e+01,1.258461735566557849e+01,1.347423967044738013e+01,1.507575322580735389e+01
0.000000000000000000e+00,5.026666666666667060e-01,9.750873473029647798e+00,1.082664151943799880e+01,1.267071338438710981e+01,1.355296596926444685e+01,1.511733970497899904e+01
0.000000000000000000e+00,5.073333333333334139e-01,9.899159432390051805e+00,1.096750531918717542e+01,1.275846491502511526e+01,1.362316287807158410e+01,1.513556082596366714e+01
0.000000000000000000e+00,5.120000000000000107e-01,1.004022654436309914e+01,1.111061950444116242e+01,1.284978314757519513e+01,1.370770382916803776e+01,1.517870319559366443e+01
0.000000000000000000e+00,5.166666666666667185e-01,1.017950862752184449e+01,1.123357404731035736e+01,1.293667760199946315e+01,1.379061812444629886e+01,1.521438408080814852e+01
0.000000000000000000e+00,5.213333333333334263e-01,1.030516026546016661e+01,1.136537268053403515e+01,1.303236945986884443e+01,1.387064732150304280e+01,1.524608435782417892e+01
0.000000000000000000e+00,5.260000000000000231e-01,1.042907183592169318e+01,1.149654961404133680e+01,1.311905370915234847e+01,1.394495867599054328e+01,1.527201303544876509e+01
0.000000000000000000e+00,5.306666666666667309e-01,1.056174032882776181e+01,1.163006050397609137e+01,1.320508119449538142e+01,1.402059116942712258e+01,1.530202401855056316e+01
0.000000000000000000e+00,5.353333333333333277e-01,1.070884735293478407e+01,1.178042972928932208e+01,1.329383986873282630e+01,1.408415744299792216e+01,1.534239445426410953e+01
0.000000000000000000e+00,5.400000000000000355e-01,1.083633078538699479e+01,1.193069253688658193e+01,1.338148692824523422e+01,1.415062275589884599e+01,1.536131316241359102e+01
0.000000000000000000e+00,5.446666666666666323e-01,1.096695548701765333e+01,1.208081158892941076e+01,1.346966126500339200e+01,1.423256194763654570e+01,1.537795475431755676e+01
0.000000000000000000e+00,5.493333333333333401e-01,1.111221342534055445e+01,1.223074937502757464e+01,1.356137787605039335e+01,1.430757085852191679e+01,1.540443189973734306e+01
0.000000000000000000e+00,5.540000000000000480e-01,1.125768991400997443e+01,1.238046817266519817e+01,1.364731781700169577e+01,1.438382719463425552e+01,1.543153002233228044e+01
0.000000000000000000e+00,5.586666666666666448e-01,1.139987221022768971e+01,1.252993008118184548e+01,1.373008035024632179e+01,1.445232405522496499e+01,1.545927120798920029e+01
0.000000000000000000e+00,5.633333333333333526e-01,1.152355970307565336e+01,1.267756516948898771e+01,1.381437105893811434e+01,1.452648189822141944e+01,1.549846160266205253e+01
0.000000000000000000e+00,5.680000000000000604e-01,1.164761623002574531e+01,1.278307648013421272e+01,1.389989988952582678e+01,1.461037003763621200e+01,1.556309191861105745e+01
0.000000000000000000e+00,5.726666666666666572e-01,1.177556547214679306e+01,1.290448688001691835e+01,1.399224478735460409e+01,1.468640237339771204e+01,1.558088776968193301e+01
0.000000000000000000e+00,5.773333333333333650e-01,1.193718982192346800e+01,1.301901070913401348e+01,1.407852948653508918e+01,1.475915783360236233e+01,1.559666756008508415e+01
0.000000000000000000e+00,5.820000000000000728e-01,1.209987705492377508e+01,1.316162566111274579e+01,1.416661136171570234e+01,1.484203801863774785e+01,1.565484306122119129e+01
0.000000000000000000e+00,5.866666666666666696e-01,1.222711891346063950e+01,1.329023681746902241e+01,1.425459981028267187e+01,1.492407831376237937e+01,1.571937894681038728e+01
0.000000000000000000e+00,5.913333333333333774e-01,1.235569009071562263e+01,1.342501150433256285e+01,1.434470479317178970e+01,1.499381086532235585e+01,1.577958180810819755e+01
0.000000000000000000e+00,5.960000000000000853e-01,1.248667378991497046e+01,1.355885660234555701e+01,1.442715214128196699e+01,1.506430829665260340e+01,1.580412379741786921e+01
0.000000000000000000e+00,6.006666666666666821e-01,1.261029965106021500e+01,1.367255349768446315e+01,1.451695103511048757e+01,1.513951246974241904e+01,1.583476881004968106e+01
0.000000000000000000e+00,6.053333333333333899e-01,1.273419463868245138e+01,1.379837306989384338e+01,1.459898354689026689e+01,1.521416092662108888e+01,1.586968377835867550e+01
0.000000000000000000e+00,6.100000000000000977e-01,1.287410134916026827e+01,1.390525254339315531e+01,1.468669085770523708e+01,1.530386725949317928e+01,1.591698577844552354e+01
0.000000000000000000e+00,6.146666666666666945e-01,1.301566092016353338e+01,1.403538577743987936e+01,1.477387325099328130e+01,1.538384402952974384e+01,1.595682892231551975e+01
0.000000000000000000e+00,6.193333333333334023e-01,1.316560176713972297e+01,1.413547311443381815e+01,1.486527281366700848e+01,1.546776254784161786e+01,1.601099834246982212e+01
0.000000000000000000e+00,6.240000000000001101e-01,1.331807922750823181e+01,1.423250911761211235e+01,1.494719577191681736e+01,1.554093577317980568e+01,1.609235851296701725e+01
0.000000000000000000e+00,6.286666666666667069e-01,1.347182039868635961e+01,1.433461607989517539e+01,1.503411088353386305e+01,1.562048102816042672e+01,1.615141398969315034e+01
0.000000000000000000e+00,6.333333333333334147e-01,1.360161266583228290e+01,1.443142367870800058e+01,1.513678158038181287e+01,1.569502092170314000e+01,1.623459304530340930e+01
0.000000000000000000e+00,6.380000000000000115e-01,1.372539089129052670e+01,1.454107245563797690e+01,1.524339099264586217e+01,1.577274518131384440e+01,1.631218609472111680e+01
0.000000000000000000e+00,6.426666666666667194e-01,1.385181923065041687e+01,1.463709936963728353e+01,1.533882853737973662e+01,1.586297760656054656e+01,1.638355341576535906e+01
0.000000000000000000e+00,6.473333333333333162e-01,1.397108244367720253e+01,1.473296347042926158e+01,1.542827343477921431e+01,1.594356207691670946e+01,1.643392040534115139e+01
0.000000000000000000e+00,6.520000000000000240e-01,1.409608461023892190e+01,1.483256481202909249e+01,1.551347601048371061e+01,1.602612601645280677e+01,1.652875852418632974e+01
0.000000000000000000e+00,6.566666666666667318e-01,1.422248680530696063e+01,1.492901925884125092e+01,1.560626803036466193e+01,1.610999697159549982e+01,1.658896494124032728e+01
0.000000000000000000e+00,6.613333333333333286e-01,1.434813026967029792e+01,1.501598266730445097e+01,1.569393285224721879e+01,1.617989395901093985e+01,1.663803137619965256e+01
0.000000000000000000e+00,6.660000000000000364e-01,1.450028068622890132e+01,1.510437015123618210e+01,1.579336364403178905e+01,1.627066590381854994e+01,1.670675139385063801e+01
0.000000000000000000e+00,6.706666666666667442e-01,1.461871397795231431e+01,1.520786361980217904e+01,1.588085003445980803e+01,1.636333613652160324e+01,1.680564312995166887e+01
0.000000000000000000e+00,6.753333333333333410e-01,1.470163034244867362e+01,1.529858072485677845e+01,1.597002988388202738e+01,1.644830219689527340e+01,1.688202573844676380e+01
0.000000000000000000e+00,6.800000000000000488e-01,1.482790821980894869e+01,1.540350316898097560e+01,1.605462530815184863e+01,1.654498740176296678e+01,1.695907162358092890e+01
0.000000000000000000e+00,6.846666666666667567e-01,1.495130813660651015e+01,1.550861476780965909e+01,1.613171542086645616e+01,1.663221779831357949e+01,1.705258962938927780e+01
0.000000000000000000e+00,6.893333333333333535e-01,1.507507298840118182e+01,1.560738278352863162e+01,1.621528562700767040e+01,1.669921648240504553e+01,1.713571878022758455e+01
0.000000000000000000e+00,6.940000000000000613e-01,1.519427940100613483e+01,1.570881638579260731e+01,1.630141003444367698e+01,1.681048453436591572e+01,1.721058709554029420e+01
0.000000000000000000e+00,6.986666666666667691e-01,1.532401739792674000e+01,1.582884342619837348e+01,1.639220995424778238e+01,1.690366707508658095e+01,1.730596872936877872e+01
0.000000000000000000e+00,7.033333333333333659e-01,1.541481579266590352e+01,1.593258112740362442e+01,1.648660925079299844e+01,1.700075971249696849e+01,1.740296390734281928e+01
0.000000000000000000e+00,7.080000000000000737e-01,1.551657813592246704e+01,1.604656877233675871e+01,1.657580477995123402e+01,1.709608636557834416e+01,1.750990870242170772e+01
0.000000000000000000e+00,7.126666666666667815e-01,1.562262616737249310e+01,1.614489569965667926e+01,1.666818022755590789e+01,1.719625574679031033e+01,1.761832101508739967e+01
0.000000000000000000e+00,7.173333333333333783e-01,1.571688278663624772e+01,1.623546327400661582e+01,1.675779723604901505e+01,1.729380270460055158e+01,1.769865799830058251e+01
0.000000000000000000e+00,7.219999999999999751e-01,1.583292111366684018e+01,1.632395601709658095e+01,1.684344144096080242e+01,1.738890283588331087e+01,1.777538999779565998e+01
0.000000000000000000e+00,7.266666666666667940e-01,1.593344176838735748e+01,1.641287544975781287e+01,1.693301668295744378e+01,1.749218804166325114e+01,1.787792726814191013e+01
0.000000000000000000e+00,7.313333333333333908e-01,1.603506018471486527e+01,1.650973867801408090e+01,1.702651232016432914e+01,1.758722456170334070e+01,1.797035238482937913e+01
0.000000000000000000e+00,7.359999999999999876e-01,1.613401091068345394e+01,1.660646556478781832e+01,1.712161910047503710e+01,1.767739258488209586e+01,1.807707401560828586e+01
0.000000000000000000e+00,7.406666666666666954e-01,1.623375460489492639e+01,1.669317197941685649e+01,1.721287613354317259e+01,1.776665979025773368e+01,1.816296197988563677e+01
0.000000000000000000e+00,7.453333333333334032e-01,1.634234536484498790e+01,1.678150196896577029e+01,1.730395588928983486e+01,1.786957258799843018e+01,1.826414899612772658e+01
0.000000000000000000e+00,7.500000000000000000e-01,1.643632565848858107e+01,1.687632754336510388e+01,1.739213070234358227e+01,1.796628432559965560e+01,1.837010146026743485e+01
0.000000000000000000e+00,7.546666666666667078e-01,1.652259907632823754e+01,1.696745745281479145e+01,1.747971143411412953e+01,1.806970799208545131e+01,1.847282937459668872e+01
0.000000000000000000e+00,7.593333333333334156e-01,1.661039041685584650e+01,1.705965885470290289e+01,1.756849384758285737e+01,1.817011180815328331e+01,1.857383376841928069e+01
0.000000000000000000e+00,7.640000000000000124e-01,1.671496609036475434e+01,1.715407339876593795e+01,1.766573053058742460e+01,1.826859398125118261e+01,1.867229900911513951e+01
0.000000000000000000e+00,7.686666666666667203e-01,1.679806915481642449e+01,1.724047446700916453e+01,1.776225347998563819e+01,1.836771976670197404e+01,1.876211131495265150e+01
0.000000000000000000e+00,7.733333333333334281e-01,1.690122477777945065e+01,1.732061394374349561e+01,1.786145282322796390e+01,1.846752676909400748e+01,1.885860184823627961e+01
0.000000000000000000e+00,7.780000000000000249e-01,1.699987350083991089e+01,1.741100928192080133e+01,1.796129354017066504e+01,1.856213497820152725e+01,1.895210842448335598e+01
0.000000000000000000e+00,7.826666666666667327e-01,1.709063212598068660e+01,1.750048454246945795e+01,1.805776463713553781e+01,1.865621733601962973e+01,1.904066753778025856e+01
0.000000000000000000e+00,7.873333333333334405e-01,1.718650444487421680e+01,1.759559917560776299e+01,1.816747836620359635e+01,1.874935492161380779e+01,1.912587066651080647e+01
0.000000000000000000e+00,7.920000000000000373e-01,1.727218530491924042e+01,1.768883147625939500e+01,1.826257737704370498e+01,1.883862728716145440e+01,1.920832958577252825e+01
0.000000000000000000e+00,7.966666666666667451e-01,1.737387702672088707e+01,1.777738637650643483e+01,1.835537408397615167e+01,1.893529583328674804e+01,1.930000525115070786e+01
0.000000000000000000e+00,8.013333333333334529e-01,1.745412418095078166e+01,1.786936784314590199e+01,1.845515695798972189e+01,1.903525090985638357e+01,1.939224504352603162e+01
0.000000000000000000e+00,8.060000000000000497e-01,1.753741977474052760e+01,1.796186384609482189e+01,1.855228358767183039e+01,1.912664542647915056e+01,1.947331836374331715e+01
0.000000000000000000e+00,8.106666666666666465e-01,1.762909165101329023e+01,1.806393174218319686e+01,1.864852925542771089e+01,1.922329796289534798e+01,1.955915714268244798e+01
0.000000000000000000e+00,8.153333333333334654e-01,1.772622451040854941e+01,1.816215272779072265e+01,1.874894928183563891e+01,1.931687675898415790e+01,1.965108475618555062e+01
0.000000000000000000e+00,8.200000000000000622e-01,1.782435590910022682e+01,1.824959540397400559e+01,1.884370177294004378e+01,1.941039666772506678e+01,1.975088215478074360e+01
0.000000000000000000e+00,8.246666666666666590e-01,1.792088026176516280e+01,1.834840619478509538e+01,1.894059789591108256e+01,1.950488547139617168e+01,1.985092695941454721e+01
0.000000000000000000e+00,8.293333333333333668e-01,1.801328427109967123e+01,1.844392671723443300e+01,1.903849591796328866e+01,1.960091924510317440e+01,1.995108859867477946e+01
0.000000000000000000e+00,8.340000000000000746e-01,1.810660215544413987e+01,1.853972320843895361e+01,1.913838504202011848e+01,1.968527403753218863e+01,2.005137112495092921e+01
0.000000000000000000e+00,8.386666666666666714e-01,1.818217967749639641e+01,1.864054419095347370e+01,1.923942234596222178e+01,1.977635531092185417e+01,2.015601886780851260e+01
0.000000000000000000e+00,8.433333333333333792e-01,1.825469804887756808e+01,1.874362628364016459e+01,1.933671446604223831e+01,1.984896796388794016e+01,2.025231501789311395e+01
0.000000000000000000e+00,8.480000000000000870e-01,1.832697794851447881e+01,1.883847036786515261e+01,1.942971818716438293e+01,1.994892532649571848e+01,2.035718433910887626e+01
0.000000000000000000e+00,8.526666666666666838e-01,1.841699905435936557e+01,1.893284044152389001e+01,1.952661508633013554e+01,2.003555076944727276e+01,2.046181415990966812e+01
0.000000000000000000e+00,8.573333333333333917e-01,1.850178554566429412e+01,1.903426890309823705e+01,1.962068369185963590e+01,2.013168185876242333e+01,2.057580250909130370e+01
0.000000000000000000e+00,8.620000000000000995e-01,1.859519062060871875e+01,1.912826544454831534e+01,1.971319325448480697e+01,2.023484746051500593e+01,2.067878205330243091e+01
0.000000000000000000e+00,8.666666666666666963e-01,1.868162513188392282e+01,1.921993726002843772e+01,1.980959225765661813e+01,2.032476156039493276e+01,2.078793086439281979e+01
0.000000000000000000e+00,8.713333333333334041e-01,1.875888741700720530e+01,1.932188307988520393e+01,1.990589829538848932e+01,2.041119244338022654e+01,2.089661552642892772e+01
0.000000000000000000e+00,8.760000000000001119e-01,1.884990778221523655e+01,1.942021818313672199e+01,1.999823064923184290e+01,2.050901871866010495e+01,2.100635492932001824e+01
0.000000000000000000e+00,8.806666666666667087e-01,1.893289598106091276e+01,1.952306073842537160e+01,2.008754074139678636e+01,2.060680270903961997e+01,2.111530766055080832e+01
0.000000000000000000e+00,8.853333333333334165e-01,1.901453917793010007e+01,1.962553514381352926e+01,2.017489119564026367e+01,2.070090461093653644e+01,2.121430640886831753e+01
0.000000000000000000e+00,8.900000000000001243e-01,1.910180961515952092e+01,1.971974073187174525e+01,2.026879268187847316e+01,2.079527855959785043e+01,2.132452064235054223e+01
0.000000000000000000e+00,8.946666666666667211e-01,1.920436915323356075e+01,1.982598208236093740e+01,2.036005674003843424e+01,2.089060821364653719e+01,2.144652727196923792e+01
0.000000000000000000e+00,8.993333333333333179e-01,1.930193215913304527e+01,1.992004518401460444e+01,2.044605598392039170e+01,2.099645282544705793e+01,2.155216191998935926e+01
0.000000000000000000e+00,9.040000000000000258e-01,1.938827089595747566e+01,2.001523220158021488e+01,2.052421145909845990e+01,2.111016086749384613e+01,2.168890127661813949e+01
0.000000000000000000e+00,9.086666666666667336e-01,1.947277664149103060e+01,2.010754727850329004e+01,2.061761480940055336e+01,2.121849234875265111e+01,2.182464094336148364e+01
0.000000000000000000e+00,9.133333333333334414e-01,1.958674587636523512e+01,2.020208154400686595e+01,2.069415642731162919e+01,2.132778540081397622e+01,2.192088935524365212e+01
0.000000000000000000e+00,9.180000000000000382e-01,1.968780582243909905e+01,2.029455235375309385e+01,2.078449587630650086e+01,2.142443566785306075e+01,2.204173540555586897e+01
0.000000000000000000e+00,9.226666666666667460e-01,1.975940170577403521e+01,2.038553716293853668e+01,2.086600425588172669e+01,2.153975369674108364e+01,2.217029834271083644e+01
0.000000000000000000e+00,9.273333333333334538e-01,1.984653497913156528e+01,2.046431148525651267e+01,2.095124184818751445e+01,2.164720381822685624e+01,2.230323883878507374e+01
0.000000000000000000e+00,9.320000000000000506e-01,1.991900861288443636e+01,2.053940679291387994e+01,2.104353998393402847e+01,2.176561139893321339e+01,2.243789695293569864e+01
0.000000000000000000e+00,9.366666666666667584e-01,2.000471080697455761e+01,2.063556017157687705e+01,2.113862919716146394e+01,2.187467293699423365e+01,2.257403405364395610e+01
0.000000000000000000e+00,9.413333333333333552e-01,2.009014243091556295e+01,2.071209288822343098e+01,2.124864795029734665e+01,2.199090157202372353e+01,2.270920725419664876e+01
0.000000000000000000e+00,9.460000000000000631e-01,2.018207413962076302e+01,2.078325920444735431e+01,2.135683504393365695e+01,2.210828552550784210e+01,2.284424345028547521e+01
0.000000000000000000e+00,9.506666666666667709e-01,2.023291088805779481e+01,2.085387061227287475e+01,2.146154372681993294e+01,2.223153730702650677e+01,2.298188565307637532e+01
0.000000000000000000e+00,9.553333333333333677e-01,2.022996440047541711e+01,2.095331813291349121e+01,2.157233645195143623e+01,2.235246152173735368e+01,2.311982390241808361e+01
0.000000000000000000e+00,9.600000000000000755e-01,2.022414951471702338e+01,2.104458442393357487e+01,2.168883178958229152e+01,2.248351871928771217e+01,2.326566121175044799e+01
0.000000000000000000e+00,9.646666666666667833e-01,2.027478573975804466e+01,2.112250834220115792e+01,2.179572939290649458e+01,2.260111689090043541e+01,2.340349783106939441e+01
0.000000000000000000e+00,9.693333333333333801e-01,2.032571898255484300e+01,2.120041019858181741e+01,2.190328991696139838e+01,2.272316629858519832e+01,2.354432099114672283e+01
0.000000000000000000e+00,9.740000000000000879e-01,2.037646128567654102e+01,2.125648931796249741e+01,2.200653328880530779e+01,2.285395982076505206e+01,2.368098555922925641e+01
0.000000000000000000e+00,9.786666666666666847e-01,2.042727022494135269e+01,2.129389620263244609e+01,2.212048225281538549e+01,2.298351275397437021e+01,2.382713863264464038e+01
0.000000000000000000e+00,9.833333333333333925e-01,2.045030806351693187e+01,2.135516818835896302e+01,2.224165318399266766e+01,2.311682097225293475e+01,2.397670840244300905e+01
0.000000000000000000e+00,9.880000000000001004e-01,2.046342557829612119e+01,2.142538096776232592e+01,2.236566514444305653e+01,2.325713228685570400e+01,2.412715068847090194e+01
0.000000000000000000e+00,9.926666666666666972e-01,2.045721914214902526e+01,2.147633094600212189e+01,2.247759905825681415e+01,2.339047982672131099e+01,2.427849707843106586e+01
0.000000000000000000e+00,9.973333333333334050e-01,2.050358076442615740e+01,2.151783098169227770e+01,2.258145701819315576e+01,2.352074994449104395e+01,2.443581319928188123e+01
0.000000000000000000e+00,1.002000000000000224e+00,2.050343389044078890e+01,2.156121234453217994e+01,2.271013413612480392e+01,2.366670940384750921e+01,2.459432425074887973e+01
0.000000000000000000e+00,1.006666666666666821e+00,2.048555480250893979e+01,2.161417396159491844e+01,2.282124572740424995e+01,2.381001477520051779e+01,2.473784005978253475e+01
0.000000000000000000e+00,1.011333333333333417e+00,2.046515480861457092e+01,2.166406610130422905e+01,2.294152459056470050e+01,2.394622262800055523e+01,2.493289499111978813e+01
0.000000000000000000e+00,1.016000000000000014e+00,2.044240242194934609e+01,2.171596562183549750e+01,2.304750527098747170e+01,2.409411084251031454e+01,2.510898798645008512e+01
0.000000000000000000e+00,1.020666666666666611e+00,2.041730962935695715e+01,2.175079498670661238e+01,2.315569689283621102e+01,2.423470049331081100e+01,2.526792036320879120e+01
0.000000000000000000e+00,1.025333333333333430e+00,2.038988914621412007e+01,2.181496297659328221e+01,2.328221967581690421e+01,2.438493881962137877e+01,2.542303062382085344e+01
0.000000000000000000e+00,1.030000000000000027e+00,2.036015440816384725e+01,2.186612292176078043e+01,2.339837679328618592e+01,2.452779278346321234e+01,2.558602038043789761e+01
0.000000000000000000e+00,1.034666666666666845e+00,2.032811956250275998e+01,2.192156243531942295e+01,2.351657380868005731e+01,2.467635448331107284e+01,2.575513410794571456e+01
0.000000000000000000e+00,1.039333333333333442e+00,2.029379945922915951e+01,2.195954705923285744e+01,2.364101804769969561e+01,2.482484839051062053e+01,2.597059143879488019e+01
0.000000000000000000e+00,1.044000000000000039e+00,2.025720964175918226e+01,2.197978572209705916e+01,2.376397216294736836e+01,2.497541687635376917e+01,2.617005948948957439e+01
0.000000000000000000e+00,1.048666666666666636e+00,2.021836632435081427e+01,2.200161091036807903e+01,2.389504714906502159e+01,2.514818144451438897e+01,2.636325023406155310e+01
0.000000000000000000e+00,1.053333333333333455e+00,2.017728642130934702e+01,2.203715027693368000e+01,2.401164898790431579e+01,2.533087816866615682e+01,2.655177872503194436e+01
0.000000000000000000e+00,1.058000000000000052e+00,2.020892923851104328e+01,2.206851036508959751e+01,2.413354670801084012e+01,2.548369855804481787e+01,2.673836487830639541e+01
0.000000000000000000e+00,1.062666666666666870e+00,2.014033593013239098e+01,2.210139772309251782e+01,2.425299038104238392e+01,2.565449011368514576e+01,2.692660307962380628e+01
0.000000000000000000e+00,1.067333333333333467e+00,2.006620962196990021e+01,2.214265050656592848e+01,2.438016368061360595e+01,2.583078967789549907e+01,2.716550179213508898e+01
0.000000000000000000e+00,1.072000000000000064e+00,1.999096197938692399e+01,2.216566386059954752e+01,2.451014792211792326e+01,2.601895991316215984e+01,2.737407643964157700e+01
0.000000000000000000e+00,1.076666666666666661e+00,1.993897551763435771e+01,2.219072338988906878e+01,2.463481002543713672e+01,2.618601838745378174e+01,2.763328321223514905e+01
0.000000000000000000e+00,1.081333333333333258e+00,1.988486743464618201e+01,2.221666030145942727e+01,2.476699254685085450e+01,2.636568366333124658e+01,2.786624785855364195e+01
0.000000000000000000e+00,1.086000000000000076e+00,1.982865904582413563e+01,2.224814848644945897e+01,2.489418328979549955e+01,2.654684510543536291e+01,2.817460673416564632e+01
0.000000000000000000e+00,1.090666666666666895e+00,1.977037223866260973e+01,2.226338765012957310e+01,2.502810697886576463e+01,2.670838535676127279e+01,2.845335843459994152e+01
0.000000000000000000e+00,1.095333333333333492e+00,1.971002949636396195e+01,2.228823413593652703e+01,2.516952185681393672e+01,2.688406467753420515e+01,2.870421879355412287e+01
0.000000000000000000e+00,1.100000000000000089e+00,1.964765384893557609e+01,2.231180771519349904e+01,2.530901958936527052e+01,2.705783575178727673e+01,2.885931193285351171e+01
1.000000000000000000e+00,4.000000000000000222e-01,1.419560664839157660e+01,1.652733582118326083e+01,2.308026859472285253e+01,3.062546327867379148e+01,4.366757734728117413e+01
1.000000000000000000e+00,4.046666666666666745e-01,1.433404303349973752e+01,1.663131809986425580e+01,2.303479253728269072e+01,3.045087235010906568e+01,4.309312773476029435e+01
1.000000000000000000e+00,4.093333333333333823e-01,1.444640173962263141e+01,1.671260812667533102e+01,2.300367541615431577e+01,3.028247805131017856e+01,4.252879398270953004e+01
1.000000000000000000e+00,4.140000000000000346e-01,1.455829258590062025e+01,1.679336660032957695e+01,2.300848140079066084e+01,3.001387611104173558e+01,4.198238742619428621e+01
1.000000000000000000e+00,4.186666666666666869e-01,1.469837055449253960e+01,1.687358325521692493e+01,2.299103288189054695e+01,2.981601124525595736e+01,4.153252313415447361e+01
1.000000000000000000e+00,4.233333333333333393e-01,1.482870476166733020e+01,1.695324786191603295e+01,2.297474594919724211e+01,2.962308517336159497e+01,4.108939446865456802e+01
1.000000000000000000e+00,4.280000000000000471e-01,1.494027633304642322e+01,1.703235024773118766e+01,2.291745811627126983e+01,2.940224850748480634e+01,4.065289129532112611e+01
1.000000000000000000e+00,4.326666666666666994e-01,1.505177485063778242e+01,1.711088029264619692e+01,2.293599481615936497e+01,2.924158325342619591e+01,4.022290546461044158e+01
1.000000000000000000e+00,4.373333333333333517e-01,1.516195957316996434e+01,1.718882793134522657e+01,2.290014194204545817e+01,2.910212814589043262e+01,3.978428986790535049e+01
1.000000000000000000e+00,4.420000000000000040e-01,1.527162644542123893e+01,1.726618315522631875e+01,2.286127251065643406e+01,2.891591493054480111e+01,3.932094083723355027e+01
1.000000000000000000e+00,4.466666666666667118e-01,1.538075371888128196e+01,1.734604252160306359e+01,2.283563485508986091e+01,2.873509575956307671e+01,3.887618808941737569e+01
1.000000000000000000e+00,4.513333333333333641e-01,1.548931964346721912e+01,1.745078645705675058e+01,2.280429115423857667e+01,2.855802328423574110e+01,3.853773241271117911e+01
1.000000000000000000e+00,4.560000000000000164e-01,1.559730247456950636e+01,1.755481178530860120e+01,2.278051592835968009e+01,2.837988383055623132e+01,3.809599537496204391e+01
1.000000000000000000e+00,4.606666666666666687e-01,1.570468048692408836e+01,1.765809900408655864e+01,2.275134893529384073e+01,2.827638520568817171e+01,3.763490428112321240e+01
1.000000000000000000e+00,4.653333333333333766e-01,1.579809773203904655e+01,1.777167078858045812e+01,2.270673939863584323e+01,2.813072611059848072e+01,3.723404356158803097e+01
1.000000000000000000e+00,4.700000000000000289e-01,1.587519290284684814e+01,1.788449042341017758e+01,2.268529676987103372e+01,2.798039459730990686e+01,3.685743826651885513e+01
1.000000000000000000e+00,4.746666666666666812e-01,1.595182449114799539e+01,1.799751681638929313e+01,2.267829106604433065e+01,2.785872440123504745e+01,3.644359021926070596e+01
1.000000000000000000e+00,4.793333333333333890e-01,1.602798323608620379e+01,1.813874851372272801e+01,2.264802344980123294e+01,2.772976248152970058e+01,3.603866315217453575e+01
1.000000000000000000e+00,4.840000000000000413e-01,1.610365991272702502e+01,1.827916272867863867e+01,2.262879501905511503e+01,2.766283525140199373e+01,3.567862059819474752e+01
1.000000000000000000e+00,4.886666666666666936e-01,1.617884533380529177e+01,1.838620841900413794e+01,2.263089867837645386e+01,2.753222728496033511e+01,3.526212622227107119e+01
1.000000000000000000e+00,4.933333333333333459e-01,1.625353035147002601e+01,1.847033228826664697e+01,2.260198464006369079e+01,2.739421870469557874e+01,3.486004687456801321e+01
1.000000000000000000e+00,4.979999999999999982e-01,1.634866879652654603e+01,1.851471297749335676e+01,2.257854332573571554e+01,2.723636188558240079e+01,3.448454176649928371e+01
1.000000000000000000e+00,5.026666666666667060e-01,1.644935672344341882e+01,1.860619644744967260e+01,2.253878954430772552e+01,2.710907502303114214e+01,3.411400450541215434e+01
1.000000000000000000e+00,5.073333333333334139e-01,1.649955545065317253e+01,1.866418958991836519e+01,2.251886984885445386e+01,2.701206181528292305e+01,3.374959573796937917e+01
1.000000000000000000e+00,5.120000000000000107e-01,1.661996329366694169e+01,1.874222259896675524e+01,2.252779521220499248e+01,2.691197762925007098e+01,3.339192230179856580e+01
1.000000000000000000e+00,5.166666666666667185e-01,1.672966753528008255e+01,1.880154130582190319e+01,2.250387893949939055e+01,2.679369848526354403e+01,3.304085429066579849e+01
1.000000000000000000e+00,5.213333333333334263e-01,1.684451366557158636e+01,1.885543887228342541e+01,2.246924126764070451e+01,2.665646020510923364e+01,3.280222285862543430e+01
1.000000000000000000e+00,5.260000000000000231e-01,1.692973365345462611e+01,1.893564908694581916e+01,2.243909728412940296e+01,2.654048678396231153e+01,3.259303793203277877e+01
1.000000000000000000e+00,5.306666666666667309e-01,1.696156237247154408e+01,1.902383367101980838e+01,2.242813746687913579e+01,2.641637443192252377e+01,3.233589106012103542e+01
1.000000000000000000e+00,5.353333333333333277e-01,1.706595118707341641e+01,1.908295874260512193e+01,2.242942094951982313e+01,2.626546049989734399e+01,3.202654901485856698e+01
1.000000000000000000e+00,5.400000000000000355e-01,1.714287292059771772e+01,1.913652305616114191e+01,2.239893704114571449e+01,2.613845146292261745e+01,3.181820851540217987e+01
1.000000000000000000e+00,5.446666666666666323e-01,1.721290770525834901e+01,1.918435788270567954e+01,2.240126692067087433e+01,2.606789431107253563e+01,3.153248304196538498e+01
1.000000000000000000e+00,5.493333333333333401e-01,1.728229252194370957e+01,1.924492533702406405e+01,2.238843274905627823e+01,2.594267278663884824e+01,3.123894609072480932e+01
1.000000000000000000e+00,5.540000000000000480e-01,1.734958630150501335e+01,1.929257552652709506e+01,2.237480395602176131e+01,2.577905469726182375e+01,3.095221156470988788e+01
1.000000000000000000e+00,5.586666666666666448e-01,1.741626871503676810e+01,1.933885034151104776e+01,2.235761378957342060e+01,2.566553808280626470e+01,3.068427455869087339e+01
1.000000000000000000e+00,5.633333333333333526e-01,1.748356819678222607e+01,1.937423932284811556e+01,2.233864881513985523e+01,2.557932794053772341e+01,3.040657793794004249e+01
1.000000000000000000e+00,5.680000000000000604e-01,1.755098567676049726e+01,1.941194839630233560e+01,2.230697690497957808e+01,2.548978861729585432e+01,3.020067141406438793e+01
1.000000000000000000e+00,5.726666666666666572e-01,1.761768921507854557e+01,1.947437967366989398e+01,2.230453721996615712e+01,2.544071937358103597e+01,2.998532900668123702e+01
1.000000000000000000e+00,5.773333333333333650e-01,1.768253894711406815e+01,1.951281105655777637e+01,2.226489919336005130e+01,2.532631344624353531e+01,2.978041017189350015e+01
1.000000000000000000e+00,5.820000000000000728e-01,1.772951222973346930e+01,1.955002385697100920e+01,2.224706785473880188e+01,2.526910382097275587e+01,2.949431642436661249e+01
1.000000000000000000e+00,5.866666666666666696e-01,1.780872041528757421e+01,1.956515875208331678e+01,2.219503849789344230e+01,2.518031066116753891e+01,2.924343176400803657e+01
1.000000000000000000e+00,5.913333333333333774e-01,1.785595832924887816e+01,1.959456637153299141e+01,2.217945916699065378e+01,2.506281180979272349e+01,2.902690239908611147e+01
1.000000000000000000e+00,5.960000000000000853e-01,1.792962592446136938e+01,1.962186767721791725e+01,2.217025333645549168e+01,2.500723051437775624e+01,2.878346628315212641e+01
1.000000000000000000e+00,6.006666666666666821e-01,1.800993546351981678e+01,1.966783292536998218e+01,2.212247215025797686e+01,2.493385569640433985e+01,2.853544909932226759e+01
1.000000000000000000e+00,6.053333333333333899e-01,1.806660858790047897e+01,1.969881424761186750e+01,2.210864495661741103e+01,2.481524533213661243e+01,2.833620876313059966e+01
1.000000000000000000e+00,6.100000000000000977e-01,1.811625219493435424e+01,1.971109162121462788e+01,2.208848985778691798e+01,2.472655696043246820e+01,2.817079355210818292e+01
1.000000000000000000e+00,6.146666666666666945e-01,1.817522867058910307e+01,1.974282611295691225e+01,2.210767157551528328e+01,2.464564862840718718e+01,2.797686664944355428e+01
1.000000000000000000e+00,6.193333333333334023e-01,1.821975800269033385e+01,1.972930895463644063e+01,2.209411827856911614e+01,2.453803752637847779e+01,2.775906073700970111e+01
1.000000000000000000e+00,6.240000000000001101e-01,1.827284044399370799e+01,1.975551061474877557e+01,2.205001883193469325e+01,2.450311697570360892e+01,2.756062571605694700e+01
1.000000000000000000e+00,6.286666666666667069e-01,1.826534415409318513e+01,1.978202222715204428e+01,2.204072063319445007e+01,2.444994027622567145e+01,2.740055173754889140e+01
1.000000000000000000e+00,6.333333333333334147e-01,1.828026314938871977e+01,1.981422354375277095e+01,2.202386109058929975e+01,2.439028628728032899e+01,2.721575224561211570e+01
1.000000000000000000e+00,6.380000000000000115e-01,1.827304092468019903e+01,1.985855484990514341e+01,2.198953547074534853e+01,2.432120516466040172e+01,2.702994712112361952e+01
1.000000000000000000e+00,6.426666666666667194e-01,1.832720830362725550e+01,1.988329399681128962e+01,2.197019727946809553e+01,2.426616868481921685e+01,2.684561421692311711e+01
1.000000000000000000e+00,6.473333333333333162e-01,1.838060659978856748e+01,1.992502153425943234e+01,2.192950962578695595e+01,2.418494632455422888e+01,2.666222493384305992e+01
1.000000000000000000e+00,6.520000000000000240e-01,1.843322899767661482e+01,1.988845880825694579e+01,2.190045173189829342e+01,2.410162607902078591e+01,2.647890645989262026e+01
1.000000000000000000e+00,6.566666666666667318e-01,1.848506877741530374e+01,1.991696382504430574e+01,2.187642759949938664e+01,2.400764320629035353e+01,2.626631441084003882e+01
1.000000000000000000e+00,6.613333333333333286e-01,1.853611931611280284e+01,1.993707041510827338e+01,2.183779416970003950e+01,2.394048139599440361e+01,2.611184910522514002e+01
1.000000000000000000e+00,6.660000000000000364e-01,1.855342719177248512e+01,1.989402226308833832e+01,2.182089983748386430e+01,2.388077875342231593e+01,2.594531532865732615e+01
1.000000000000000000e+00,6.706666666666667442e-01,1.850473021110530425e+01,1.985063958231732073e+01,2.180162398691793868e+01,2.378899821776806434e+01,2.576556225238022080e+01
1.000000000000000000e+00,6.753333333333333410e-01,1.847934365728719897e+01,1.984838443605957181e+01,2.178214709250102388e+01,2.373757369614588342e+01,2.560889003415144671e+01
1.000000000000000000e+00,6.800000000000000488e-01,1.852944119840756798e+01,1.984708195136214570e+01,2.174265478057305145e+01,2.367855021620255584e+01,2.547115213724798721e+01
1.000000000000000000e+00,6.846666666666667567e-01,1.852541911979568212e+01,1.985751839241553540e+01,2.171326822084451891e+01,2.362762732935049215e+01,2.535470698183904048e+01
1.000000000000000000e+00,6.893333333333333535e-01,1.846724934541718000e+01,1.985004731627369523e+01,2.168420568093494083e+01,2.358405066563229013e+01,2.523857223372247915e+01
1.000000000000000000e+00,6.940000000000000613e-01,1.842029118306489366e+01,1.987407254022283354e+01,2.166006869022313097e+01,2.352738647523368698e+01,2.512212735232865768e+01
1.000000000000000000e+00,6.986666666666667691e-01,1.839803274095539365e+01,1.987280732649582760e+01,2.163551920594697719e+01,2.346313747454433951e+01,2.500538256104853829e+01
1.000000000000000000e+00,7.033333333333333659e-01,1.837640777591495578e+01,1.989083110597833581e+01,2.160524172922470143e+01,2.340078818084436207e+01,2.484367106081165133e+01
1.000000000000000000e+00,7.080000000000000737e-01,1.835698817610856537e+01,1.987979053570098031e+01,2.156521734787430944e+01,2.336963264370844939e+01,2.472381616991257403e+01
1.000000000000000000e+00,7.126666666666667815e-01,1.829548890833348906e+01,1.985108008700767712e+01,2.152051817409771672e+01,2.329532591815939924e+01,2.462051935861536478e+01
1.000000000000000000e+00,7.173333333333333783e-01,1.828315690136415128e+01,1.981975913114709797e+01,2.148216305531402881e+01,2.322204630399227909e+01,2.451786565967494269e+01
1.000000000000000000e+00,7.219999999999999751e-01,1.823633947755892137e+01,1.978071515182432805e+01,2.144020235952139330e+01,2.316049259102133817e+01,2.441751472540983059e+01
1.000000000000000000e+00,7.266666666666667940e-01,1.817952723712899399e+01,1.976191225589016298e+01,2.141193002689055902e+01,2.308892639603581998e+01,2.428173517148681171e+01
1.000000000000000000e+00,7.313333333333333908e-01,1.814713218220576252e+01,1.976589433312448563e+01,2.137392985193251604e+01,2.304047314879964503e+01,2.417127588373474367e+01
1.000000000000000000e+00,7.359999999999999876e-01,1.808506405145906015e+01,1.975267514241994604e+01,2.132042862301871367e+01,2.299801793991280263e+01,2.402544265165774817e+01
1.000000000000000000e+00,7.406666666666666954e-01,1.804910102941796524e+01,1.975788819517890715e+01,2.126469640279928086e+01,2.294069764861078653e+01,2.394283752865940329e+01
1.000000000000000000e+00,7.453333333333334032e-01,1.805279324070857783e+01,1.975327363398317004e+01,2.121514964032759210e+01,2.288303294473651306e+01,2.385831602343719737e+01
1.000000000000000000e+00,7.500000000000000000e-01,1.805669271558283029e+01,1.976815541466844905e+01,2.116101894965647290e+01,2.285293163989785015e+01,2.383676306060376859e+01
1.000000000000000000e+00,7.546666666666667078e-01,1.803001523286624419e+01,1.977663984165794275e+01,2.111039949970316698e+01,2.282487186689135683e+01,2.374152875011642294e+01
1.000000000000000000e+00,7.593333333333334156e-01,1.803004158445538607e+01,1.978319883533734824e+01,2.107932778968773135e+01,2.280525521513642317e+01,2.365202514273430268e+01
1.000000000000000000e+00,7.640000000000000124e-01,1.803579224521987712e+01,1.977834747608101651e+01,2.106237220754416128e+01,2.274328734909103034e+01,2.360686882458726998e+01
1.000000000000000000e+00,7.686666666666667203e-01,1.804228520845954264e+01,1.975353644859952951e+01,2.103058907185823045e+01,2.268663299446883030e+01,2.356756669771338863e+01
1.000000000000000000e+00,7.733333333333334281e-01,1.801531206954846454e+01,1.971737557516888018e+01,2.098626632011422899e+01,2.265307942853080547e+01,2.356393627244356281e+01
1.000000000000000000e+00,7.780000000000000249e-01,1.794071754976128474e+01,1.970572758115672229e+01,2.094273347055319690e+01,2.258806222922566675e+01,2.351363110355181263e+01
1.000000000000000000e+00,7.826666666666667327e-01,1.786725399580309315e+01,1.970352584211439861e+01,2.090676803525823146e+01,2.254358116927378930e+01,2.351715606401627667e+01
1.000000000000000000e+00,7.873333333333334405e-01,1.783207000968497979e+01,1.969766019389426148e+01,2.088186975526994971e+01,2.250638100253816276e+01,2.350782584519382468e+01
1.000000000000000000e+00,7.920000000000000373e-01,1.774781978176532604e+01,1.966894953609585528e+01,2.083522659729820248e+01,2.242452079949324428e+01,2.348634226660451318e+01
1.000000000000000000e+00,7.966666666666667451e-01,1.769058530852331046e+01,1.964728311144458672e+01,2.081366573292761046e+01,2.235396954723154295e+01,2.346257299374780558e+01
1.000000000000000000e+00,8.013333333333334529e-01,1.766193641295398109e+01,1.961931569281068377e+01,2.079429567898839082e+01,2.228433961367537108e+01,2.344741746291017392e+01
1.000000000000000000e+00,8.060000000000000497e-01,1.763596245161244980e+01,1.955474817805869847e+01,2.075584852615481779e+01,2.221717068020597807e+01,2.342670593292634251e+01
1.000000000000000000e+00,8.106666666666666465e-01,1.761122738910093943e+01,1.949220762356610237e+01,2.071155251956466969e+01,2.215116876204183427e+01,2.341498361829090769e+01
1.000000000000000000e+00,8.153333333333334654e-01,1.758769483587192184e+01,1.944883283538108287e+01,2.067693577115461068e+01,2.211014718958907110e+01,2.339716210024241860e+01
1.000000000000000000e+00,8.200000000000000622e-01,1.757891835866934116e+01,1.939993700766176943e+01,2.064530243100437445e+01,2.205845566524034851e+01,2.337853576484818063e+01
1.000000000000000000e+00,8.246666666666666590e-01,1.754457019139083584e+01,1.936378474068248323e+01,2.063096410684225290e+01,2.198951591484294354e+01,2.337648579591330389e+01
1.000000000000000000e+00,8.293333333333333668e-01,1.751504279048658574e+01,1.932493411404079353e+01,2.061467270952926611e+01,2.194000465083055218e+01,2.336149929431790895e+01
1.000000000000000000e+00,8.340000000000000746e-01,1.746165413799188570e+01,1.928562590697906387e+01,2.057445540176641430e+01,2.192481510062100725e+01,2.337387663692274842e+01
1.000000000000000000e+00,8.386666666666666714e-01,1.741074245139598631e+01,1.922924922666400604e+01,2.053160441973013661e+01,2.189074285156210564e+01,2.336205454300637996e+01
1.000000000000000000e+00,8.433333333333333792e-01,1.736252625137311156e+01,1.915143548785786010e+01,2.048302021639805304e+01,2.186748951319579604e+01,2.338909624326343106e+01
1.000000000000000000e+00,8.480000000000000870e-01,1.732288881129501945e+01,1.908567455771709476e+01,2.042224235596204807e+01,2.183498680116791846e+01,2.339089859408792904e+01
1.000000000000000000e+00,8.526666666666666838e-01,1.729343278625530544e+01,1.902283411825117909e+01,2.035728339117021690e+01,2.179975707225517922e+01,2.336282365966862784e+01
1.000000000000000000e+00,8.573333333333333917e-01,1.723546815091623330e+01,1.898943341825863840e+01,2.030183214832383243e+01,2.179147899509603548e+01,2.334204363701407203e+01
1.000000000000000000e+00,8.620000000000000995e-01,1.721118237262803419e+01,1.895229902003997324e+01,2.022761921779127547e+01,2.178552576323987822e+01,2.337280042299246219e+01
1.000000000000000000e+00,8.666666666666666963e-01,1.723402166411912972e+01,1.891732463452483159e+01,2.015625677948776229e+01,2.177793225177468628e+01,2.338017195027343575e+01
1.000000000000000000e+00,8.713333333333334041e-01,1.723441453969191173e+01,1.886602189993337930e+01,2.011902743089998324e+01,2.174914812080596960e+01,2.338393738757891072e+01
1.000000000000000000e+00,8.760000000000001119e-01,1.721273390717251672e+01,1.879469744060056868e+01,2.007631720098907380e+01,2.173718785149753074e+01,2.339125346257873872e+01
1.000000000000000000e+00,8.806666666666667087e-01,1.712909151433466448e+01,1.872864773060405952e+01,2.001887363310477852e+01,2.174125726620901844e+01,2.339768975636463821e+01
1.000000000000000000e+00,8.853333333333334165e-01,1.705710288677407505e+01,1.868508279570374953e+01,1.995592602706112118e+01,2.174315473228916318e+01,2.338111509400534516e+01
1.000000000000000000e+00,8.900000000000001243e-01,1.707881520471172720e+01,1.862162918446764337e+01,1.990997601176486853e+01,2.175726781100618368e+01,2.342302071556100884e+01
1.000000000000000000e+00,8.946666666666667211e-01,1.710237097269718376e+01,1.855898280457380523e+01,1.984178360590162882e+01,2.173838090543535984e+01,2.344474253728605007e+01
1.000000000000000000e+00,8.993333333333333179e-01,1.709185706782763248e+01,1.849968860966569650e+01,1.977894391993783074e+01,2.174133782545324678e+01,2.348256868963611765e+01
1.000000000000000000e+00,9.040000000000000258e-01,1.703693383038167397e+01,1.843850483081005720e+01,1.971762423727403757e+01,2.175956814184594279e+01,2.353408556796793860e+01
1.000000000000000000e+00,9.086666666666667336e-01,1.700672487182976766e+01,1.837662747881879355e+01,1.961339086046766056e+01,2.178938328651794976e+01,2.358758119759048455e+01
1.000000000000000000e+00,9.133333333333334414e-01,1.699136266439731813e+01,1.830871487266216491e+01,1.953652470510529682e+01,2.181376619518828974e+01,2.363753192769007683e+01
1.000000000000000000e+00,9.180000000000000382e-01,1.693782854191668008e+01,1.824284453200807121e+01,1.948809044523404665e+01,2.180107793531012916e+01,2.370065555149519909e+01
1.000000000000000000e+00,9.226666666666667460e-01,1.693114841408236160e+01,1.815200203321087002e+01,1.944512853136590280e+01,2.180587263743634452e+01,2.375201157504550764e+01
1.000000000000000000e+00,9.273333333333334538e-01,1.688721937253057348e+01,1.808436370031429874e+01,1.938067786842128726e+01,2.183235461996227045e+01,2.370375146536451183e+01
1.000000000000000000e+00,9.320000000000000506e-01,1.681703410124217868e+01,1.800346637535057326e+01,1.934938360561838522e+01,2.187237278995561951e+01,2.370409431133055023e+01
1.000000000000000000e+00,9.366666666666667584e-01,1.674701748071828433e+01,1.793417496464292427e+01,1.928552114050605937e+01,2.187074044860636235e+01,2.376554984450695684e+01
1.000000000000000000e+00,9.413333333333333552e-01,1.669874370575000455e+01,1.785724651698005161e+01,1.921806906697284489e+01,2.190612489106085548e+01,2.384343457919664999e+01
1.000000000000000000e+00,9.460000000000000631e-01,1.664641268762421689e+01,1.777370615260545250e+01,1.915094955758413775e+01,2.194129086465107648e+01,2.399718498589222904e+01
1.000000000000000000e+00,9.506666666666667709e-01,1.653344676294587146e+01,1.770046616542123985e+01,1.909860126369784439e+01,2.195174962555035947e+01,2.405109359845917893e+01
1.000000000000000000e+00,9.553333333333333677e-01,1.650620599086309426e+01,1.761517553553266069e+01,1.903552847252288416e+01,2.190985674539246730e+01,2.410545571901841555e+01
1.000000000000000000e+00,9.600000000000000755e-01,1.642353905466592323e+01,1.754806156039847664e+01,1.897836164923571189e+01,2.189561804768450770e+01,2.420169278277175096e+01
1.000000000000000000e+00,9.646666666666667833e-01,1.637138097783899227e+01,1.746865750151860652e+01,1.891706766213334845e+01,2.188508858542103752e+01,2.426131478285912380e+01
1.000000000000000000e+00,9.693333333333333801e-01,1.628214707518480964e+01,1.739098664606332534e+01,1.884831226720014996e+01,2.196209831449120742e+01,2.438933282895464671e+01
1.000000000000000000e+00,9.740000000000000879e-01,1.620108760621769051e+01,1.731311296344130568e+01,1.878541339585328984e+01,2.198556298340555770e+01,2.445503055873305343e+01
1.000000000000000000e+00,9.786666666666666847e-01,1.608388140234632147e+01,1.722876425317258153e+01,1.871092670759232490e+01,2.197103747405831342e+01,2.461218093660181339e+01
1.000000000000000000e+00,9.833333333333333925e-01,1.597601980433312718e+01,1.713593242686164686e+01,1.867961372194099923e+01,2.194592442513689434e+01,2.472832058549981227e+01
1.000000000000000000e+00,9.880000000000001004e-01,1.589304026351321220e+01,1.708083947397070190e+01,1.861323194319496110e+01,2.190718344356067249e+01,2.481833039101639926e+01
1.000000000000000000e+00,9.926666666666666972e-01,1.576587103371399756e+01,1.698755419057953020e+01,1.855269205533057431e+01,2.191000466892741017e+01,2.491092998864837682e+01
1.000000000000000000e+00,9.973333333333334050e-01,1.570492598748483637e+01,1.691374687223293449e+01,1.849337164701908875e+01,2.190844251677738441e+01,2.505544789437678332e+01
1.000000000000000000e+00,1.002000000000000224e+00,1.560828971186191794e+01,1.682566113400045182e+01,1.844361395544468252e+01,2.191994418515976761e+01,2.519545652987137885e+01
1.000000000000000000e+00,1.006666666666666821e+00,1.550233392291788093e+01,1.672898703143459898e+01,1.837051293747729375e+01,2.192210698748016995e+01,2.533720549189893134e+01
1.000000000000000000e+00,1.011333333333333417e+00,1.538705589674606777e+01,1.663025684867570675e+01,1.831023624378274661e+01,2.194956572801578076e+01,2.546322195680171063e+01
1.000000000000000000e+00,1.016000000000000014e+00,1.529304879971104825e+01,1.654984644504809310e+01,1.824849382280405408e+01,2.194392431801408705e+01,2.559633136840906786e+01
1.000000000000000000e+00,1.020666666666666611e+00,1.519958475636191153e+01,1.644785302989294351e+01,1.817717030361965413e+01,2.195670368671667916e+01,2.568783232264093286e+01
1.000000000000000000e+00,1.025333333333333430e+00,1.507612849975408054e+01,1.636721510711953087e+01,1.811624805298113472e+01,2.196405935758703265e+01,2.584564140160094325e+01
1.000000000000000000e+00,1.030000000000000027e+00,1.498154968627387085e+01,1.626934104960725236e+01,1.806221440575946247e+01,2.202760339356275665e+01,2.597867571233501849e+01
1.000000000000000000e+00,1.034666666666666845e+00,1.486338922093871773e+01,1.615655171186862304e+01,1.801543108137520477e+01,2.197386818168701339e+01,2.611258803915508864e+01
1.000000000000000000e+00,1.039333333333333442e+00,1.472873854812729277e+01,1.605735740969436165e+01,1.795700170113676464e+01,2.198927936738669686e+01,2.626232221568280423e+01
1.000000000000000000e+00,1.044000000000000039e+00,1.465773803072579540e+01,1.597887133259421688e+01,1.788099815772102730e+01,2.198931049257990722e+01,2.644161679411871901e+01
1.000000000000000000e+00,1.048666666666666636e+00,1.457359508046320506e+01,1.588737981555502721e+01,1.782004728509964409e+01,2.198108648110424213e+01,2.659368871212132390e+01
1.000000000000000000e+00,1.053333333333333455e+00,1.445654640853210182e+01,1.577772967792449244e+01,1.775310509288227223e+01,2.198443973090940418e+01,2.676006714193233549e+01
1.000000000000000000e+00,1.058000000000000052e+00,1.432881983021849592e+01,1.566679993259890580e+01,1.766959677724494071e+01,2.202525934013044306e+01,2.691480474587429939e+01
1.000000000000000000e+00,1.062666666666666870e+00,1.419973381339176299e+01,1.555092361785292709e+01,1.761700098908540468e+01,2.207470426213743053e+01,2.707921965147833276e+01
1.000000000000000000e+00,1.067333333333333467e+00,1.407891964368295135e+01,1.544099996265947183e+01,1.756456259756412308e+01,2.208166290521175057e+01,2.724389720733101328e+01
1.000000000000000000e+00,1.072000000000000064e+00,1.393949556665694622e+01,1.534742009899030890e+01,1.749269450337428822e+01,2.209777270783306591e+01,2.741455164585785198e+01
1.000000000000000000e+00,1.076666666666666661e+00,1.380414550369954263e+01,1.523520920010765600e+01,1.745727025929193132e+01,2.210372631836417412e+01,2.763112767302926898e+01
1.000000000000000000e+00,1.081333333333333258e+00,1.367851255928870735e+01,1.513905241713168870e+01,1.741205114676081678e+01,2.215971444759229669e+01,2.784189136525905184e+01
1.000000000000000000e+00,1.086000000000000076e+00,1.353460711777140091e+01,1.505115296703574046e+01,1.732601796407150019e+01,2.220380295583811048e+01,2.805420378808848270e+01
1.000000000000000000e+00,1.090666666666666895e+00,1.338577340062702170e+01,1.494867091933432413e+01,1.725139068575749235e+01,2.224660929064521042e+01,2.825932079406278774e+01
1.000000000000000000e+00,1.095333333333333492e+00,1.324131729936888391e+01,1.484793210885853298e+01,1.718501471643328316e+01,2.232129538267237834e+01,2.846270149491260426e+01
1.000000000000000000e+00,1.100000000000000089e+00,1.310064398332397673e+01,1.478550165682053397e+01,1.713682287569255180e+01,2.238423053567948884e+01,2.863040213040788373e+01
2.000000000000000000e+00,4.000000000000000222e-01,7.895329067483532803e+00,1.630022909733462910e+01,2.032036108792021878e+01,2.659084562492146731e+01,2.991387784864708266e+01
2.000000000000000000e+00,4.046666666666666745e-01,7.752468571663398755e+00,1.620107587127511906e+01,2.025656908505471065e+01,2.672754046527176541e+01,3.009987758433596738e+01
2.000000000000000000e+00,4.093333333333333823e-01,7.618143882615447282e+00,1.610029849137572100e+01,2.018631434400752767e+01,2.682323568502528488e+01,3.030553032867472751e+01
2.000000000000000000e+00,4.140000000000000346e-01,7.492140177739615048e+00,1.599790267053747073e+01,2.011439201943729671e+01,2.694291003143503715e+01,3.050555577855324785e+01
2.000000000000000000e+00,4.186666666666666869e-01,7.374249668179389872e+00,1.590960911530930844e+01,2.004000218827921032e+01,2.705545857679573984e+01,3.069981427581106104e+01
2.000000000000000000e+00,4.233333333333333393e-01,7.264271218359515281e+00,1.581901800259780799e+01,1.996645797548055867e+01,2.716282630588516867e+01,3.088816760896231628e+01
2.000000000000000000e+00,4.280000000000000471e-01,7.162010336629305307e+00,1.573188273218763733e+01,1.989715452348190183e+01,2.728901233643150803e+01,3.107047903931169941e+01
2.000000000000000000e+00,4.326666666666666994e-01,7.067278927121642518e+00,1.564895690630309311e+01,1.982474432455026658e+01,2.738855417259453517e+01,3.124661342101016004e+01
2.000000000000000000e+00,4.373333333333333517e-01,6.993962604367187197e+00,1.557761021156133197e+01,1.975229416590589793e+01,2.748539590253620446e+01,3.141643729720907885e+01
2.000000000000000000e+00,4.420000000000000040e-01,6.930637867322280599e+00,1.550949044156818069e+01,1.968654645897441924e+01,2.763509219554351048e+01,3.157981899589497132e+01
2.000000000000000000e+00,4.466666666666667118e-01,6.874338768695490209e+00,1.547935140485108896e+01,1.962356505996575606e+01,2.771347305318795406e+01,3.173662872532467105e+01
2.000000000000000000e+00,4.513333333333333641e-01,6.824901778940428265e+00,1.542719696576791044e+01,1.956138984684487525e+01,2.775447022121221607e+01,3.188673866898035669e+01
2.000000000000000000e+00,4.560000000000000164e-01,6.782169170315968110e+00,1.534742424220953971e+01,1.951975112506620746e+01,2.783687102665822977e+01,3.203018295375968449e+01
2.000000000000000000e+00,4.606666666666666687e-01,6.745988906366354954e+00,1.529246993177967617e+01,1.945627628335124015e+01,2.791777338083522508e+01,3.216635835454852099e+01
2.000000000000000000e+00,4.653333333333333766e-01,6.716214329610874501e+00,1.523005623382912255e+01,1.940484302610694911e+01,2.796151794133447055e+01,3.229562318651777275e+01
2.000000000000000000e+00,4.700000000000000289e-01,6.692704167824640393e+00,1.516291364545265807e+01,1.935770657044617593e+01,2.803035784470938552e+01,3.241769859739306270e+01
2.000000000000000000e+00,4.746666666666666812e-01,6.675322334898678989e+00,1.513232998525845474e+01,1.931249003164302280e+01,2.809487423802698203e+01,3.253246804866525110e+01
2.000000000000000000e+00,4.793333333333333890e-01,6.663937789710774773e+00,1.507741919193692937e+01,1.927778265707688377e+01,2.815778383004174401e+01,3.264079670320146676e+01
2.000000000000000000e+00,4.840000000000000413e-01,6.658424399799263149e+00,1.507502349009365794e+01,1.924325150664294171e+01,2.821905697734454677e+01,3.278602397209405694e+01
2.000000000000000000e+00,4.886666666666666936e-01,6.658660809692579008e+00,1.500907795239155362e+01,1.920864591476229322e+01,2.827677243122184336e+01,3.289351241162716377e+01
2.000000000000000000e+00,4.933333333333333459e-01,6.664530313752015545e+00,1.497874944120680141e+01,1.917574189225940273e+01,2.827289376761743256e+01,3.305662878441786035e+01
2.000000000000000000e+00,4.979999999999999982e-01,6.675920733390534600e+00,1.498541942307288721e+01,1.914928514677156812e+01,2.827371083841456922e+01,3.319241682123886505e+01
2.000000000000000000e+00,5.026666666666667060e-01,6.692724343072634419e+00,1.495564831220073643e+01,1.912845936733567953e+01,2.829982283298124202e+01,3.320820911450117308e+01
2.000000000000000000e+00,5.073333333333334139e-01,6.714837620856824785e+00,1.494026074183888930e+01,1.908770326748728863e+01,2.831960915395898226e+01,3.326730299197250673e+01
2.000000000000000000e+00,5.120000000000000107e-01,6.742161274452032949e+00,1.487060107175819468e+01,1.906122836958378031e+01,2.833187491828197935e+01,3.335994923397276324e+01
2.000000000000000000e+00,5.166666666666667185e-01,6.774600088670872822e+00,1.487410664370883140e+01,1.902981119000917687e+01,2.835799918235387906e+01,3.338632264064228394e+01
2.000000000000000000e+00,5.213333333333334263e-01,6.812062822631091308e+00,1.489968378589313502e+01,1.901009969082834061e+01,2.843382207655994165e+01,3.346482502634513168e+01
2.000000000000000000e+00,5.260000000000000231e-01,6.854462110604548464e+00,1.483816009069546382e+01,1.897218490894708509e+01,2.849793854896526568e+01,3.348127546335003046e+01
2.000000000000000000e+00,5.306666666666667309e-01,6.901714366407037282e+00,1.485834151117927426e+01,1.893824497628215653e+01,2.855296155885564602e+01,3.355856769739596501e+01
2.000000000000000000e+00,5.353333333333333277e-01,6.953739691225915287e+00,1.486400921257990504e+01,1.891663730255962150e+01,2.857790506325860136e+01,3.371796476603522308e+01
2.000000000000000000e+00,5.400000000000000355e-01,7.010461784786266470e+00,1.483514931207386311e+01,1.890709838900328776e+01,2.859464045739101223e+01,3.380342737939158582e+01
2.000000000000000000e+00,5.446666666666666323e-01,7.071807898239327095e+00,1.483463065111243928e+01,1.888041154092118035e+01,2.860415794229369268e+01,3.386873982116326687e+01
2.000000000000000000e+00,5.493333333333333401e-01,7.137708635027124160e+00,1.480241956032824646e+01,1.885898367651432750e+01,2.864533538104979016e+01,3.392140818227922239e+01
2.000000000000000000e+00,5.540000000000000480e-01,7.208851177378003072e+00,1.478424014871653291e+01,1.886709520175195109e+01,2.862374305175317346e+01,3.390003126196392458e+01
2.000000000000000000e+00,5.586666666666666448e-01,7.340603167016539032e+00,1.478831028337671150e+01,1.886700798385083289e+01,2.860761793154125954e+01,3.382235554797406962e+01
2.000000000000000000e+00,5.633333333333333526e-01,7.476764863102765446e+00,1.480608954081081308e+01,1.886393593699560967e+01,2.860033830770320762e+01,3.378651142369642457e+01
2.000000000000000000e+00,5.680000000000000604e-01,7.617303873817034443e+00,1.483334066802348339e+01,1.887945296009594642e+01,2.858635473038270547e+01,3.368554317314638524e+01
2.000000000000000000e+00,5.726666666666666572e-01,7.718864471681500028e+00,1.481826957152370738e+01,1.889806845161144722e+01,2.857301655221633752e+01,3.357404777912547189e+01
2.000000000000000000e+00,5.773333333333333650e-01,7.808996871384422889e+00,1.482783027814702059e+01,1.891093983003345613e+01,2.855294037048699707e+01,3.345199650996466545e+01
2.000000000000000000e+00,5.820000000000000728e-01,7.903239294275844706e+00,1.482206372606081857e+01,1.891207237796374585e+01,2.851443737439452164e+01,3.331936613330582020e+01
2.000000000000000000e+00,5.866666666666666696e-01,7.996125371132769111e+00,1.481791892703020963e+01,1.890290960958801136e+01,2.840858469342677495e+01,3.317623569073922596e+01
2.000000000000000000e+00,5.913333333333333774e-01,8.065107397590182359e+00,1.481410289143126846e+01,1.891065436288524282e+01,2.830720542115665594e+01,3.309592712059885855e+01
2.000000000000000000e+00,5.960000000000000853e-01,8.137907826133268685e+00,1.481279481684784294e+01,1.890556011602638975e+01,2.832173604014803203e+01,3.302518385374309418e+01
2.000000000000000000e+00,6.006666666666666821e-01,8.214484385278225886e+00,1.481397656236057792e+01,1.889298307699326429e+01,2.830625305248006995e+01,3.298099820822653072e+01
2.000000000000000000e+00,6.053333333333333899e-01,8.294797065223573185e+00,1.481775923809697204e+01,1.892179503740728208e+01,2.821170652063842610e+01,3.292972810211814760e+01
2.000000000000000000e+00,6.100000000000000977e-01,8.383119393520187757e+00,1.484920539791773386e+01,1.894521963349052029e+01,2.813379788401196180e+01,3.284670129321754217e+01
2.000000000000000000e+00,6.146666666666666945e-01,8.507252030195322945e+00,1.484717433956069321e+01,1.895663514495878843e+01,2.808796766366425146e+01,3.278718886353414064e+01
2.000000000000000000e+00,6.193333333333334023e-01,8.693466248085764292e+00,1.491063184284428189e+01,1.894423774173933239e+01,2.805113379990532962e+01,3.265363129546321375e+01
2.000000000000000000e+00,6.240000000000001101e-01,8.771842328952850210e+00,1.493352738300937865e+01,1.895867142324929233e+01,2.801094606225819916e+01,3.246981899323815668e+01
2.000000000000000000e+00,6.286666666666667069e-01,8.970181968860174493e+00,1.501474152701446663e+01,1.897933798082664936e+01,2.795801546714341512e+01,3.230153026142406958e+01
2.000000000000000000e+00,6.333333333333334147e-01,9.172798841720458896e+00,1.510365960944251995e+01,1.902208989089830737e+01,2.789356645008974311e+01,3.216633771217617976e+01
2.000000000000000000e+00,6.380000000000000115e-01,9.261642172462190459e+00,1.512425119774604987e+01,1.904110280040167424e+01,2.785347569133861612e+01,3.202237845650925863e+01
2.000000000000000000e+00,6.426666666666667194e-01,9.332762526215665488e+00,1.518381125853414026e+01,1.906369839113139264e+01,2.775459762211839632e+01,3.188860752891289252e+01
2.000000000000000000e+00,6.473333333333333162e-01,9.481054715695020008e+00,1.524803891232382291e+01,1.909035737739027638e+01,2.763604849949813769e+01,3.166701389071224426e+01
2.000000000000000000e+00,6.520000000000000240e-01,9.586226200220297144e+00,1.527484594446935695e+01,1.911964624996864259e+01,2.748909854957342702e+01,3.136198006748695022e+01
2.000000000000000000e+00,6.566666666666667318e-01,9.626173899165650027e+00,1.533999708885902713e+01,1.914372349425519104e+01,2.730725852398268216e+01,3.112333564592365320e+01
2.000000000000000000e+00,6.613333333333333286e-01,9.739070782999489140e+00,1.535487679666522176e+01,1.916330080318314799e+01,2.714653765135583185e+01,3.097887541161936653e+01
2.000000000000000000e+00,6.660000000000000364e-01,9.955243781089144761e+00,1.541705498072337832e+01,1.918477264834078255e+01,2.703763299458796254e+01,3.082618980456020097e+01
2.000000000000000000e+00,6.706666666666667442e-01,1.017608220531216290e+01,1.545143496200315170e+01,1.923267297472324699e+01,2.692980919268082118e+01,3.062854418645843424e+01
2.000000000000000000e+00,6.753333333333333410e-01,1.040261516678414999e+01,1.546874333565200743e+01,1.924682211281212219e+01,2.679665292421285372e+01,3.045941121643311433e+01
2.000000000000000000e+00,6.800000000000000488e-01,1.063001240687617965e+01,1.551785973137386776e+01,1.928402184239129369e+01,2.667563938507969823e+01,3.028909961466603207e+01
2.000000000000000000e+00,6.846666666666667567e-01,1.061380716837588345e+01,1.560237710169579728e+01,1.931299767188733441e+01,2.654814672504642203e+01,3.010839672549135670e+01
2.000000000000000000e+00,6.893333333333333535e-01,1.053784861598679967e+01,1.567244739042807211e+01,1.935879096488790552e+01,2.626921000624555802e+01,2.988735466471562674e+01
2.000000000000000000e+00,6.940000000000000613e-01,1.050226127568677370e+01,1.570314360612781890e+01,1.939123532026348684e+01,2.598348101379864872e+01,2.975713488338790924e+01
2.000000000000000000e+00,6.986666666666667691e-01,1.079073600531828880e+01,1.574102895259183299e+01,1.945027258008833826e+01,2.569102823212861608e+01,2.952499511163607693e+01
2.000000000000000000e+00,7.033333333333333659e-01,1.108443896486333280e+01,1.577538069664861453e+01,1.950616202290058254e+01,2.554027049307712005e+01,2.931601926537843639e+01
2.000000000000000000e+00,7.080000000000000737e-01,1.121604531886539569e+01,1.583319442076229500e+01,1.957672524106666856e+01,2.529326077745443513e+01,2.908048647308094559e+01
2.000000000000000000e+00,7.126666666666667815e-01,1.141988496818462018e+01,1.584742739322692628e+01,1.960526667470160334e+01,2.523604961790612577e+01,2.878701929783793645e+01
2.000000000000000000e+00,7.173333333333333783e-01,1.173794838342457858e+01,1.595168128266863761e+01,1.965813202046557251e+01,2.507455265493568675e+01,2.864289478901002539e+01
2.000000000000000000e+00,7.219999999999999751e-01,1.185852973456567661e+01,1.603501484191283666e+01,1.970699756919303525e+01,2.478145085542351467e+01,2.841719333500940081e+01
2.000000000000000000e+00,7.266666666666667940e-01,1.195124187678977812e+01,1.615764342522084718e+01,1.977173080154669194e+01,2.469066371861199727e+01,2.827170752528672892e+01
2.000000000000000000e+00,7.313333333333333908e-01,1.204664864400942115e+01,1.626528331248070103e+01,1.981984134975670386e+01,2.449096219818777698e+01,2.791217279401000084e+01
2.000000000000000000e+00,7.359999999999999876e-01,1.218156037995893826e+01,1.637194317128139787e+01,1.984281851851326905e+01,2.444597581276743981e+01,2.762014356754811928e+01
2.000000000000000000e+00,7.406666666666666954e-01,1.249837600644421798e+01,1.642926697993213381e+01,1.989881418942011493e+01,2.422781722869257237e+01,2.745286116126555598e+01
2.000000000000000000e+00,7.453333333333334032e-01,1.265937306401478146e+01,1.652528496531887470e+01,1.992190687843487495e+01,2.400822985727334924e+01,2.709898998399167169e+01
2.000000000000000000e+00,7.500000000000000000e-01,1.286178225162611533e+01,1.659329955358601794e+01,1.998631620924503949e+01,2.377972476515131817e+01,2.691393557564482109e+01
2.000000000000000000e+00,7.546666666666667078e-01,1.301690758393818648e+01,1.669715552437830652e+01,2.005812884086737213e+01,2.367596366029697208e+01,2.697007831151183055e+01
2.000000000000000000e+00,7.593333333333334156e-01,1.321406861541653832e+01,1.677799768728747054e+01,2.012009715448855474e+01,2.362248119606146446e+01,2.681418553919747794e+01
2.000000000000000000e+00,7.640000000000000124e-01,1.343423197135804692e+01,1.680204231039838803e+01,2.016989498076115694e+01,2.359106071152569584e+01,2.656234089576490121e+01
2.000000000000000000e+00,7.686666666666667203e-01,1.358703743940818853e+01,1.689819674374781044e+01,2.021168997169148440e+01,2.359064000160420349e+01,2.632212211170803684e+01
2.000000000000000000e+00,7.733333333333334281e-01,1.383042450978671845e+01,1.697115787597776304e+01,2.012984400821070707e+01,2.353732290707312913e+01,2.621500064003097563e+01
2.000000000000000000e+00,7.780000000000000249e-01,1.393138917757823414e+01,1.703598838994981435e+01,2.004318167716143151e+01,2.353194686213126374e+01,2.608911132114026898e+01
2.000000000000000000e+00,7.826666666666667327e-01,1.402697201512411063e+01,1.706917488765870061e+01,2.007156702037319462e+01,2.346802209456307864e+01,2.601746350979940559e+01
2.000000000000000000e+00,7.873333333333334405e-01,1.419145303832491756e+01,1.714729416761841918e+01,2.011315367748075644e+01,2.352911039645382374e+01,2.609529672538305078e+01
2.000000000000000000e+00,7.920000000000000373e-01,1.437208008033151252e+01,1.718725146445720853e+01,2.018352154666692400e+01,2.345671848371881296e+01,2.602565824391824023e+01
2.000000000000000000e+00,7.966666666666667451e-01,1.449603134450400610e+01,1.715573879275738278e+01,2.021789803515503792e+01,2.336218557979762167e+01,2.595480774895468201e+01
2.000000000000000000e+00,8.013333333333334529e-01,1.457010071831300380e+01,1.717218035896690864e+01,2.030695873784009464e+01,2.320696594162933124e+01,2.578333806800453232e+01
2.000000000000000000e+00,8.060000000000000497e-01,1.455424087785665854e+01,1.724830398765694994e+01,2.034112504186830961e+01,2.306595442075890290e+01,2.566515984878995482e+01
2.000000000000000000e+00,8.106666666666666465e-01,1.458770303632648968e+01,1.718050585799569774e+01,2.042681598401720677e+01,2.300482044971067452e+01,2.578477030666959990e+01
2.000000000000000000e+00,8.153333333333334654e-01,1.433711143359843732e+01,1.706163808228519230e+01,2.046717694867454895e+01,2.308507495762608031e+01,2.579906180388323378e+01
2.000000000000000000e+00,8.200000000000000622e-01,1.426035085119499968e+01,1.712272158667352784e+01,2.052397482514657057e+01,2.317584490027190469e+01,2.594474311087468621e+01
2.000000000000000000e+00,8.246666666666666590e-01,1.401443627249265411e+01,1.707587603481395888e+01,2.059069644979993896e+01,2.323371593088136322e+01,2.596074254113866786e+01
2.000000000000000000e+00,8.293333333333333668e-01,1.379639979866753130e+01,1.714128818472945071e+01,2.069246847223097063e+01,2.333267403268171947e+01,2.606825399420477396e+01
2.000000000000000000e+00,8.340000000000000746e-01,1.367154506093367772e+01,1.707301503885427252e+01,2.070779950549074755e+01,2.341086443235526460e+01,2.610435918189482507e+01
2.000000000000000000e+00,8.386666666666666714e-01,1.369543765489718368e+01,1.708473874946100324e+01,2.063570043229385220e+01,2.348853958171777734e+01,2.625641566432008389e+01
2.000000000000000000e+00,8.433333333333333792e-01,1.330597017410083893e+01,1.703909788772267930e+01,2.067149650697091090e+01,2.357642535124161398e+01,2.632804698818424072e+01
2.000000000000000000e+00,8.480000000000000870e-01,1.290280802803022198e+01,1.698156766929160000e+01,2.069205610403804485e+01,2.368952716718977314e+01,2.659448540500098446e+01
2.000000000000000000e+00,8.526666666666666838e-01,1.250644991981106102e+01,1.691672679152004832e+01,2.077004942955596789e+01,2.379825554522168929e+01,2.683525526759954616e+01
2.000000000000000000e+00,8.573333333333333917e-01,1.210696153344621884e+01,1.679486579222081843e+01,2.087938320399997139e+01,2.396703538909245879e+01,2.700289776086383497e+01
2.000000000000000000e+00,8.620000000000000995e-01,1.170287844952100720e+01,1.671951310964566062e+01,2.099769714408542853e+01,2.410663596611727399e+01,2.725149874476762690e+01
2.000000000000000000e+00,8.666666666666666963e-01,1.129676320876448692e+01,1.654354377533378795e+01,2.106446532352547507e+01,2.428147441052418287e+01,2.751625228323764105e+01
2.000000000000000000e+00,8.713333333333334041e-01,1.087018115455902212e+01,1.650993891159347271e+01,2.117421459534992323e+01,2.446558570272327771e+01,2.772457366169504667e+01
2.000000000000000000e+00,8.760000000000001119e-01,1.036576517264173880e+01,1.647084833921913471e+01,2.130766265996802389e+01,2.462884337975929938e+01,2.795102804786854733e+01
2.000000000000000000e+00,8.806666666666667087e-01,9.858909025622891065e+00,1.643751534163308037e+01,2.138849186568238991e+01,2.481319248944749134e+01,2.828649015157434832e+01
2.000000000000000000e+00,8.853333333333334165e-01,9.349782780698813411e+00,1.627981597030143135e+01,2.144967871667201109e+01,2.502807223827225513e+01,2.855861342068774178e+01
2.000000000000000000e+00,8.900000000000001243e-01,8.838557344651851722e+00,1.614387073391181104e+01,2.151535718779661011e+01,2.529473250426103448e+01,2.886346120008222371e+01
2.000000000000000000e+00,8.946666666666667211e-01,8.325404353771091337e+00,1.602303335155709973e+01,2.159379526345466616e+01,2.553234985622126274e+01,2.923286699208511052e+01
2.000000000000000000e+00,8.993333333333333179e-01,7.810496081478087937e+00,1.587484037644248147e+01,2.166244195589746013e+01,2.579786126425384296e+01,2.977201261301246760e+01
2.000000000000000000e+00,9.040000000000000258e-01,7.294005345707315513e+00,1.560116687070222774e+01,2.172608943200145504e+01,2.602805404786903765e+01,3.019585439396864501e+01
2.000000000000000000e+00,9.086666666666667336e-01,6.776105416109346358e+00,1.536861724093019710e+01,2.183054191607942585e+01,2.623580796757320499e+01,3.059226441525755291e+01
2.000000000000000000e+00,9.133333333333334414e-01,6.256969921143940461e+00,1.508571960175662774e+01,2.186537611060627029e+01,2.637408175445120762e+01,3.101298862427005432e+01
2.000000000000000000e+00,9.180000000000000382e-01,5.736772755131036128e+00,1.486194405982430311e+01,2.190233273885971599e+01,2.662161981607584949e+01,3.150030643541744979e+01
2.000000000000000000e+00,9.226666666666667460e-01,5.215688006089931328e+00,1.465439117449921014e+01,2.204724308333836547e+01,2.691501566776874910e+01,3.199346546617358555e+01
2.000000000000000000e+00,9.273333333333334538e-01,4.693889801047511412e+00,1.427128764066060462e+01,2.213902782929171309e+01,2.713503757296431829e+01,3.243880544383007702e+01
2.000000000000000000e+00,9.320000000000000506e-01,4.171552274780376379e+00,1.402713586877489504e+01,2.225694261370364657e+01,2.739192616322914020e+01,3.291418116218895307e+01
2.000000000000000000e+00,9.366666666666667584e-01,3.648849457052689260e+00,1.375929481537305499e+01,2.239780032277426969e+01,2.757287150788019758e+01,3.324551240554320941e+01
2.000000000000000000e+00,9.413333333333333552e-01,3.125955180463513283e+00,1.342421068213136159e+01,2.253363659698673871e+01,2.780112025336977410e+01,3.364730183867958857e+01
2.000000000000000000e+00,9.460000000000000631e-01,2.603042988652509493e+00,1.309240665091411415e+01,2.264712859442718695e+01,2.806262822666603540e+01,3.406187520990994955e+01
2.000000000000000000e+00,9.506666666666667709e-01,2.080286044929940736e+00,1.279716057811546115e+01,2.277703428863180335e+01,2.830657591745371704e+01,3.448311205530389145e+01
2.000000000000000000e+00,9.553333333333333677e-01,1.557315369989663134e+00,1.254868519942830218e+01,2.295044861823858895e+01,2.857956579148379106e+01,3.494044954817268689e+01
2.000000000000000000e+00,9.600000000000000755e-01,1.034306882550483309e+00,1.239879916001328830e+01,2.307487247958689380e+01,2.887776256176053380e+01,3.541476662256577157e+01
2.000000000000000000e+00,9.646666666666667833e-01,5.123165309104102949e-01,1.223481857341277035e+01,2.318568834615449958e+01,2.919334574078585831e+01,3.593865633080194044e+01
2.000000000000000000e+00,9.693333333333333801e-01,-3.429418775528907115e-02,1.186336370040459620e+01,2.328607221902847613e+01,2.946792416908233037e+01,3.651583033738478434e+01
2.000000000000000000e+00,9.740000000000000879e-01,-6.264992289590615160e-01,1.157207734229608143e+01,2.341334412571636037e+01,2.979402052099164067e+01,3.725481360452681656e+01
2.000000000000000000e+00,9.786666666666666847e-01,-1.148084724610360041e+00,1.127330655876998122e+01,2.353523158176970043e+01,3.014687946171962807e+01,3.794029170678976470e+01
2.000000000000000000e+00,9.833333333333333925e-01,-1.668281471679061045e+00,1.094353791525446695e+01,2.369409204712518147e+01,3.044424406412146666e+01,3.860897725490069377e+01
2.000000000000000000e+00,9.880000000000001004e-01,-2.186920265421822496e+00,1.067006591409720784e+01,2.384112514937092797e+01,3.083659600884638508e+01,3.941672401379086210e+01
2.000000000000000000e+00,9.926666666666666972e-01,-2.703833106814800935e+00,1.030862237424543082e+01,2.400758497556400783e+01,3.124011063370538821e+01,4.024028986555607901e+01
2.000000000000000000e+00,9.973333333333334050e-01,-3.218853288032577087e+00,9.945655000323183614e+00,2.411919909124928907e+01,3.151004650253490169e+01,4.096873526469232729e+01
2.000000000000000000e+00,1.002000000000000224e+00,-3.731815476794269060e+00,9.629494614535701658e+00,2.423443191620140524e+01,3.180874829270745963e+01,4.171945153883204682e+01
2.000000000000000000e+00,1.006666666666666821e+00,-4.242555775731885248e+00,9.399457009131586105e+00,2.435826366886728067e+01,3.214270101392667556e+01,4.259392975791750047e+01
2.000000000000000000e+00,1.011333333333333417e+00,-4.898513805534697063e+00,9.137868115062458330e+00,2.450482333916549749e+01,3.255864733797643140e+01,4.348543079835137348e+01
2.000000000000000000e+00,1.016000000000000014e+00,-5.564892034853695435e+00,8.745251185696581331e+00,2.465486927325353150e+01,3.285478440435272063e+01,4.438975195103177640e+01
2.000000000000000000e+00,1.020666666666666611e+00,-6.227895971121116148e+00,8.355368349251575566e+00,2.479847832362420235e+01,3.314588716244586664e+01,4.531749606893761495e+01
2.000000000000000000e+00,1.025333333333333430e+00,-6.779566481691690072e+00,8.066803590304539640e+00,2.493703960261728980e+01,3.349759222347331900e+01,4.626389526083047343e+01
2.000000000000000000e+00,1.030000000000000027e+00,-7.314018948735074410e+00,7.758328435653620403e+00,2.511850654823820150e+01,3.385749893089505491e+01,4.722942475273472240e+01
2.000000000000000000e+00,1.034666666666666845e+00,-7.844933282901250138e+00,7.434837907168152071e+00,2.533530303675987128e+01,3.419072699803547266e+01,4.821457289441985239e+01
2.000000000000000000e+00,1.039333333333333442e+00,-8.372134251519861792e+00,7.078596108640158313e+00,2.545554963555334638e+01,3.460798586220558803e+01,4.904270987499403844e+01
2.000000000000000000e+00,1.044000000000000039e+00,-8.895449088015082495e+00,6.725940611786111134e+00,2.562063215597217436e+01,3.503246997228679049e+01,4.972872239846245179e+01
2.000000000000000000e+00,1.048666666666666636e+00,-9.414707554609453410e+00,6.408869531446126366e+00,2.579694959106478080e+01,3.543240743330198228e+01,5.064136005914262029e+01
2.000000000000000000e+00,1.053333333333333455e+00,-9.929742103348926818e+00,6.099599083042193115e+00,2.603678024413233771e+01,3.580809000525020735e+01,5.165068499222078202e+01
2.000000000000000000e+00,1.058000000000000052e+00,-1.044038788443038435e+01,5.876804322673194747e+00,2.627072596232348189e+01,3.619537041921248743e+01,5.268919499465921774e+01
2.000000000000000000e+00,1.062666666666666870e+00,-1.094648285241930452e+01,5.505724812822839098e+00,2.648749745450680138e+01,3.658252670890726677e+01,5.374961754313240192e+01
2.000000000000000000e+00,1.067333333333333467e+00,-1.144786784515404499e+01,5.134193291780726476e+00,2.668897498830398973e+01,3.702086852572085718e+01,5.455611057027275734e+01
2.000000000000000000e+00,1.072000000000000064e+00,-1.194438666028223217e+01,4.762288462741953943e+00,2.693734049093069061e+01,3.746977341601262879e+01,5.530437662815307220e+01
2.000000000000000000e+00,1.076666666666666661e+00,-1.243588612938119908e+01,4.390088988600503228e+00,2.715111683060431957e+01,3.788391006578315512e+01,5.606505798486598025e+01
2.000000000000000000e+00,1.081333333333333258e+00,-1.292221618961837670e+01,4.017673465829419754e+00,2.736394031279890271e+01,3.831949077196450304e+01,5.687005224866403807e+01
2.000000000000000000e+00,1.086000000000000076e+00,-1.340322995290888919e+01,3.645120398445376164e+00,2.762109565515225995e+01,3.874672555405209806e+01,5.799132527233920342e+01
2.000000000000000000e+00,1.090666666666666895e+00,-1.387878374695890571e+01,3.272508189625139785e+00,2.778299569370016187e+01,3.919587117748470462e+01,5.901384398674593967e+01
2.000000000000000000e+00,1.095333333333333492e+00,-1.434873725598310479e+01,2.899915063355653633e+00,2.798058164061885478e+01,3.964863566457339772e+01,6.013638253755193119e+01
2.000000000000000000e+00,1.100000000000000089e+00,-1.481295350549215506e+01,2.527419091080533864e+00,2.815853950762413405e+01,4.010797690888986011e+01,6.119125059794143340e+01
3.000000000000000000e+00,4.000000000000000222e-01,-1.102369972634849802e+02,-4.591400771782996060e+01,-1.949241402425079039e+00,2.233164993211657645e+01,3.054350763565674853e+01
3.000000000000000000e+00,4.046666666666666745e-01,-1.079597153887518175e+02,-4.516530727401171674e+01,-2.006881478074452829e+00,2.216811423384574908e+01,3.042383759503158203e+01
3.000000000000000000e+00,4.093333333333333823e-01,-1.062698970288787592e+02,-4.427372938877658015e+01,-2.134771649630238688e+00,2.192688501733172046e+01,3.037223657684746669e+01
3.000000000000000000e+00,4.140000000000000346e-01,-1.046090348125876659e+02,-4.370829508419640774e+01,-2.317747976771452834e+00,2.181843642857061383e+01,3.031169983172255300e+01
3.000000000000000000e+00,4.186666666666666869e-01,-1.029743682939291602e+02,-4.316107108520158420e+01,-2.395828241768636957e+00,2.150351875728895479e+01,3.020533351784901654e+01
3.000000000000000000e+00,4.233333333333333393e-01,-1.013674754600554166e+02,-4.253006646437493288e+01,-2.447866818992931126e+00,2.125811086928163007e+01,2.996902907889532486e+01
3.000000000000000000e+00,4.280000000000000471e-01,-9.952202417139309887e+01,-4.171951641528688270e+01,-2.574918257860492332e+00,2.099187472695151868e+01,2.978413462600780193e+01
3.000000000000000000e+00,4.326666666666666994e-01,-9.766174999882576913e+01,-4.094653350328231767e+01,-2.738129487666631778e+00,2.076473440671169257e+01,2.968062667196501891e+01
3.000000000000000000e+00,4.373333333333333517e-01,-9.583797701358297161e+01,-4.029475334901616179e+01,-2.873110567512355829e+00,2.053908763634099799e+01,2.943416966667698631e+01
3.000000000000000000e+00,4.420000000000000040e-01,-9.405039360601490728e+01,-3.963533146451592870e+01,-2.993940075873613438e+00,2.028855653738575171e+01,2.913477261245325067e+01
3.000000000000000000e+00,4.466666666666667118e-01,-9.229860880396523726e+01,-3.866896181954470535e+01,-3.098275943357676532e+00,2.001811724578835339e+01,2.890275634522888737e+01
3.000000000000000000e+00,4.513333333333333641e-01,-9.058179672522550163e+01,-3.791700941460983643e+01,-3.259825237525308061e+00,1.980399780063400428e+01,2.866342686284626495e+01
3.000000000000000000e+00,4.560000000000000164e-01,-8.889915167951949115e+01,-3.747102921402612452e+01,-3.287267268163441614e+00,1.954802090521284441e+01,2.844133802481556472e+01
3.000000000000000000e+00,4.606666666666666687e-01,-8.732803565679347457e+01,-3.701409647674010017e+01,-3.386958486314496142e+00,1.932156519958695995e+01,2.820605852641367406e+01
3.000000000000000000e+00,4.653333333333333766e-01,-8.588765831882955126e+01,-3.645410828368284228e+01,-3.489819202908309048e+00,1.905495729869059929e+01,2.794058791023264376e+01
3.000000000000000000e+00,4.700000000000000289e-01,-8.447304003812189421e+01,-3.581168841664292302e+01,-3.591363579432051090e+00,1.885401673757284868e+01,2.762401717311447769e+01
3.000000000000000000e+00,4.746666666666666812e-01,-8.311238363736768520e+01,-3.524606356268597551e+01,-3.795817709312988342e+00,1.855662937424524017e+01,2.736176177232256279e+01
3.000000000000000000e+00,4.793333333333333890e-01,-8.184705168797715658e+01,-3.486076075056288914e+01,-3.927721412115777078e+00,1.840894383989159167e+01,2.713891417028665742e+01
3.000000000000000000e+00,4.840000000000000413e-01,-8.056232878465453950e+01,-3.438268930272990787e+01,-4.033604908313095372e+00,1.822898655368681986e+01,2.688650215533878196e+01
3.000000000000000000e+00,4.886666666666666936e-01,-7.915443776505247797e+01,-3.371634316784649599e+01,-4.120202965037200293e+00,1.799232670163894099e+01,2.659649479904321012e+01
3.000000000000000000e+00,4.933333333333333459e-01,-7.779339095389275371e+01,-3.329124930287318307e+01,-4.188855473100963067e+00,1.769876315757822383e+01,2.638707633486892234e+01
3.000000000000000000e+00,4.979999999999999982e-01,-7.652809471869174729e+01,-3.273154318534967899e+01,-4.199042701300799152e+00,1.739683315660314378e+01,2.617143112492208346e+01
3.000000000000000000e+00,5.026666666666667060e-01,-7.528496678243320162e+01,-3.224875374019854490e+01,-4.284553706191163158e+00,1.716309371564673825e+01,2.594763408620567802e+01
3.000000000000000000e+00,5.073333333333334139e-01,-7.417357264287240071e+01,-3.189623109271747126e+01,-4.440589331362293279e+00,1.696794323497185175e+01,2.574819511538575512e+01
3.000000000000000000e+00,5.120000000000000107e-01,-7.298253909647965543e+01,-3.139535231393120540e+01,-4.593843981096267015e+00,1.676647961744824755e+01,2.548332444777404504e+01
3.000000000000000000e+00,5.166666666666667185e-01,-7.167176289547755630e+01,-3.069234266693015911e+01,-4.732508398299247077e+00,1.647091211379356324e+01,2.499496679411344857e+01
3.000000000000000000e+00,5.213333333333334263e-01,-7.049943363236691596e+01,-3.030169141491748164e+01,-4.828296686287461448e+00,1.610960524305868091e+01,2.449996095595450285e+01
3.000000000000000000e+00,5.260000000000000231e-01,-6.908697609143914065e+01,-2.978978818462870137e+01,-4.812357967813839288e+00,1.585807877214425332e+01,2.423928708983990887e+01
3.000000000000000000e+00,5.306666666666667309e-01,-6.794278326810656665e+01,-2.953481305825676628e+01,-4.890312079399064871e+00,1.551931405988300483e+01,2.400531424570598915e+01
3.000000000000000000e+00,5.353333333333333277e-01,-6.695565383747563715e+01,-2.910486251828508841e+01,-5.089242441593899713e+00,1.524189272458228039e+01,2.376524016136281503e+01
3.000000000000000000e+00,5.400000000000000355e-01,-6.598399715866963788e+01,-2.864569240630724423e+01,-5.194338216628716864e+00,1.507580376778358655e+01,2.342222988349798385e+01
3.000000000000000000e+00,5.446666666666666323e-01,-6.502836950624489987e+01,-2.821736178238671044e+01,-5.262121994692852134e+00,1.491095861315113957e+01,2.298718759900456021e+01
3.000000000000000000e+00,5.493333333333333401e-01,-6.408951806938786433e+01,-2.784410052630401466e+01,-5.288761814298792885e+00,1.474389206001143648e+01,2.258219038658861422e+01
3.000000000000000000e+00,5.540000000000000480e-01,-6.292673111740354841e+01,-2.768355376719808447e+01,-5.359026102164502703e+00,1.457462567159873146e+01,2.228084457761707782e+01
3.000000000000000000e+00,5.586666666666666448e-01,-6.191293443169757893e+01,-2.721610944293475498e+01,-5.425027554523452977e+00,1.440318153697203662e+01,2.195531740915005869e+01
3.000000000000000000e+00,5.633333333333333526e-01,-6.085220083270198899e+01,-2.679048584452191761e+01,-5.572254768397213454e+00,1.411519474083037018e+01,2.166847879302271096e+01
3.000000000000000000e+00,5.680000000000000604e-01,-5.974686231547603654e+01,-2.653076038166633310e+01,-5.716164521695706213e+00,1.396084212123854940e+01,2.137523140976379565e+01
3.000000000000000000e+00,5.726666666666666572e-01,-5.866450732188608441e+01,-2.615912198820064205e+01,-5.723435468140792182e+00,1.382106366028295241e+01,2.107563914282760109e+01
3.000000000000000000e+00,5.773333333333333650e-01,-5.771135582417189624e+01,-2.596563317748915267e+01,-5.803545299853920092e+00,1.352340197528532073e+01,2.076867381569198301e+01
3.000000000000000000e+00,5.820000000000000728e-01,-5.697883311324945055e+01,-2.567612766492939613e+01,-5.910757494328981565e+00,1.321985184932531254e+01,2.042135064707296266e+01
3.000000000000000000e+00,5.866666666666666696e-01,-5.605384721392826464e+01,-2.531093255865344105e+01,-6.050276736736069694e+00,1.291531975452760861e+01,1.992136322580571672e+01
3.000000000000000000e+00,5.913333333333333774e-01,-5.502009910989279007e+01,-2.505060349982272427e+01,-6.278317743613641255e+00,1.267288854238203832e+01,1.953417878657741369e+01
3.000000000000000000e+00,5.960000000000000853e-01,-5.406262675828046582e+01,-2.487447579488991423e+01,-6.348636315621789095e+00,1.237701236073830380e+01,1.923636557817935255e+01
3.000000000000000000e+00,6.006666666666666821e-01,-5.316619315094126819e+01,-2.443072868333572245e+01,-6.482373684154373095e+00,1.198568105759095559e+01,1.893092884527602138e+01
3.000000000000000000e+00,6.053333333333333899e-01,-5.226830566228273511e+01,-2.401906244803937795e+01,-6.435650407183465482e+00,1.161212944369038347e+01,1.856077137037963709e+01
3.000000000000000000e+00,6.100000000000000977e-01,-5.130400881801774204e+01,-2.346903294926568506e+01,-6.350312933343970734e+00,1.127528031761424288e+01,1.810743098457960087e+01
3.000000000000000000e+00,6.146666666666666945e-01,-5.035671760551115739e+01,-2.300868191657861317e+01,-6.316070779673056634e+00,1.093893887752492589e+01,1.764753540152091205e+01
3.000000000000000000e+00,6.193333333333334023e-01,-4.963581366758104707e+01,-2.247970724740240556e+01,-6.206649792432742174e+00,1.060429480177405459e+01,1.725936243299695860e+01
3.000000000000000000e+00,6.240000000000001101e-01,-4.885160958768478423e+01,-2.191562280028735898e+01,-6.216751741393294672e+00,1.027400914678602639e+01,1.694613082657236447e+01
3.000000000000000000e+00,6.286666666666667069e-01,-4.823878914425895204e+01,-2.143103753153972590e+01,-6.105044083048214887e+00,1.002251216420359725e+01,1.662828965690274075e+01
3.000000000000000000e+00,6.333333333333334147e-01,-4.763233877896676205e+01,-2.095625668931049290e+01,-6.115729632422750583e+00,9.644399662981966159e+00,1.630520271286120959e+01
3.000000000000000000e+00,6.380000000000000115e-01,-4.676688189868448831e+01,-2.055822303646619176e+01,-6.237976278995857271e+00,9.313136184630957715e+00,1.597775914942910092e+01
3.000000000000000000e+00,6.426666666666667194e-01,-4.573947410572893801e+01,-2.037835313943170235e+01,-6.320657148905509004e+00,8.902392633787329146e+00,1.564603835520029307e+01
3.000000000000000000e+00,6.473333333333333162e-01,-4.497148792372792059e+01,-2.012723247788603231e+01,-6.263884228422089251e+00,8.556755440328089435e+00,1.531012161177637054e+01
3.000000000000000000e+00,6.520000000000000240e-01,-4.410332692213928851e+01,-2.005112040101567317e+01,-6.339829062891226386e+00,8.209528376662245108e+00,1.495025075087848343e+01
3.000000000000000000e+00,6.566666666666667318e-01,-4.344987644631512325e+01,-1.998388449899136532e+01,-6.418985435555615737e+00,7.860782032758752536e+00,1.442792378258409336e+01
3.000000000000000000e+00,6.613333333333333286e-01,-4.276869654007045796e+01,-1.992859408805323795e+01,-6.529443431196101599e+00,7.510587455802890666e+00,1.389808102517466715e+01
3.000000000000000000e+00,6.660000000000000364e-01,-4.217106719107401602e+01,-1.992570369157014909e+01,-6.689340553333090966e+00,7.182198746015342472e+00,1.336196625135713845e+01
3.000000000000000000e+00,6.706666666666667442e-01,-4.150050861187851581e+01,-1.980980627285716622e+01,-6.751584237042017378e+00,6.834452526905010927e+00,1.305485481965831518e+01
3.000000000000000000e+00,6.753333333333333410e-01,-4.084034391332493641e+01,-1.957345175324411457e+01,-6.785149509443062499e+00,6.465549358069507591e+00,1.264214847409768261e+01
3.000000000000000000e+00,6.800000000000000488e-01,-4.045052892168248349e+01,-1.957798360724142839e+01,-6.820927719376448373e+00,6.224381014694764680e+00,1.211243366886711392e+01
3.000000000000000000e+00,6.846666666666667567e-01,-3.992295254446896280e+01,-1.940591174960692200e+01,-6.907769253647683350e+00,5.948924561972519065e+00,1.169890416337639039e+01
3.000000000000000000e+00,6.893333333333333535e-01,-3.926712796094857083e+01,-1.933968438576818372e+01,-6.974044969980479181e+00,5.641267912481470859e+00,1.139255423496902608e+01
3.000000000000000000e+00,6.940000000000000613e-01,-3.863808596428855680e+01,-1.917207526361715253e+01,-7.064581172168814760e+00,5.493299578763356728e+00,1.108372628912988489e+01
3.000000000000000000e+00,6.986666666666667691e-01,-3.818524165280383897e+01,-1.882432082157724551e+01,-7.146320767182816169e+00,5.280870818821253643e+00,1.077248713716536166e+01
3.000000000000000000e+00,7.033333333333333659e-01,-3.764057354299452385e+01,-1.868564136224668104e+01,-7.180311750451183528e+00,4.954137444453947658e+00,1.045201396161427532e+01
3.000000000000000000e+00,7.080000000000000737e-01,-3.703993992036392058e+01,-1.857191916542212340e+01,-7.182075387731959637e+00,4.796284099161270298e+00,1.014304676027620467e+01
3.000000000000000000e+00,7.126666666666667815e-01,-3.633955166295487516e+01,-1.845269516909162633e+01,-7.201714275856859970e+00,4.524478849029184069e+00,9.731213967845086188e+00
3.000000000000000000e+00,7.173333333333333783e-01,-3.567336465865295025e+01,-1.847267262052630343e+01,-7.319223002470142347e+00,4.499708662782047064e+00,9.268692141842326038e+00
3.000000000000000000e+00,7.219999999999999751e-01,-3.520867903112576158e+01,-1.828262443110927649e+01,-7.473810543157034303e+00,4.510171466292063336e+00,8.905602507736128715e+00
3.000000000000000000e+00,7.266666666666667940e-01,-3.458865894822549336e+01,-1.837923901102406887e+01,-7.584362298969136162e+00,4.286754879573170918e+00,8.586153520595372513e+00
3.000000000000000000e+00,7.313333333333333908e-01,-3.397018123290047953e+01,-1.839967894765896972e+01,-7.641965201937262364e+00,4.254502980357117714e+00,8.243060642053315235e+00
3.000000000000000000e+00,7.359999999999999876e-01,-3.359965232331655471e+01,-1.843721277456074503e+01,-7.706352407342183852e+00,4.149930889375340826e+00,7.965577939492581194e+00
3.000000000000000000e+00,7.406666666666666954e-01,-3.309357156424116653e+01,-1.844876019216357221e+01,-7.724977969155355950e+00,4.103940219135686185e+00,7.874263119354593776e+00
3.000000000000000000e+00,7.453333333333334032e-01,-3.281696703518911562e+01,-1.854966964890157044e+01,-7.835993329515242856e+00,3.888972097969848551e+00,7.582126919782316676e+00
3.000000000000000000e+00,7.500000000000000000e-01,-3.259727668309764681e+01,-1.847948986261182469e+01,-7.989550217232559426e+00,3.525643563375107536e+00,7.389870661280580677e+00
3.000000000000000000e+00,7.546666666666667078e-01,-3.238432091362073351e+01,-1.845543985608300375e+01,-7.982356405579384528e+00,3.143220116204229253e+00,7.196679054969433054e+00
3.000000000000000000e+00,7.593333333333334156e-01,-3.204911156493896129e+01,-1.854872907057034226e+01,-8.007319452143224936e+00,3.128406939762860439e+00,7.237715416943454549e+00
3.000000000000000000e+00,7.640000000000000124e-01,-3.142235856976547481e+01,-1.868110682896515584e+01,-8.030897548460934843e+00,3.123691936438055095e+00,7.393311939357383622e+00
3.000000000000000000e+00,7.686666666666667203e-01,-3.081890277590109406e+01,-1.868305252566033658e+01,-8.039467776558126388e+00,2.806403899557086579e+00,7.268368304529068347e+00
3.000000000000000000e+00,7.733333333333334281e-01,-3.028115795720187720e+01,-1.882731947308679565e+01,-7.870698590583605991e+00,2.601185336614190380e+00,7.632655765295081274e+00
3.000000000000000000e+00,7.780000000000000249e-01,-3.037533834852849424e+01,-1.881912909061980699e+01,-7.740179028390432592e+00,2.492862283241426447e+00,7.957852562397199847e+00
3.000000000000000000e+00,7.826666666666667327e-01,-2.999984894535938906e+01,-1.895124412811207293e+01,-7.632660967255619155e+00,2.336279288823357447e+00,8.196030008280340340e+00
3.000000000000000000e+00,7.873333333333334405e-01,-2.976756152887645612e+01,-1.906915382648482549e+01,-7.590527290739327526e+00,2.268010917967040019e+00,8.392119436105000219e+00
3.000000000000000000e+00,7.920000000000000373e-01,-2.986628208736867762e+01,-1.926280585205358520e+01,-7.738287048730912332e+00,2.132765209702053077e+00,8.603480671728142681e+00
3.000000000000000000e+00,7.966666666666667451e-01,-2.947556555336037221e+01,-1.947105996287664809e+01,-7.879843775290770402e+00,1.955178518416837985e+00,9.082297544464370986e+00
3.000000000000000000e+00,8.013333333333334529e-01,-2.903814075281179896e+01,-1.949666071924601241e+01,-7.946499799216375948e+00,1.923861886649033348e+00,9.580485822949601271e+00
3.000000000000000000e+00,8.060000000000000497e-01,-2.875602740598674600e+01,-1.942334841582044902e+01,-8.085736302155417832e+00,2.004333714959839252e+00,9.834035401974418278e+00
3.000000000000000000e+00,8.106666666666666465e-01,-2.856059600549487243e+01,-1.928211454115177403e+01,-8.237378721708886076e+00,2.021566145520775404e+00,1.022869921135753479e+01
3.000000000000000000e+00,8.153333333333334654e-01,-2.845215343529904217e+01,-1.922461467924171785e+01,-8.317367305733370131e+00,1.719293078496378024e+00,1.056079728010359275e+01
3.000000000000000000e+00,8.200000000000000622e-01,-2.813730214836059318e+01,-1.924632627256178452e+01,-8.264074194584171806e+00,1.533192160092784029e+00,1.101704305871729517e+01
3.000000000000000000e+00,8.246666666666666590e-01,-2.780950007874159269e+01,-1.934249181461172640e+01,-8.198558903191948133e+00,1.615490036206524094e+00,1.147679207536593182e+01
3.000000000000000000e+00,8.293333333333333668e-01,-2.757983852209469333e+01,-1.929868353440893713e+01,-8.212886343076441165e+00,1.382140300985156056e+00,1.185698139095191017e+01
3.000000000000000000e+00,8.340000000000000746e-01,-2.765378837347016017e+01,-1.937399548800825144e+01,-8.323186644985812066e+00,1.364947907373517788e+00,1.215707640177455673e+01
3.000000000000000000e+00,8.386666666666666714e-01,-2.756025986545251527e+01,-1.944002959667466257e+01,-8.334205772578950899e+00,1.234998087971169056e+00,1.246188979499836691e+01
3.000000000000000000e+00,8.433333333333333792e-01,-2.725887940549951338e+01,-1.964646037705583126e+01,-8.442386235709854247e+00,1.287617008330403268e+00,1.284182638456320547e+01
3.000000000000000000e+00,8.480000000000000870e-01,-2.727670902601067127e+01,-1.978967676961001487e+01,-8.504933014303436067e+00,1.560105128118738360e+00,1.330797096299016680e+01
3.000000000000000000e+00,8.526666666666666838e-01,-2.738037690458588358e+01,-1.993445690507326873e+01,-8.746918305287275430e+00,1.676898072637486026e+00,1.382371314593611977e+01
3.000000000000000000e+00,8.573333333333333917e-01,-2.728366612818442505e+01,-1.994680630255246001e+01,-8.756166235152653243e+00,1.916661084250388836e+00,1.425692016221238489e+01
3.000000000000000000e+00,8.620000000000000995e-01,-2.732247878971971744e+01,-2.009492479347651539e+01,-8.874011196689307823e+00,1.896935956171281745e+00,1.453623663540350286e+01
3.000000000000000000e+00,8.666666666666666963e-01,-2.758018480088032476e+01,-2.009680081345645419e+01,-9.012072166717462807e+00,1.904013693835457044e+00,1.481791976605071781e+01
3.000000000000000000e+00,8.713333333333334041e-01,-2.749505121480410352e+01,-1.999013364732378761e+01,-9.167790293823975034e+00,2.111539523036050969e+00,1.510237174103048829e+01
3.000000000000000000e+00,8.760000000000001119e-01,-2.736027569117687364e+01,-2.009798817102686641e+01,-9.388961185122688846e+00,1.954325589303902877e+00,1.551257185815150663e+01
3.000000000000000000e+00,8.806666666666667087e-01,-2.743124308202948214e+01,-2.021571542987832970e+01,-9.527304643465392076e+00,2.141415945155355161e+00,1.591304579378484441e+01
3.000000000000000000e+00,8.853333333333334165e-01,-2.756867245046750625e+01,-2.025018991659995038e+01,-9.614548896258083843e+00,2.286916673984437764e+00,1.638024808190927217e+01
3.000000000000000000e+00,8.900000000000001243e-01,-2.788205238191498481e+01,-2.041009477889053514e+01,-9.752078354180554243e+00,2.452954301711413265e+00,1.685642779047263318e+01
3.000000000000000000e+00,8.946666666666667211e-01,-2.797137805272592459e+01,-2.062347514172009255e+01,-9.947302874198548750e+00,2.566491608941172231e+00,1.733730310093101323e+01
3.000000000000000000e+00,8.993333333333333179e-01,-2.806297195477767659e+01,-2.069713808324255311e+01,-1.015717392441140277e+01,2.722851035802007047e+00,1.782301539664484125e+01
3.000000000000000000e+00,9.040000000000000258e-01,-2.830051365655317852e+01,-2.077464773221049299e+01,-1.035796972437695729e+01,3.150461276541633104e+00,1.831370830459445287e+01
3.000000000000000000e+00,9.086666666666667336e-01,-2.829853676583527644e+01,-2.090152282101990266e+01,-1.053371443728888934e+01,3.341496536171273402e+00,1.880952776559030681e+01
3.000000000000000000e+00,9.133333333333334414e-01,-2.830141618736795905e+01,-2.084277415083677099e+01,-1.077569215117640766e+01,3.449608350789706623e+00,1.931062210598290108e+01
3.000000000000000000e+00,9.180000000000000382e-01,-2.837315188904083740e+01,-2.085260558442268319e+01,-1.091784844683107991e+01,3.583159816354970939e+00,1.987752102841173141e+01
3.000000000000000000e+00,9.226666666666667460e-01,-2.860777470210955187e+01,-2.093567263468013095e+01,-1.100088931077702981e+01,3.861319504978337314e+00,2.049493712426324166e+01
3.000000000000000000e+00,9.273333333333334538e-01,-2.880840122332122277e+01,-2.091225460569418715e+01,-1.099426719013941423e+01,4.039355356225579285e+00,2.111963463511988337e+01
3.000000000000000000e+00,9.320000000000000506e-01,-2.899874527774985111e+01,-2.104356455526209047e+01,-1.116898367279923221e+01,4.342183487484810200e+00,2.175185292576043850e+01
3.000000000000000000e+00,9.366666666666667584e-01,-2.923685624776489078e+01,-2.111230854804897206e+01,-1.130045997600581842e+01,4.509620561298277153e+00,2.238998767264878609e+01
3.000000000000000000e+00,9.413333333333333552e-01,-2.953248950927070737e+01,-2.113400177543840996e+01,-1.142739037470274965e+01,4.688117103718288270e+00,2.303499433296092036e+01
3.000000000000000000e+00,9.460000000000000631e-01,-2.960425862078089665e+01,-2.116002248183783152e+01,-1.146159673464476825e+01,4.944827868938545201e+00,2.368822630957489395e+01
3.000000000000000000e+00,9.506666666666667709e-01,-2.969242669811377766e+01,-2.115869469072688602e+01,-1.153272013479331548e+01,5.188601154009448102e+00,2.434993979395189712e+01
3.000000000000000000e+00,9.553333333333333677e-01,-2.984970159772348097e+01,-2.118602754558676438e+01,-1.159147914602841567e+01,5.318653446456488965e+00,2.488323790176594130e+01
3.000000000000000000e+00,9.600000000000000755e-01,-2.999530543356789281e+01,-2.122165321756270728e+01,-1.171555679159780183e+01,5.579788478174641853e+00,2.539877658592527965e+01
3.000000000000000000e+00,9.646666666666667833e-01,-3.019166203142249927e+01,-2.134280764077545456e+01,-1.181750386891147286e+01,5.905469158374581973e+00,2.592088876948848508e+01
3.000000000000000000e+00,9.693333333333333801e-01,-3.030533689023158317e+01,-2.158322409376890150e+01,-1.192436886013701169e+01,6.232299551569112417e+00,2.654259129580817245e+01
3.000000000000000000e+00,9.740000000000000879e-01,-3.038973619758665734e+01,-2.163289878314632375e+01,-1.207397757555509443e+01,6.512141028372367302e+00,2.715850353336178458e+01
3.000000000000000000e+00,9.786666666666666847e-01,-3.053151214358914345e+01,-2.183483447872962913e+01,-1.209397859801584652e+01,6.690221573702316959e+00,2.770631041966504426e+01
3.000000000000000000e+00,9.833333333333333925e-01,-3.072242185739336762e+01,-2.202604797457977170e+01,-1.226900257480884804e+01,6.920609320054392555e+00,2.826758374980464339e+01
3.000000000000000000e+00,9.880000000000001004e-01,-3.090435807583473604e+01,-2.207473244913132859e+01,-1.231453446501463844e+01,7.099262734791134122e+00,2.888007666815112273e+01
3.000000000000000000e+00,9.926666666666666972e-01,-3.108949151395092869e+01,-2.210603354279574262e+01,-1.244494546987101558e+01,7.320631412260648396e+00,2.946394407678928573e+01
3.000000000000000000e+00,9.973333333333334050e-01,-3.128339135692390727e+01,-2.215814170947194484e+01,-1.239390117308471417e+01,7.737725822620733496e+00,3.005566405071516201e+01
3.000000000000000000e+00,1.002000000000000224e+00,-3.137435754998243098e+01,-2.217938498871437503e+01,-1.238892487956758970e+01,8.078110038402762427e+00,3.065541853168586428e+01
3.000000000000000000e+00,1.006666666666666821e+00,-3.139070749388359616e+01,-2.221919850268120555e+01,-1.248109719924456940e+01,8.327267417575827224e+00,3.126339304320508816e+01
3.000000000000000000e+00,1.011333333333333417e+00,-3.140000001330351864e+01,-2.223207779041631937e+01,-1.262847306222606747e+01,8.575650659937336329e+00,3.202289985427048435e+01
3.000000000000000000e+00,1.016000000000000014e+00,-3.142358316655565886e+01,-2.235253237279205152e+01,-1.263636937844387020e+01,8.816742198062465619e+00,3.282477183670462040e+01
3.000000000000000000e+00,1.020666666666666611e+00,-3.155541553790687814e+01,-2.226672898320473237e+01,-1.262021325915099013e+01,9.097626837584380510e+00,3.363934718042035854e+01
3.000000000000000000e+00,1.025333333333333430e+00,-3.164302860462020561e+01,-2.230314971785061218e+01,-1.280617505666566203e+01,9.344681007354031621e+00,3.446698899523802595e+01
3.000000000000000000e+00,1.030000000000000027e+00,-3.172939871457658256e+01,-2.237067864791053040e+01,-1.304163360025290608e+01,9.607830019658397447e+00,3.530806881023860200e+01
3.000000000000000000e+00,1.034666666666666845e+00,-3.174181497477553293e+01,-2.246271103403043767e+01,-1.307336332942269763e+01,9.870360455909157338e+00,3.616296684315575050e+01
3.000000000000000000e+00,1.039333333333333442e+00,-3.174768938464443124e+01,-2.257384569568334953e+01,-1.321127852942871606e+01,1.012059307069361758e+01,3.703207227759730813e+01
3.000000000000000000e+00,1.044000000000000039e+00,-3.176461948891747511e+01,-2.267432365082459000e+01,-1.321274866758410838e+01,1.031135928659400136e+01,3.789515302658799101e+01
3.000000000000000000e+00,1.048666666666666636e+00,-3.191937302591725967e+01,-2.273990551517347214e+01,-1.320830178493528884e+01,1.049791927336742248e+01,3.871820321714793067e+01
3.000000000000000000e+00,1.053333333333333455e+00,-3.207901091148799821e+01,-2.292374198416221986e+01,-1.320394242258135264e+01,1.079026159382250150e+01,3.953674271971280518e+01
3.000000000000000000e+00,1.058000000000000052e+00,-3.212558314758509681e+01,-2.299075546110424639e+01,-1.306854558512667630e+01,1.111251073861526173e+01,4.028570787073897463e+01
3.000000000000000000e+00,1.062666666666666870e+00,-3.211264330152426538e+01,-2.317559192975452476e+01,-1.313972709848690101e+01,1.143714103573381813e+01,4.104654927533958642e+01
3.000000000000000000e+00,1.067333333333333467e+00,-3.217486715619149606e+01,-2.346659903006373682e+01,-1.317986475925605205e+01,1.174558848063586680e+01,4.181926461054199962e+01
3.000000000000000000e+00,1.072000000000000064e+00,-3.217223453204344708e+01,-2.353556966030326691e+01,-1.306616996666842923e+01,1.209383214664154593e+01,4.260844966550822477e+01
3.000000000000000000e+00,1.076666666666666661e+00,-3.220481930694196393e+01,-2.364877513500900719e+01,-1.314539669841831149e+01,1.242603870872505745e+01,4.364507793276277425e+01
3.000000000000000000e+00,1.081333333333333258e+00,-3.233164113383280380e+01,-2.377890007870574962e+01,-1.315939463064233195e+01,1.276091797312121834e+01,4.465789129875906127e+01
3.000000000000000000e+00,1.086000000000000076e+00,-3.244957401408034769e+01,-2.389793172903004859e+01,-1.323606896241797415e+01,1.309926735479313997e+01,4.565169211225147450e+01
3.000000000000000000e+00,1.090666666666666895e+00,-3.253815738778882860e+01,-2.389409555317851286e+01,-1.329707736727053558e+01,1.344318996482492068e+01,4.655768202287577395e+01
3.000000000000000000e+00,1.095333333333333492e+00,-3.250893637913207357e+01,-2.393090978365066590e+01,-1.335347431867386803e+01,1.378663925353299113e+01,4.747687141963069735e+01
3.000000000000000000e+00,1.100000000000000089e+00,-3.257043611771910463e+01,-2.404096430601697065e+01,-1.327627364731129411e+01,1.411336834343915392e+01,4.841203247552643063e+01
4.000000000000000000e+00,4.000000000000000222e-01,-3.171877071022288774e+01,-2.439281729134322774e+01,-1.504506098187582808e+01,2.566391044944169764e+01,4.938911202938437128e+01
4.000000000000000000e+00,4.046666666666666745e-01,-3.053534028086511398e+01,-2.342114085478736385e+01,-1.460323465398127851e+01,2.492727129937153308e+01,4.852391712664391576e+01
4.000000000000000000e+00,4.093333333333333823e-01,-2.978779432569475816e+01,-2.266410813729848428e+01,-1.408145961747857378e+01,2.418612926797830198e+01,4.763167639633538641e+01
4.000000000000000000e+00,4.140000000000000346e-01,-2.903750306512733914e+01,-2.187233051642354198e+01,-1.351004581180831821e+01,2.333604671894149973e+01,4.643930851795895620e+01
4.000000000000000000e+00,4.186666666666666869e-01,-2.830018295282850005e+01,-2.111570729230669130e+01,-1.305494697900237000e+01,2.235989317981455926e+01,4.507602301098053488e+01
4.000000000000000000e+00,4.233333333333333393e-01,-2.752987535139031294e+01,-2.040869078575722639e+01,-1.252763883233814113e+01,2.122079147974559277e+01,4.381576749868062848e+01
4.000000000000000000e+00,4.280000000000000471e-01,-2.669653247183591560e+01,-1.965958003439896373e+01,-1.205324504855155610e+01,2.043109925413575212e+01,4.272029251136375194e+01
4.000000000000000000e+00,4.326666666666666994e-01,-2.575041276408460433e+01,-1.898347950572581055e+01,-1.150845407650662011e+01,1.923560026522314104e+01,4.159761455020321108e+01
4.000000000000000000e+00,4.373333333333333517e-01,-2.496942495794323591e+01,-1.821238896807334839e+01,-1.090802358017307583e+01,1.848960858748938563e+01,4.043175539136771590e+01
4.000000000000000000e+00,4.420000000000000040e-01,-2.429794159537679832e+01,-1.755978117322366927e+01,-1.044770440768696673e+01,1.785356791140738508e+01,3.907578453783844452e+01
4.000000000000000000e+00,4.466666666666667118e-01,-2.375789083111882150e+01,-1.703316901301061392e+01,-9.926212139423952863e+00,1.732125567308480996e+01,3.781799161685096067e+01
4.000000000000000000e+00,4.513333333333333641e-01,-2.321127704888738208e+01,-1.644329232260035667e+01,-9.388236499358106002e+00,1.657597951601320929e+01,3.604190871774007121e+01
4.000000000000000000e+00,4.560000000000000164e-01,-2.287074037333048437e+01,-1.584100243618845738e+01,-8.820827340524328264e+00,1.595713345823997109e+01,3.430501578011088526e+01
4.000000000000000000e+00,4.606666666666666687e-01,-2.222599473756487853e+01,-1.516407096873333771e+01,-8.202492020984436749e+00,1.534768408689599895e+01,3.334045429171865749e+01
4.000000000000000000e+00,4.653333333333333766e-01,-2.176670286321943948e+01,-1.459124499768285688e+01,-7.697322834578647743e+00,1.454885507798141120e+01,3.230171986256245020e+01
4.000000000000000000e+00,4.700000000000000289e-01,-2.108154382115098358e+01,-1.399838084906190439e+01,-7.235585911650977309e+00,1.422962070340521201e+01,3.113332974304423573e+01
4.000000000000000000e+00,4.746666666666666812e-01,-2.057217838322154790e+01,-1.349604075964381522e+01,-6.695827600516626177e+00,1.390331706328396599e+01,2.971952711520125590e+01
4.000000000000000000e+00,4.793333333333333890e-01,-2.020899962314049958e+01,-1.298986269259944493e+01,-6.263123869738735472e+00,1.345938053955241109e+01,2.854844664019047329e+01
4.000000000000000000e+00,4.840000000000000413e-01,-1.984990408659632521e+01,-1.262018113788965579e+01,-5.799105672661962529e+00,1.277155695744006358e+01,2.708121080805738856e+01
4.000000000000000000e+00,4.886666666666666936e-01,-1.920561474584347650e+01,-1.219973075088403824e+01,-5.390841231053538962e+00,1.174804573161406829e+01,2.547161898524358037e+01
4.000000000000000000e+00,4.933333333333333459e-01,-1.869136956133944949e+01,-1.177752308087904431e+01,-4.984048373013314048e+00,1.102321737227893372e+01,2.466897749592803635e+01
4.000000000000000000e+00,4.979999999999999982e-01,-1.860346110706334599e+01,-1.133088655950295909e+01,-4.555338300533247953e+00,9.766056997324092492e+00,2.423376363739805583e+01
4.000000000000000000e+00,5.026666666666667060e-01,-1.829748660138217531e+01,-1.096627986411305322e+01,-4.114258822835566320e+00,9.338684969033476335e+00,2.384393693337935005e+01
4.000000000000000000e+00,5.073333333333334139e-01,-1.823978812883959932e+01,-1.070946433117850560e+01,-3.740069895355330853e+00,8.701353819297139580e+00,2.293137463706493051e+01
4.000000000000000000e+00,5.120000000000000107e-01,-1.818741502572930813e+01,-1.034263981632244445e+01,-3.326888586313767604e+00,8.546478321746901585e+00,2.367089040867267968e+01
4.000000000000000000e+00,5.166666666666667185e-01,-1.815719194354149835e+01,-9.916566457336225326e+00,-2.937982610420216467e+00,8.438466102319635453e+00,2.277939059825756374e+01
4.000000000000000000e+00,5.213333333333334263e-01,-1.821093065163529801e+01,-9.693798665874872711e+00,-2.725897896851211755e+00,7.716950551642697498e+00,2.278331378618020864e+01
4.000000000000000000e+00,5.260000000000000231e-01,-1.803771329188650796e+01,-9.416032712662687487e+00,-2.344149856263191722e+00,7.820959053797201577e+00,2.358675662271666340e+01
4.000000000000000000e+00,5.306666666666667309e-01,-1.808499061143872311e+01,-9.216853486228121284e+00,-1.956587716769845997e+00,7.385140209104288367e+00,2.457080091615710060e+01
4.000000000000000000e+00,5.353333333333333277e-01,-1.809659886439090926e+01,-9.325054469080695796e+00,-1.736162813754935197e+00,7.471330601099037239e+00,2.455909031425415634e+01
4.000000000000000000e+00,5.400000000000000355e-01,-1.815490491801233830e+01,-9.248414617459875586e+00,-1.417607220400459056e+00,7.164404327096423941e+00,2.517342164608990274e+01
4.000000000000000000e+00,5.446666666666666323e-01,-1.833490207002726180e+01,-9.214761350777719073e+00,-1.139979650234089981e+00,6.534170262736679113e+00,2.488494583285472928e+01
4.000000000000000000e+00,5.493333333333333401e-01,-1.836778193996060793e+01,-9.634182310336203869e+00,-9.300125588846783753e-01,6.707025676501546130e+00,2.472690025458752316e+01
4.000000000000000000e+00,5.540000000000000480e-01,-1.825006208783634065e+01,-9.720676042599750488e+00,-6.361402629381309737e-01,7.177887202871772843e+00,2.428622956899375396e+01
4.000000000000000000e+00,5.586666666666666448e-01,-1.850680378182887864e+01,-9.854109789534792441e+00,-3.979120943108547248e-01,7.386080813455182970e+00,2.515003262663995187e+01
4.000000000000000000e+00,5.633333333333333526e-01,-1.936342245107775284e+01,-1.011266297946151482e+01,-3.583333241159273319e-01,7.668583127138443700e+00,2.498344179438356250e+01
4.000000000000000000e+00,5.680000000000000604e-01,-2.040188493590532914e+01,-1.038103582845980100e+01,-2.990184632927370689e-01,7.976683169118978789e+00,2.414675547293540703e+01
4.000000000000000000e+00,5.726666666666666572e-01,-2.132083427373484597e+01,-1.047332166868347159e+01,-4.434078543032930475e-01,8.334404952710178449e+00,2.439999445075832440e+01
4.000000000000000000e+00,5.773333333333333650e-01,-2.292520710705502651e+01,-1.046087696692431734e+01,-1.517650858089510113e-01,8.654445896726830512e+00,2.455259638382532827e+01
4.000000000000000000e+00,5.820000000000000728e-01,-2.453832808519939945e+01,-1.080803441254769659e+01,1.403327024159795045e-01,9.239040967124838133e+00,2.542072132668335271e+01
4.000000000000000000e+00,5.866666666666666696e-01,-2.615217972144779424e+01,-1.090725625690745559e+01,3.985686837134899685e-01,9.757581070186272854e+00,2.629312809161027431e+01
4.000000000000000000e+00,5.913333333333333774e-01,-2.776610687767339414e+01,-1.114139611311627398e+01,6.718874693112120156e-01,1.016189456174705086e+01,2.713699816279821064e+01
4.000000000000000000e+00,5.960000000000000853e-01,-2.937945156181919515e+01,-1.142769653675762775e+01,8.448181665612359836e-01,1.063024436432578312e+01,2.800045389359347325e+01
4.000000000000000000e+00,6.006666666666666821e-01,-3.099155337639538033e+01,-1.159024284989274456e+01,9.772266688771008569e-01,1.114140673315391261e+01,2.885224436457494335e+01
4.000000000000000000e+00,6.053333333333333899e-01,-3.250383594564572576e+01,-1.185584961937131432e+01,1.247628262785339004e+00,1.163152784738137946e+01,2.969732646413259047e+01
4.000000000000000000e+00,6.100000000000000977e-01,-3.400590324530093511e+01,-1.229406839150847652e+01,1.547189024114764333e+00,1.223228159034793805e+01,3.053632372786077553e+01
4.000000000000000000e+00,6.146666666666666945e-01,-3.581376947454196369e+01,-1.291698135304612371e+01,1.776668291698420221e+00,1.284391085526750587e+01,3.136984818910725537e+01
4.000000000000000000e+00,6.193333333333334023e-01,-3.741426096447234784e+01,-1.381084181087754281e+01,1.989195827382869375e+00,1.336468182052227860e+01,3.220362378845589291e+01
4.000000000000000000e+00,6.240000000000001101e-01,-3.901018478661626432e+01,-1.487661934751606196e+01,2.326154253119911530e+00,1.393442496292395738e+01,3.308902428384978833e+01
4.000000000000000000e+00,6.286666666666667069e-01,-4.060087402715247151e+01,-1.566055422462330782e+01,2.734583717693321869e+00,1.442144690032810139e+01,3.397593601786040551e+01
4.000000000000000000e+00,6.333333333333334147e-01,-4.218566220432474267e+01,-1.648128243574581830e+01,3.109636359870361577e+00,1.507823454026884669e+01,3.486480550134000822e+01
4.000000000000000000e+00,6.380000000000000115e-01,-4.376388342621320504e+01,-1.764956293246658703e+01,3.389183573987607279e+00,1.565812876573544443e+01,3.575607683891767152e+01
4.000000000000000000e+00,6.426666666666667194e-01,-4.540963960820202772e+01,-1.861414281441637186e+01,3.696987131430611306e+00,1.620997423423014538e+01,3.665019212879968791e+01
4.000000000000000000e+00,6.473333333333333162e-01,-4.715269463910129133e+01,-1.914388876930588168e+01,4.073840791379020665e+00,1.678488347818495896e+01,3.754759176276586174e+01
4.000000000000000000e+00,6.520000000000000240e-01,-4.888754977506319932e+01,-1.999641045002307749e+01,4.382292021090465006e+00,1.737619828673246047e+01,3.844871472331386997e+01
4.000000000000000000e+00,6.566666666666667318e-01,-5.061340510389639746e+01,-2.084171786999043263e+01,4.723326679999281907e+00,1.792992823708803130e+01,3.935399887820325660e+01
4.000000000000000000e+00,6.613333333333333286e-01,-5.232946277469773122e+01,-2.157077374943311554e+01,5.049873152568533641e+00,1.849482438018561936e+01,4.026388127265003192e+01
4.000000000000000000e+00,6.660000000000000364e-01,-5.403492751261848070e+01,-2.262305728958233075e+01,5.363199412827796664e+00,1.912251823300843867e+01,4.117879841941751096e+01
4.000000000000000000e+00,6.706666666666667442e-01,-5.572900704984407838e+01,-2.364651961965738991e+01,5.726718960715992068e+00,1.974861055816928257e+01,4.209918650123066186e+01
4.000000000000000000e+00,6.753333333333333410e-01,-5.741091288950018168e+01,-2.458984054437755873e+01,6.104674294228120246e+00,2.036565788486349149e+01,4.302548191657589882e+01
4.000000000000000000e+00,6.800000000000000488e-01,-5.907986056750029036e+01,-2.548156647844586331e+01,6.418266292638699966e+00,2.092841894664144320e+01,4.395812130395189143e+01
4.000000000000000000e+00,6.846666666666667567e-01,-6.074126221131402303e+01,-2.649543278606210350e+01,6.824824762755000940e+00,2.148485521645331531e+01,4.489754191357062751e+01
4.000000000000000000e+00,6.893333333333333535e-01,-6.238291631991159392e+01,-2.754850240691195751e+01,7.186233803386361529e+00,2.202047887977450458e+01,4.584418189053732817e+01
4.000000000000000000e+00,6.940000000000000613e-01,-6.400864229312090004e+01,-2.851577602350601381e+01,7.552134829945774896e+00,2.261622929984715569e+01,4.679848055735453016e+01
4.000000000000000000e+00,6.986666666666667691e-01,-6.561832002093005656e+01,-2.945921128753861495e+01,7.881178092596354823e+00,2.321957181315636376e+01,4.776087869598140401e+01
4.000000000000000000e+00,7.033333333333333659e-01,-6.721119297152658589e+01,-3.014062056433705195e+01,8.244567634750225693e+00,2.382797938009347405e+01,4.873181882967910639e+01
4.000000000000000000e+00,7.080000000000000737e-01,-6.878651175545856233e+01,-3.094038150430214884e+01,8.577111960421731851e+00,2.443962016551720851e+01,4.971174550487059918e+01
4.000000000000000000e+00,7.126666666666667815e-01,-7.069174321059125532e+01,-3.179380105729606498e+01,8.952378304134496645e+00,2.505137463841810685e+01,5.070110549455863236e+01
4.000000000000000000e+00,7.173333333333333783e-01,-7.226940841040809005e+01,-3.269401834749712776e+01,9.309916607347783923e+00,2.566569700117490882e+01,5.170034831835991440e+01
4.000000000000000000e+00,7.219999999999999751e-01,-7.387132139346192616e+01,-3.370572782878205942e+01,9.682382511856584273e+00,2.628538719449228012e+01,5.270992628686391157e+01
4.000000000000000000e+00,7.266666666666667940e-01,-7.564476270186375473e+01,-3.470293435540687454e+01,1.002296965675924412e+01,2.691051730831337352e+01,5.373029486597545912e+01
4.000000000000000000e+00,7.313333333333333908e-01,-7.748896565645661383e+01,-3.569569629171652991e+01,1.034095799965828277e+01,2.755310554993536343e+01,5.476191296226937766e+01
4.000000000000000000e+00,7.359999999999999876e-01,-7.992234335935759759e+01,-3.668372603702650991e+01,1.060685128854450099e+01,2.817927753299875704e+01,5.580157582218141243e+01
4.000000000000000000e+00,7.406666666666666954e-01,-8.231401293637884464e+01,-3.766673694262566841e+01,1.089768030391948805e+01,2.882368576745470179e+01,5.685254031988069556e+01
4.000000000000000000e+00,7.453333333333334032e-01,-8.394989929748432189e+01,-3.864444342735599491e+01,1.125315600163131080e+01,2.946899882827082706e+01,5.791608779958013997e+01
4.000000000000000000e+00,7.500000000000000000e-01,-8.555990701494258133e+01,-3.960981699574617920e+01,1.157637904275620322e+01,3.006625375825333535e+01,5.899269700238694014e+01
4.000000000000000000e+00,7.546666666666667078e-01,-8.714320752843194384e+01,-4.050635776926538512e+01,1.191567292993740779e+01,3.070577016474104326e+01,6.008285140485078557e+01
4.000000000000000000e+00,7.593333333333334156e-01,-8.869898637945311748e+01,-4.138552986315394122e+01,1.225833223015424700e+01,3.136098607765698532e+01,6.106776146273271877e+01
4.000000000000000000e+00,7.640000000000000124e-01,-9.022644353568551878e+01,-4.226458469991783318e+01,1.260136530738764016e+01,3.201927776295428885e+01,6.203615609681030918e+01
4.000000000000000000e+00,7.686666666666667203e-01,-9.172479405238708239e+01,-4.313691652484457251e+01,1.294628646582547660e+01,3.266139782511564960e+01,6.301742184357117793e+01
4.000000000000000000e+00,7.733333333333334281e-01,-9.319326863539482986e+01,-4.400228279695683398e+01,1.331090632229015469e+01,3.328458727186377075e+01,6.401209592666428705e+01
4.000000000000000000e+00,7.780000000000000249e-01,-9.463111419237348798e+01,-4.486044285401674614e+01,1.367423769363573527e+01,3.391094477607714452e+01,6.502910283010494652e+01
4.000000000000000000e+00,7.826666666666667327e-01,-9.603759437180561065e+01,-4.571115800544944108e+01,1.399757047362369988e+01,3.456637431270831939e+01,6.622104976304352419e+01
4.000000000000000000e+00,7.873333333333334405e-01,-9.742115237692978269e+01,-4.655419162452392356e+01,1.431498472083947249e+01,3.522602384493799121e+01,6.742975293203018339e+01
4.000000000000000000e+00,7.920000000000000373e-01,-9.893512453751756652e+01,-4.738930923974602649e+01,1.462411142090324745e+01,3.588990830349082017e+01,6.865568805359367843e+01
4.000000000000000000e+00,7.966666666666667451e-01,-1.004147944981400542e+02,-4.821627858181942372e+01,1.495208953765151882e+01,3.655547403378044891e+01,6.989933813872391966e+01
4.000000000000000000e+00,8.013333333333334529e-01,-1.016987909884880850e+02,-4.903486980469200773e+01,1.527184845970733917e+01,3.722581052450767913e+01,7.116119393747339927e+01
4.000000000000000000e+00,8.060000000000000497e-01,-1.028481346769747375e+02,-5.001570520122547236e+01,1.561093267295478704e+01,3.790318732822425574e+01,7.244175402958236987e+01
4.000000000000000000e+00,8.106666666666666465e-01,-1.039622500240200935e+02,-5.114520527192244970e+01,1.598484830240261267e+01,3.858868102646549403e+01,7.374152515945843334e+01
4.000000000000000000e+00,8.153333333333334654e-01,-1.050405950695012507e+02,-5.193805232781881642e+01,1.635919993740712641e+01,3.927943324557070071e+01,7.506102251610228393e+01
4.000000000000000000e+00,8.200000000000000622e-01,-1.060826480240143610e+02,-5.271291326874001015e+01,1.672417687981457846e+01,3.997561076597341412e+01,7.640077001820804981e+01
4.000000000000000000e+00,8.246666666666666590e-01,-1.071719159408587245e+02,-5.347809795823009438e+01,1.704487869458720795e+01,4.067738166247891485e+01,7.776130060464218730e+01
4.000000000000000000e+00,8.293333333333333668e-01,-1.082282843658550036e+02,-5.423339429063142347e+01,1.735758468039864866e+01,4.138172072163151682e+01,7.914315653050569210e+01
4.000000000000000000e+00,8.340000000000000746e-01,-1.092530533692503667e+02,-5.497859317657700728e+01,1.764856677586501377e+01,4.208684604677843311e+01,8.054688966899217917e+01
4.000000000000000000e+00,8.386666666666666714e-01,-1.102643655727402034e+02,-5.571348858288148875e+01,1.798221360201534580e+01,4.279827392168787270e+01,8.197306176147765200e+01
4.000000000000000000e+00,8.433333333333333792e-01,-1.112173835470316732e+02,-5.608295431181267077e+01,1.832249206058678936e+01,4.351617397101308882e+01,8.342224490522802682e+01
4.000000000000000000e+00,8.480000000000000870e-01,-1.121220996659404960e+02,-5.678170315236581445e+01,1.864713089381170974e+01,4.424071744943324802e+01,8.489502170004328718e+01
4.000000000000000000e+00,8.526666666666666838e-01,-1.129867043806910516e+02,-5.749223979183408773e+01,1.898656683348465535e+01,4.497207733575325506e+01,8.639136352095540872e+01
4.000000000000000000e+00,8.573333333333333917e-01,-1.138107880287490588e+02,-5.819182561278075383e+01,1.935135517548663131e+01,4.571042839001385261e+01,8.790988822215744847e+01
4.000000000000000000e+00,8.620000000000000995e-01,-1.145939645832341682e+02,-5.888026916847005765e+01,1.970939032751865483e+01,4.645594721126565219e+01,8.945383133347228011e+01
4.000000000000000000e+00,8.666666666666666963e-01,-1.153389034565178406e+02,-5.955738249915130211e+01,2.007293287385736136e+01,4.720881229603273255e+01,9.102382249173814444e+01
4.000000000000000000e+00,8.713333333333334041e-01,-1.160882997114618576e+02,-6.022298120338462013e+01,2.041702002872619204e+01,4.796920409748942404e+01,9.262050362076401200e+01
4.000000000000000000e+00,8.760000000000001119e-01,-1.171184701797341035e+02,-6.086913609329619135e+01,2.075916212067897249e+01,4.873730508537559558e+01,9.424452929874183837e+01
4.000000000000000000e+00,8.806666666666667087e-01,-1.184479548790978924e+02,-6.135914798893298183e+01,2.106236908562244992e+01,4.951329977122509263e+01,9.589656707652737566e+01
4.000000000000000000e+00,8.853333333333334165e-01,-1.193141597374010701e+02,-6.199798537336198478e+01,2.141281213832704822e+01,5.029737487653315497e+01,9.749693003473296926e+01
4.000000000000000000e+00,8.900000000000001243e-01,-1.195948503207815321e+02,-6.271046858616594477e+01,2.176475267673887259e+01,5.108971928798414552e+01,9.910639293623943047e+01
4.000000000000000000e+00,8.946666666666667211e-01,-1.198083925872525981e+02,-6.331756623678143114e+01,2.211823052116621113e+01,5.189052415638807503e+01,1.007486112727873575e+02
4.000000000000000000e+00,8.993333333333333179e-01,-1.199597218538112031e+02,-6.391214479860123987e+01,2.247328570310366302e+01,5.269998296067675625e+01,1.024244526728599709e+02
4.000000000000000000e+00,9.040000000000000258e-01,-1.201656758549259223e+02,-6.449481436325299910e+01,2.282995847112111676e+01,5.351829157279679805e+01,1.041348034608534192e+02
4.000000000000000000e+00,9.086666666666667336e-01,-1.205729288570434790e+02,-6.506311619335026819e+01,2.318828929680100970e+01,5.434564832352653241e+01,1.058805693130676673e+02
4.000000000000000000e+00,9.133333333333334414e-01,-1.209364426178911316e+02,-6.561920500352124463e+01,2.354831888072548907e+01,5.518225406924632637e+01,1.076626759288880777e+02
4.000000000000000000e+00,9.180000000000000382e-01,-1.209772176089220750e+02,-6.616216679088307728e+01,2.390515690833571938e+01,5.602831225968968454e+01,1.094820697177944453e+02
4.000000000000000000e+00,9.226666666666667460e-01,-1.209357005872837476e+02,-6.669185996690606544e+01,2.427363828809469837e+01,5.688402897265277147e+01,1.113397184279074992e+02
4.000000000000000000e+00,9.273333333333334538e-01,-1.210066519155724052e+02,-6.720814728716493391e+01,2.463901071253757635e+01,5.774961308622268774e+01,1.132366120919615184e+02
4.000000000000000000e+00,9.320000000000000506e-01,-1.211448989657834545e+02,-6.771089579874448816e+01,2.501349626760604039e+01,5.862527624694244821e+01,1.151737635399239963e+02
4.000000000000000000e+00,9.366666666666667584e-01,-1.212394850513639568e+02,-6.819997692193564376e+01,2.539340674071367232e+01,5.951219263265974035e+01,1.171522092315408656e+02
4.000000000000000000e+00,9.413333333333333552e-01,-1.220624835916583066e+02,-6.838522248734686571e+01,2.577174006765930514e+01,6.041413242876749479e+01,1.191730100326646777e+02
4.000000000000000000e+00,9.460000000000000631e-01,-1.227549570493481923e+02,-6.850111817529054292e+01,2.612389212663219951e+01,6.132676660159935977e+01,1.212372520116116448e+02
4.000000000000000000e+00,9.506666666666667709e-01,-1.231639234776637153e+02,-6.874248637547978547e+01,2.646839332345268403e+01,6.225032593656295177e+01,1.233460472563152450e+02
4.000000000000000000e+00,9.553333333333333677e-01,-1.237395589947369672e+02,-6.903812463554109513e+01,2.681789403167037378e+01,6.318656221706132925e+01,1.255005347130670259e+02
4.000000000000000000e+00,9.600000000000000755e-01,-1.242700743333026736e+02,-6.914551200746413429e+01,2.717560254574954826e+01,6.414116301008927223e+01,1.277018810476580200e+02
4.000000000000000000e+00,9.646666666666667833e-01,-1.247565607380355601e+02,-6.936780731255157662e+01,2.757300335336706354e+01,6.510800363686107062e+01,1.299512814561897756e+02
4.000000000000000000e+00,9.693333333333333801e-01,-1.251879860962177702e+02,-6.973293805685638347e+01,2.796675175934409552e+01,6.608735991607009908e+01,1.322499607943430249e+02
4.000000000000000000e+00,9.740000000000000879e-01,-1.251916461127183595e+02,-6.999042633117873891e+01,2.836122410940099314e+01,6.707951160931430934e+01,1.345991742898975758e+02
4.000000000000000000e+00,9.786666666666666847e-01,-1.244759718377923576e+02,-7.008324842950274558e+01,2.875804338355630563e+01,6.808474257315312173e+01,1.370002085758196131e+02
4.000000000000000000e+00,9.833333333333333925e-01,-1.237310771102262663e+02,-7.016238161911789462e+01,2.915725932019858746e+01,6.910330814224079177e+01,1.394543826764716812e+02
4.000000000000000000e+00,9.880000000000001004e-01,-1.229247449375750136e+02,-7.037171680793109374e+01,2.956366911254209384e+01,7.013163778124719272e+01,1.419630490216376586e+02
4.000000000000000000e+00,9.926666666666666972e-01,-1.226757310507779835e+02,-7.072634767308595372e+01,2.995363795073581059e+01,7.117380608506334738e+01,1.445275944893647591e+02
4.000000000000000000e+00,9.973333333333334050e-01,-1.217154316024953431e+02,-7.106742404824525750e+01,3.034601693147403267e+01,7.220400642458963603e+01,1.471494414786568541e+02
4.000000000000000000e+00,1.002000000000000224e+00,-1.207110201143341470e+02,-7.139487393398894710e+01,3.074085139791666421e+01,7.324252015765985391e+01,1.498300490130827711e+02
4.000000000000000000e+00,1.006666666666666821e+00,-1.196632223340646988e+02,-7.170799682658518748e+01,3.113818701770235009e+01,7.431141000825068943e+01,1.525709138024255083e+02
4.000000000000000000e+00,1.011333333333333417e+00,-1.185746825987193773e+02,-7.187633735548848790e+01,3.153806984050754636e+01,7.540445317845669138e+01,1.553735716330783703e+02
4.000000000000000000e+00,1.016000000000000014e+00,-1.176027057064278694e+02,-7.221439776577430791e+01,3.194054625481128795e+01,7.651227466704391134e+01,1.582395983497737291e+02
4.000000000000000000e+00,1.020666666666666611e+00,-1.171977488699990744e+02,-7.238631253422278178e+01,3.234101579324095610e+01,7.764896307996582436e+01,1.611706111679516198e+02
4.000000000000000000e+00,1.025333333333333430e+00,-1.167533701337338528e+02,-7.227598234373508035e+01,3.274671162741192632e+01,7.880283455534073767e+01,1.641682699491814219e+02
4.000000000000000000e+00,1.030000000000000027e+00,-1.162741932753551026e+02,-7.259026833979564231e+01,3.315515160387107585e+01,7.997336723908404110e+01,1.672342785146583708e+02
4.000000000000000000e+00,1.034666666666666845e+00,-1.157574252763049856e+02,-7.276115179399873512e+01,3.356638156784458715e+01,8.113883770920696747e+01,1.703703859981124253e+02
4.000000000000000000e+00,1.039333333333333442e+00,-1.152022776831705499e+02,-7.313344971281608764e+01,3.398579353278447002e+01,8.231509235526340262e+01,1.735783882395031128e+02
4.000000000000000000e+00,1.044000000000000039e+00,-1.144791610328769877e+02,-7.361823105457224869e+01,3.442453446606833012e+01,8.350748083009874279e+01,1.768601292209298208e+02
4.000000000000000000e+00,1.048666666666666636e+00,-1.135005723147487799e+02,-7.405815548133222137e+01,3.486643376986955900e+01,8.471631353095848738e+01,1.802175024699959636e+02
4.000000000000000000e+00,1.053333333333333455e+00,-1.117560215255043374e+02,-7.424499360979316975e+01,3.531155118789086345e+01,8.594334554798123804e+01,1.836524528125696634e+02
4.000000000000000000e+00,1.058000000000000052e+00,-1.108877944991605773e+02,-7.436968936242865880e+01,3.575994694627139836e+01,8.720025098992762480e+01,1.871669777170762643e+02
4.000000000000000000e+00,1.062666666666666870e+00,-1.096164011947120116e+02,-7.447971577049578684e+01,3.621168178349517319e+01,8.847519881187986357e+01,1.907631289900637341e+02
4.000000000000000000e+00,1.067333333333333467e+00,-1.086360025034009169e+02,-7.457507053661410623e+01,3.666681696183425743e+01,8.976853793077512478e+01,1.944430144462928922e+02
4.000000000000000000e+00,1.072000000000000064e+00,-1.074763615077407763e+02,-7.465575588227154924e+01,3.708847843139421485e+01,9.108062327185282925e+01,1.982087996306655384e+02
4.000000000000000000e+00,1.076666666666666661e+00,-1.060494260766297288e+02,-7.468657584695461082e+01,3.749057840041416512e+01,9.241181590431021675e+01,2.019870780002569575e+02
4.000000000000000000e+00,1.081333333333333258e+00,-1.052291170800575202e+02,-7.456754880181709666e+01,3.789566344449946200e+01,9.376455767247747985e+01,2.057380329743301388e+02
4.000000000000000000e+00,1.086000000000000076e+00,-1.044237474687692782e+02,-7.469620027877061830e+01,3.830377422996994596e+01,9.514049555443060058e+01,2.095670264729480436e+02
4.000000000000000000e+00,1.090666666666666895e+00,-1.035894843225989064e+02,-7.474695081135931218e+01,3.876273592195586559e+01,9.652374329299556166e+01,2.134759042871351369e+02
4.000000000000000000e+00,1.095333333333333492e+00,-1.030302771447455967e+02,-7.476254585514716666e+01,3.923179580042642556e+01,9.793510353025958182e+01,2.174665582589971677e+02
4.000000000000000000e+00,1.100000000000000089e+00,-1.024848267430222535e+02,-7.476356442049922180e+01,3.970453026490734771e+01,9.936747350586655614e+01,2.215409273404526402e+02
5.000000000000000000e+00,4.000000000000000222e-01,-8.590147870194667235e+01,-5.266493728646836558e+01,-1.606187190700914513e+01,1.471097057581783645e+02,4.865792867310422025e+02
5.000000000000000000e+00,4.046666666666666745e-01,-8.674847909429034587e+01,-5.303378936131758081e+01,-1.644562270350726862e+01,1.449875798441765085e+02,4.768151751028531180e+02
5.000000000000000000e+00,4.093333333333333823e-01,-8.725910328698181218e+01,-5.370033695057611567e+01,-1.721839131990353522e+01,1.429179028248895804e+02,4.672696719300687960e+02
5.000000000000000000e+00,4.140000000000000346e-01,-8.764871224050247633e+01,-5.420018159888119413e+01,-1.770869628056293976e+01,1.408996412773591942e+02,4.579375621213823706e+02
5.000000000000000000e+00,4.186666666666666869e-01,-8.835687730625207337e+01,-5.477874908242388585e+01,-1.816789211758351996e+01,1.389389546620123213e+02,4.488137633650615044e+02
5.000000000000000000e+00,4.233333333333333393e-01,-8.885431989088826299e+01,-5.495849629737480768e+01,-1.870724165678826978e+01,1.370277023429615610e+02,4.398933220765478609e+02
5.000000000000000000e+00,4.280000000000000471e-01,-8.932476584018043297e+01,-5.542497312439155621e+01,-1.978068263971278995e+01,1.351620430825540211e+02,4.311570951234018594e+02
5.000000000000000000e+00,4.326666666666666994e-01,-8.985912383059306308e+01,-5.587590289949074673e+01,-2.071600598406412175e+01,1.333411229479334281e+02,4.226041535733026535e+02
5.000000000000000000e+00,4.373333333333333517e-01,-9.020662301706622088e+01,-5.614525007334123075e+01,-2.112093834355501798e+01,1.315641113727063782e+02,4.142422044905612211e+02
5.000000000000000000e+00,4.420000000000000040e-01,-9.061354941611062941e+01,-5.656959023616118998e+01,-2.118735968912429257e+01,1.298302006239860020e+02,4.058567658084615459e+02
5.000000000000000000e+00,4.466666666666667118e-01,-9.100174846311507793e+01,-5.712065507675157505e+01,-2.190550944315549486e+01,1.281386052858833295e+02,3.968168813941920803e+02
5.000000000000000000e+00,4.513333333333333641e-01,-9.179166046565509873e+01,-5.721488692253473829e+01,-2.203312733982281912e+01,1.264898068617790301e+02,3.880295734378297539e+02
5.000000000000000000e+00,4.560000000000000164e-01,-9.176399505361915487e+01,-5.744650733674178156e+01,-2.185226593555857022e+01,1.248970578175322856e+02,3.794876241464651798e+02
5.000000000000000000e+00,4.606666666666666687e-01,-9.287604045926626384e+01,-5.758767972479886765e+01,-2.214738130885201173e+01,1.233463674738667635e+02,3.711803160755223985e+02
5.000000000000000000e+00,4.653333333333333766e-01,-9.329513408175122890e+01,-5.795764992466238397e+01,-2.245618351930338008e+01,1.218369958339293078e+02,3.630803727090665802e+02
5.000000000000000000e+00,4.700000000000000289e-01,-9.425303462344375305e+01,-5.838567896904277177e+01,-2.281203059298279712e+01,1.203682247115835082e+02,3.552075154260547265e+02
5.000000000000000000e+00,4.746666666666666812e-01,-9.495372741964675356e+01,-5.873365311335897587e+01,-2.315338791056198176e+01,1.189393572111498827e+02,3.475553326203589108e+02
5.000000000000000000e+00,4.793333333333333890e-01,-9.617857079225328221e+01,-5.896517550837937449e+01,-2.345458342757820702e+01,1.175497172754877795e+02,3.401176197997027089e+02
5.000000000000000000e+00,4.840000000000000413e-01,-9.759736007976664496e+01,-5.945766820962886356e+01,-2.346483704941909210e+01,1.161986492488679659e+02,3.328883727587967769e+02
5.000000000000000000e+00,4.886666666666666936e-01,-9.856942855358214217e+01,-5.972219529976830188e+01,-2.368650806584224711e+01,1.148855174542704418e+02,3.258617809983243205e+02
5.000000000000000000e+00,4.933333333333333459e-01,-9.991963815529459225e+01,-5.986550758544786532e+01,-2.359472177944111948e+01,1.136097057847558176e+02,3.190376470169041454e+02
5.000000000000000000e+00,4.979999999999999982e-01,-1.013254922313330013e+02,-6.012659591987810614e+01,-2.381219268788586518e+01,1.123706173085711555e+02,3.131866937870105971e+02
5.000000000000000000e+00,5.026666666666667060e-01,-1.020366397309605730e+02,-6.031114653142779503e+01,-2.422634309664013585e+01,1.111657256341737252e+02,3.074585414376064705e+02
5.000000000000000000e+00,5.073333333333334139e-01,-1.023473641725480121e+02,-6.068590612886199409e+01,-2.463836473131635785e+01,1.099735817872842460e+02,3.010792377049448305e+02
5.000000000000000000e+00,5.120000000000000107e-01,-1.035984120373574768e+02,-6.119233540472198030e+01,-2.504817833863955912e+01,1.088418067647729686e+02,2.948097327103722591e+02
5.000000000000000000e+00,5.166666666666667185e-01,-1.056921421621774471e+02,-6.119266658408177761e+01,-2.545570489690224392e+01,1.077449389078898037e+02,2.887188087458866335e+02
5.000000000000000000e+00,5.213333333333334263e-01,-1.071144110872241271e+02,-6.184895175500929554e+01,-2.569582767560414283e+01,1.066824654503147798e+02,2.828912749336720367e+02
5.000000000000000000e+00,5.260000000000000231e-01,-1.077514540369682692e+02,-6.209633691568557623e+01,-2.562879226157660995e+01,1.056538910987935509e+02,2.775785732787144866e+02
5.000000000000000000e+00,5.306666666666667309e-01,-1.092025364170423671e+02,-6.348716172935517221e+01,-2.556012002125159199e+01,1.046587377182276981e+02,2.723849496389404976e+02
5.000000000000000000e+00,5.353333333333333277e-01,-1.102072164550500020e+02,-6.407554105410331147e+01,-2.547732464748644077e+01,1.036965440286038529e+02,2.672984256737323108e+02
5.000000000000000000e+00,5.400000000000000355e-01,-1.115181899758292730e+02,-6.507959453180980347e+01,-2.534896134787716804e+01,1.027668653135125538e+02,2.623247958860382028e+02
5.000000000000000000e+00,5.446666666666666323e-01,-1.123061026616271647e+02,-6.583414552271486286e+01,-2.521957345560935337e+01,1.018122952240941288e+02,2.574633659755112376e+02
5.000000000000000000e+00,5.493333333333333401e-01,-1.134921612815068670e+02,-6.625784098244047016e+01,-2.508917955807310562e+01,1.007550351545594935e+02,2.527115164289402856e+02
5.000000000000000000e+00,5.540000000000000480e-01,-1.142009901850168916e+02,-6.631323610706149907e+01,-2.495779806019881875e+01,9.972149953358199070e+01,2.480666957377189021e+02
5.000000000000000000e+00,5.586666666666666448e-01,-1.146555978205234680e+02,-6.669699238251889994e+01,-2.482544717343463958e+01,9.871135794282550080e+01,2.435264184406077561e+02
5.000000000000000000e+00,5.633333333333333526e-01,-1.154240271703813221e+02,-6.766922706378463204e+01,-2.469214491794483024e+01,9.772016726743991910e+01,2.390882633571679037e+02
5.000000000000000000e+00,5.680000000000000604e-01,-1.156247749413835493e+02,-6.859018178923537334e+01,-2.446934289208268609e+01,9.682502527403761405e+01,2.347498718721085709e+02
5.000000000000000000e+00,5.726666666666666572e-01,-1.156574021348174455e+02,-6.948031085949661190e+01,-2.423014386277436927e+01,9.620315083698615410e+01,2.305089462690310427e+02
5.000000000000000000e+00,5.773333333333333650e-01,-1.160560799289245608e+02,-7.045459143985084438e+01,-2.399059257804689338e+01,9.558547610992090426e+01,2.263632481120998250e+02
5.000000000000000000e+00,5.820000000000000728e-01,-1.162024596101354206e+02,-7.149905390174343722e+01,-2.361014041688976306e+01,9.493917559984352295e+01,2.223105966742196244e+02
5.000000000000000000e+00,5.866666666666666696e-01,-1.165505414174886454e+02,-7.278930590443520998e+01,-2.328487198457725071e+01,9.375744153767432465e+01,2.183488675337473808e+02
5.000000000000000000e+00,5.913333333333333774e-01,-1.173426711763229235e+02,-7.273616658214825748e+01,-2.286609601192481023e+01,9.280785286828344738e+01,2.144759907186988812e+02
5.000000000000000000e+00,5.960000000000000853e-01,-1.175538427316136278e+02,-7.325269175843648384e+01,-2.236094147545633604e+01,9.178979541694147315e+01,2.106899496419140405e+02
5.000000000000000000e+00,6.006666666666666821e-01,-1.185996574354926736e+02,-7.396386063398321653e+01,-2.188136169196203795e+01,9.107291019023492140e+01,2.069887795758206437e+02
5.000000000000000000e+00,6.053333333333333899e-01,-1.186719929597062873e+02,-7.472515885854382134e+01,-2.145019735009474715e+01,9.017011983011906295e+01,2.033705662933201950e+02
5.000000000000000000e+00,6.100000000000000977e-01,-1.185700302722477488e+02,-7.527779693496829339e+01,-2.112491089856789728e+01,8.925738743672523867e+01,1.998334447475408240e+02
5.000000000000000000e+00,6.146666666666666945e-01,-1.191522552683734659e+02,-7.575384958992198392e+01,-2.082767565101536889e+01,8.836920753058404898e+01,1.963755977893189879e+02
5.000000000000000000e+00,6.193333333333334023e-01,-1.198748416622600672e+02,-7.619714093389019638e+01,-2.061937036043620708e+01,8.750522854023239461e+01,1.929952549213100781e+02
5.000000000000000000e+00,6.240000000000001101e-01,-1.205749885237927543e+02,-7.665831906806343454e+01,-2.054435383596186426e+01,8.676977079057432718e+01,1.899361276348552394e+02
5.000000000000000000e+00,6.286666666666667069e-01,-1.215558125177830391e+02,-7.723557152020224237e+01,-2.041936186565132516e+01,8.630308352373528180e+01,1.870351547268237482e+02
5.000000000000000000e+00,6.333333333333334147e-01,-1.225255952342294705e+02,-7.799277810977912395e+01,-2.006772932273897325e+01,8.563618470392620452e+01,1.842253218121651344e+02
5.000000000000000000e+00,6.380000000000000115e-01,-1.226772212325438574e+02,-7.874550049798352802e+01,-1.969219631027576511e+01,8.547626156388187724e+01,1.814959869090578763e+02
5.000000000000000000e+00,6.426666666666667194e-01,-1.227957408987943921e+02,-7.947777618632484575e+01,-1.952694866437047239e+01,8.464885203698479188e+01,1.788537029263485181e+02
5.000000000000000000e+00,6.473333333333333162e-01,-1.233144714244182154e+02,-8.016864917426646286e+01,-1.928283943667847211e+01,8.403031188003939178e+01,1.762966301548889021e+02
5.000000000000000000e+00,6.520000000000000240e-01,-1.229236340350355761e+02,-8.061223479310331186e+01,-1.907169531851752353e+01,8.342263910143080352e+01,1.738221638392006128e+02
5.000000000000000000e+00,6.566666666666667318e-01,-1.229195429096668022e+02,-8.068799187394483852e+01,-1.892389275625540535e+01,8.272346817499492033e+01,1.714291346329906389e+02
5.000000000000000000e+00,6.613333333333333286e-01,-1.229911873880066082e+02,-8.091923214634351780e+01,-1.863867496019091163e+01,8.218919961877195135e+01,1.691163880685194556e+02
5.000000000000000000e+00,6.660000000000000364e-01,-1.237989936662117572e+02,-8.084982519473852847e+01,-1.846085780495106121e+01,8.164815951767478452e+01,1.667483583323659957e+02
5.000000000000000000e+00,6.706666666666667442e-01,-1.240868679247075477e+02,-8.101873467006748797e+01,-1.828851117064711929e+01,8.115715491281473248e+01,1.640045146027367480e+02
5.000000000000000000e+00,6.753333333333333410e-01,-1.242767906593315956e+02,-8.129340572687830502e+01,-1.811612024631353535e+01,8.030981262852900215e+01,1.612688590709395271e+02
5.000000000000000000e+00,6.800000000000000488e-01,-1.246843121109616277e+02,-8.172827956964636087e+01,-1.794369708989129109e+01,7.953715165663874131e+01,1.585699350629470246e+02
5.000000000000000000e+00,6.846666666666667567e-01,-1.252993991628487294e+02,-8.185651386481549707e+01,-1.777125358246255615e+01,7.941842262460907875e+01,1.561495402607338292e+02
5.000000000000000000e+00,6.893333333333333535e-01,-1.255721189095383323e+02,-8.200955257797049569e+01,-1.759880143167827526e+01,7.928296186835969195e+01,1.536476215383861188e+02
5.000000000000000000e+00,6.940000000000000613e-01,-1.251990444342633424e+02,-8.223845019884058161e+01,-1.742635217514252588e+01,7.835252996755036747e+01,1.512024104960217699e+02
5.000000000000000000e+00,6.986666666666667691e-01,-1.247837865580202532e+02,-8.236782136621587824e+01,-1.725391718375270855e+01,7.760173658644345096e+01,1.488127038048560564e+02
5.000000000000000000e+00,7.033333333333333659e-01,-1.234637351143446153e+02,-8.204522973033705568e+01,-1.708150766499446860e+01,7.719514454329376463e+01,1.464773290751751631e+02
5.000000000000000000e+00,7.080000000000000737e-01,-1.238277689361245280e+02,-8.195253211286825490e+01,-1.672877157852779817e+01,7.634513183382860291e+01,1.441951440852655537e+02
5.000000000000000000e+00,7.126666666666667815e-01,-1.232875908256340978e+02,-8.215593458635798640e+01,-1.653795883031338576e+01,7.616952174531523667e+01,1.419650361247932437e+02
5.000000000000000000e+00,7.173333333333333783e-01,-1.227063919466655904e+02,-8.182309695649246351e+01,-1.625802924393612869e+01,7.607180223440028044e+01,1.397798199249865263e+02
5.000000000000000000e+00,7.219999999999999751e-01,-1.219772025530444921e+02,-8.179129199743886147e+01,-1.595718117386467583e+01,7.594853255443962325e+01,1.376023672589311104e+02
5.000000000000000000e+00,7.266666666666667940e-01,-1.218172752857906431e+02,-8.146347654856907639e+01,-1.579154539932892121e+01,7.577586014678594495e+01,1.355869866586106411e+02
5.000000000000000000e+00,7.313333333333333908e-01,-1.223352935817399043e+02,-8.087559332947469670e+01,-1.552267172419035646e+01,7.531223037008378185e+01,1.343485991784652640e+02
5.000000000000000000e+00,7.359999999999999876e-01,-1.228041521517913139e+02,-8.020704538600195121e+01,-1.536037797932541338e+01,7.468453717618869803e+01,1.332581758504847471e+02
5.000000000000000000e+00,7.406666666666666954e-01,-1.232235535329256351e+02,-7.990217120326508393e+01,-1.514504922014670818e+01,7.430226293520701120e+01,1.321705931083726000e+02
5.000000000000000000e+00,7.453333333333334032e-01,-1.233997813774553265e+02,-7.988015184733239948e+01,-1.495126781749394951e+01,7.397133524901616397e+01,1.313596283253345973e+02
5.000000000000000000e+00,7.500000000000000000e-01,-1.222996795832879400e+02,-7.950236771780419076e+01,-1.472112143257707650e+01,7.375372988072921032e+01,1.304113144422537403e+02
5.000000000000000000e+00,7.546666666666667078e-01,-1.211519776237883121e+02,-7.941765660995268661e+01,-1.444805903497155342e+01,7.357158259351695051e+01,1.290612693468325176e+02
5.000000000000000000e+00,7.593333333333334156e-01,-1.199468556934788523e+02,-7.933774713160855185e+01,-1.427412100295321551e+01,7.356299034008051763e+01,1.277699105111092592e+02
5.000000000000000000e+00,7.640000000000000124e-01,-1.197230634038883750e+02,-7.931958709102177352e+01,-1.414351629006175415e+01,7.367663123108575007e+01,1.266224649954413479e+02
5.000000000000000000e+00,7.686666666666667203e-01,-1.195894905889018389e+02,-7.927424888657985491e+01,-1.390511981400438657e+01,7.366879724366306448e+01,1.264925742557885116e+02
5.000000000000000000e+00,7.733333333333334281e-01,-1.183442510602731517e+02,-7.908115256222687606e+01,-1.379388697659272722e+01,7.282321898303000296e+01,1.261086207525349039e+02
5.000000000000000000e+00,7.780000000000000249e-01,-1.177812146997052309e+02,-7.915473835419957993e+01,-1.357513798071469324e+01,7.210482261909459112e+01,1.254511650167667938e+02
5.000000000000000000e+00,7.826666666666667327e-01,-1.180497665342344931e+02,-7.835262041031803903e+01,-1.346463636422635091e+01,7.162692134006971401e+01,1.249560274652043148e+02
5.000000000000000000e+00,7.873333333333334405e-01,-1.179371953396728401e+02,-7.768502994881508528e+01,-1.335560715848952995e+01,7.130421479023065956e+01,1.245075452696422076e+02
5.000000000000000000e+00,7.920000000000000373e-01,-1.170165293943524887e+02,-7.771950768720289204e+01,-1.322018988416839491e+01,7.055390849848947710e+01,1.249815434900753530e+02
5.000000000000000000e+00,7.966666666666667451e-01,-1.159223600063462953e+02,-7.708327264712399085e+01,-1.307844664592256834e+01,7.041545453407697153e+01,1.237436562463835514e+02
5.000000000000000000e+00,8.013333333333334529e-01,-1.146292441770840895e+02,-7.690918599986980553e+01,-1.292071211892712412e+01,7.031052707274352542e+01,1.228369286200829578e+02
5.000000000000000000e+00,8.060000000000000497e-01,-1.139655019626445807e+02,-7.667903266265636830e+01,-1.268573958647994004e+01,7.021759348459124794e+01,1.228876892696560361e+02
5.000000000000000000e+00,8.106666666666666465e-01,-1.135545124744975283e+02,-7.650840652177568302e+01,-1.236779456818596046e+01,7.023510118404310276e+01,1.221339476096184455e+02
5.000000000000000000e+00,8.153333333333334654e-01,-1.134427419666166941e+02,-7.562573172955774226e+01,-1.217295623661517290e+01,7.018223587820563125e+01,1.212360707492373706e+02
5.000000000000000000e+00,8.200000000000000622e-01,-1.134812409860889346e+02,-7.537883723129151292e+01,-1.199179445516145925e+01,7.014403083395426108e+01,1.201474752443154159e+02
5.000000000000000000e+00,8.246666666666666590e-01,-1.135049748957037821e+02,-7.503725630913538680e+01,-1.172929413414044753e+01,6.991253153033422052e+01,1.202488338594988306e+02
5.000000000000000000e+00,8.293333333333333668e-01,-1.134944015980475029e+02,-7.485752602354489227e+01,-1.160215166490008798e+01,6.920945192320995432e+01,1.196545502157486425e+02
5.000000000000000000e+00,8.340000000000000746e-01,-1.134495381568520429e+02,-7.457361666167757619e+01,-1.145680136331539245e+01,6.944112728269824686e+01,1.193191480330687426e+02
5.000000000000000000e+00,8.386666666666666714e-01,-1.131606938780019931e+02,-7.421569475723971721e+01,-1.125991113724079007e+01,6.969862913774009883e+01,1.190545526483765713e+02
5.000000000000000000e+00,8.433333333333333792e-01,-1.119632072666815503e+02,-7.388552949416697402e+01,-1.108023087140992047e+01,6.929815103108842322e+01,1.189866842891801610e+02
5.000000000000000000e+00,8.480000000000000870e-01,-1.109413298623382502e+02,-7.283051945859998000e+01,-1.096270912500529349e+01,6.953063237998095758e+01,1.194307670506363053e+02
5.000000000000000000e+00,8.526666666666666838e-01,-1.100601506749933520e+02,-7.261989044930847115e+01,-1.064454690122590108e+01,6.933711164662346960e+01,1.188299218805262996e+02
5.000000000000000000e+00,8.573333333333333917e-01,-1.087520596867055787e+02,-7.157955565506252071e+01,-1.055475933475459982e+01,6.910537704332854503e+01,1.194876599138594315e+02
5.000000000000000000e+00,8.620000000000000995e-01,-1.069694632816081139e+02,-7.091096954476743974e+01,-1.042652294928629253e+01,6.899422378319383142e+01,1.204603780200934722e+02
5.000000000000000000e+00,8.666666666666666963e-01,-1.054858532814297973e+02,-6.999179368711908467e+01,-1.017456546009973017e+01,6.903133945852088971e+01,1.211871569967262445e+02
5.000000000000000000e+00,8.713333333333334041e-01,-1.049389581674512044e+02,-6.934256279403091128e+01,-9.957320072623350171e+00,6.923042871147573862e+01,1.219502039891495997e+02
5.000000000000000000e+00,8.760000000000001119e-01,-1.043476236583643271e+02,-6.877808728848249586e+01,-9.710416033708057171e+00,6.886005579325581039e+01,1.227563501813665283e+02
5.000000000000000000e+00,8.806666666666667087e-01,-1.036743749107964589e+02,-6.743123262070704982e+01,-9.458184945062132698e+00,6.831380929240098965e+01,1.236060751326076144e+02
5.000000000000000000e+00,8.853333333333334165e-01,-1.030361543452420960e+02,-6.687922213761675039e+01,-9.194922484298494680e+00,6.807630304361811113e+01,1.238967772360786626e+02
5.000000000000000000e+00,8.900000000000001243e-01,-1.016886016589466948e+02,-6.599511366939108825e+01,-8.876839987439723245e+00,6.792972995655350132e+01,1.241064579477664864e+02
5.000000000000000000e+00,8.946666666666667211e-01,-9.998762710439706325e+01,-6.562111037616338649e+01,-8.665106950205490932e+00,6.734760167496465044e+01,1.256415098607283767e+02
5.000000000000000000e+00,8.993333333333333179e-01,-9.784385419658882199e+01,-6.432922260127179470e+01,-8.450622477937912436e+00,6.715431580639216236e+01,1.272237238308266996e+02
5.000000000000000000e+00,9.040000000000000258e-01,-9.648731958992932789e+01,-6.300732764975661837e+01,-8.106988192868989529e+00,6.728983254220160859e+01,1.281730551868755015e+02
5.000000000000000000e+00,9.086666666666667336e-01,-9.517948293076199207e+01,-6.236992366264348675e+01,-7.998767351461982145e+00,6.693170502067270888e+01,1.289463701872643924e+02
5.000000000000000000e+00,9.133333333333334414e-01,-9.357700265266848305e+01,-6.174774253565539794e+01,-7.815142581095627428e+00,6.662091075360444847e+01,1.303451771548124611e+02
5.000000000000000000e+00,9.180000000000000382e-01,-9.196916991252415130e+01,-6.093570200124186442e+01,-7.647579103146962431e+00,6.696128333844279723e+01,1.317413484288960603e+02
5.000000000000000000e+00,9.226666666666667460e-01,-9.142593608724131116e+01,-5.945601965592953064e+01,-7.429741542725441406e+00,6.663636769735417431e+01,1.331046572467466262e+02
5.000000000000000000e+00,9.273333333333334538e-01,-9.095412590301408784e+01,-5.916892062476842540e+01,-7.229162064324327730e+00,6.700131922673905649e+01,1.341204508603486261e+02
5.000000000000000000e+00,9.320000000000000506e-01,-8.941276485847171784e+01,-5.809374672526605110e+01,-6.929484787824239156e+00,6.669287595999603013e+01,1.352872088992210422e+02
5.000000000000000000e+00,9.366666666666667584e-01,-8.790861292392679616e+01,-5.724028355686138525e+01,-6.717189584360417243e+00,6.619161402308351683e+01,1.364130742175805437e+02
5.000000000000000000e+00,9.413333333333333552e-01,-8.732165084320105564e+01,-5.647533923906524933e+01,-6.522799945422367074e+00,6.629898216449400650e+01,1.378816172636711315e+02
5.000000000000000000e+00,9.460000000000000631e-01,-8.577558698339014143e+01,-5.576928071255784403e+01,-6.230985507769426057e+00,6.642643447942535317e+01,1.396227291769846204e+02
5.000000000000000000e+00,9.506666666666667709e-01,-8.470715306192879268e+01,-5.508496896808853194e+01,-5.909646919899889106e+00,6.646803253027464109e+01,1.410020905656574826e+02
5.000000000000000000e+00,9.553333333333333677e-01,-8.362201751444558795e+01,-5.335286500242904850e+01,-5.734452166188047428e+00,6.642983316832012974e+01,1.423898926846551092e+02
5.000000000000000000e+00,9.600000000000000755e-01,-8.251328663417962161e+01,-5.289001788954677608e+01,-5.218441424682345620e+00,6.694221390995872412e+01,1.438378788303309364e+02
5.000000000000000000e+00,9.646666666666667833e-01,-8.144739973760887608e+01,-5.242925606664219629e+01,-4.932936242361249057e+00,6.718653428996559285e+01,1.453429949682412143e+02
5.000000000000000000e+00,9.693333333333333801e-01,-8.057518458802245220e+01,-5.149971026823746456e+01,-4.583363285036252677e+00,6.707020452050259962e+01,1.469084337973432355e+02
5.000000000000000000e+00,9.740000000000000879e-01,-7.966918748249446480e+01,-5.088619826060240570e+01,-4.364096623245952600e+00,6.677924257883810810e+01,1.485370861711238319e+02
5.000000000000000000e+00,9.786666666666666847e-01,-7.852137639442794637e+01,-5.031040840336528674e+01,-3.828715965643815444e+00,6.684582976673074484e+01,1.504192108564805608e+02
5.000000000000000000e+00,9.833333333333333925e-01,-7.680116863529893578e+01,-4.954601642607302381e+01,-3.321395728399734626e+00,6.700218491908701424e+01,1.526053501499930292e+02
5.000000000000000000e+00,9.880000000000001004e-01,-7.543494117025025503e+01,-4.892758598038704321e+01,-3.178047473315600335e+00,6.700431145967311863e+01,1.548602226972741676e+02
5.000000000000000000e+00,9.926666666666666972e-01,-7.418500544658355977e+01,-4.856147773180164506e+01,-2.979199081280107020e+00,6.642208593433953467e+01,1.571853422036280676e+02
5.000000000000000000e+00,9.973333333333334050e-01,-7.332999276319803528e+01,-4.783653192638731610e+01,-2.869257161313433002e+00,6.586732975318963668e+01,1.595822744142360818e+02
5.000000000000000000e+00,1.002000000000000224e+00,-7.244925216913111399e+01,-4.693022649296622006e+01,-2.628945036305819105e+00,6.559116951678069540e+01,1.620526385857407377e+02
5.000000000000000000e+00,1.006666666666666821e+00,-7.068323098338397870e+01,-4.599846105159677734e+01,-2.028576970293569204e+00,6.576245319852836246e+01,1.645981091323397436e+02
5.000000000000000000e+00,1.011333333333333417e+00,-6.895461803643911480e+01,-4.559693694365876127e+01,-1.029413747281706870e+00,6.610629466324630243e+01,1.672204168540835951e+02
5.000000000000000000e+00,1.016000000000000014e+00,-6.759791012141072031e+01,-4.452151454935467001e+01,-8.788316047631157257e-01,6.634174567571361081e+01,1.699213509300433316e+02
5.000000000000000000e+00,1.020666666666666611e+00,-6.618959602015972621e+01,-4.422503590836046783e+01,-5.896041257569101246e-01,6.665615388606674685e+01,1.727027605049944157e+02
5.000000000000000000e+00,1.025333333333333430e+00,-6.489266482663909130e+01,-4.328615864543755976e+01,-1.063465108438444162e-01,6.701589648011945144e+01,1.754156087380906115e+02
5.000000000000000000e+00,1.030000000000000027e+00,-6.363102769718572205e+01,-4.250447602259983881e+01,2.007065154272572038e-01,6.740710199527987356e+01,1.780915985536505843e+02
5.000000000000000000e+00,1.034666666666666845e+00,-6.229926804055271106e+01,-4.233988586628744599e+01,3.020456300593328813e-01,6.775783926253673428e+01,1.808448710562040844e+02
5.000000000000000000e+00,1.039333333333333442e+00,-6.096290181722729073e+01,-4.178318229305182996e+01,3.416407139871034948e-01,6.802442629002287333e+01,1.836771685716426532e+02
5.000000000000000000e+00,1.044000000000000039e+00,-6.015026276673426509e+01,-4.130911809361153786e+01,7.138920019606367351e-01,6.841533753037451504e+01,1.865902893851151134e+02
5.000000000000000000e+00,1.048666666666666636e+00,-5.903538182718029503e+01,-4.069029671066544296e+01,1.113469670472662099e+00,6.876139216389842090e+01,1.895860894707046214e+02
5.000000000000000000e+00,1.053333333333333455e+00,-5.818711227483747450e+01,-4.032152350129864971e+01,1.332767800459656149e+00,6.919225592974139261e+01,1.926664837303179922e+02
5.000000000000000000e+00,1.058000000000000052e+00,-5.749488051299061908e+01,-4.008269446571343764e+01,1.542222939107015467e+00,6.955046034505551233e+01,1.958334481044750248e+02
5.000000000000000000e+00,1.062666666666666870e+00,-5.679196234343932304e+01,-3.978778519784525258e+01,2.098894610133367422e+00,6.998486032521853417e+01,1.990890212046946317e+02
5.000000000000000000e+00,1.067333333333333467e+00,-5.601186610813206812e+01,-3.931673395296994045e+01,2.743245887577320907e+00,7.038108871139812095e+01,2.024287391977700565e+02
5.000000000000000000e+00,1.072000000000000064e+00,-5.528978824491009902e+01,-3.881379114308829514e+01,3.465917852604851745e+00,7.087533303685727049e+01,2.058599551415595386e+02
5.000000000000000000e+00,1.076666666666666661e+00,-5.455618787674609393e+01,-3.819717716829270415e+01,3.766523773549605103e+00,7.136119279794705506e+01,2.093862017461564164e+02
5.000000000000000000e+00,1.081333333333333258e+00,-5.380948594987857092e+01,-3.753977339705229355e+01,4.042268739753636986e+00,7.186153545846174495e+01,2.130097814932747156e+02
5.000000000000000000e+00,1.086000000000000076e+00,-5.264517929972822685e+01,-3.645574443671048925e+01,4.216050453542536935e+00,7.218419884404919173e+01,2.167330692267440782e+02
5.000000000000000000e+00,1.090666666666666895e+00,-5.175382259093782267e+01,-3.539228672138056453e+01,4.412784781149755808e+00,7.232295347199429614e+01,2.205585144778843016e+02
5.000000000000000000e+00,1.095333333333333492e+00,-5.071805652484547977e+01,-3.428763672668065965e+01,4.705801879032961210e+00,7.248022230755300654e+01,2.244886432318411096e+02
5.000000000000000000e+00,1.100000000000000089e+00,-4.970264719011629495e+01,-3.302382098329388072e+01,5.137138579762849488e+00,7.265607022994589670e+01,2.285260607161470148e+02
