z,W_first,W_second
4.000000000000000222e-01,-0.000000000000000000e+00,0.000000000000000000e+00
4.005000000000000226e-01,-0.000000000000000000e+00,0.000000000000000000e+00
4.010000000000000231e-01,-0.000000000000000000e+00,0.000000000000000000e+00
4.015000000000000235e-01,-0.000000000000000000e+00,0.000000000000000000e+00
4.020000000000000240e-01,-0.000000000000000000e+00,0.000000000000000000e+00
4.025000000000000244e-01,-0.000000000000000000e+00,0.000000000000000000e+00
4.030000000000000249e-01,-0.000000000000000000e+00,0.000000000000000000e+00
4.035000000000000253e-01,-0.000000000000000000e+00,0.000000000000000000e+00
4.040000000000000258e-01,-0.000000000000000000e+00,0.000000000000000000e+00
4.045000000000000262e-01,-0.000000000000000000e+00,0.000000000000000000e+00
4.050000000000000266e-01,2.246233766249462055e-02,0.000000000000000000e+00
4.055000000000000271e-01,2.246233766249462055e-02,1.718767677722373940e-04
4.060000000000000275e-01,2.246233766249462055e-02,3.437535355444747880e-04
4.065000000000000280e-01,2.246233766249462055e-02,5.156303033167121278e-04
4.070000000000000284e-01,2.246233766249462055e-02,6.875070710889495760e-04
4.075000000000000289e-01,2.246233766249462055e-02,8.593838388611869158e-04
4.080000000000000293e-01,2.246233766249462055e-02,1.031260606633424256e-03
4.085000000000000298e-01,2.246233766249462055e-02,1.203137374405661595e-03
4.090000000000000302e-01,2.246233766249462055e-02,1.375014142177899152e-03
4.095000000000000306e-01,2.246233766249462055e-02,1.546890909950136492e-03
4.100000000000000311e-01,2.246233766249462055e-02,1.718767677722373832e-03
4.105000000000000315e-01,2.246233766249462055e-02,1.890644445494611171e-03
4.110000000000000320e-01,2.246233766249462055e-02,2.062521213266848511e-03
4.115000000000000324e-01,2.246233766249462055e-02,2.234397981039085851e-03
4.120000000000000329e-01,2.246233766249462055e-02,2.406274748811323191e-03
4.125000000000000333e-01,2.246233766249462055e-02,2.578151516583560964e-03
4.130000000000000338e-01,2.246233766249462055e-02,2.750028284355798304e-03
4.135000000000000342e-01,2.246233766249462055e-02,2.921905052128035644e-03
4.140000000000000346e-01,2.246233766249462055e-02,3.093781819900272984e-03
4.145000000000000351e-01,2.246233766249462055e-02,3.265658587672510323e-03
4.150000000000000355e-01,9.166766724203090355e-02,3.437535355444747663e-03
4.155000000000000360e-01,9.166766724203090355e-02,4.130442905535432890e-03
4.160000000000000364e-01,9.166766724203090355e-02,4.823350455626117250e-03
4.165000000000000369e-01,9.166766724203090355e-02,5.516258005716803345e-03
4.170000000000000373e-01,9.166766724203090355e-02,6.209165555807487705e-03
4.175000000000000377e-01,9.166766724203090355e-02,6.902073105898172932e-03
4.180000000000000382e-01,9.166766724203090355e-02,7.594980655988857292e-03
4.185000000000000386e-01,9.166766724203090355e-02,8.287888206079542519e-03
4.190000000000000391e-01,9.166766724203090355e-02,8.980795756170226879e-03
4.195000000000000395e-01,9.166766724203090355e-02,9.673703306260911239e-03
4.200000000000000400e-01,9.166766724203090355e-02,1.036661085635159907e-02
4.205000000000000404e-01,9.166766724203090355e-02,1.105951840644228343e-02
4.210000000000000409e-01,9.166766724203090355e-02,1.175242595653296779e-02
4.215000000000000413e-01,9.166766724203090355e-02,1.244533350662365215e-02
4.220000000000000417e-01,9.166766724203090355e-02,1.313824105671433651e-02
4.225000000000000422e-01,9.166766724203090355e-02,1.383114860680502260e-02
4.230000000000000426e-01,9.166766724203090355e-02,1.452405615689570696e-02
4.235000000000000431e-01,9.166766724203090355e-02,1.521696370698639306e-02
4.240000000000000435e-01,9.166766724203090355e-02,1.590987125707707742e-02
4.245000000000000440e-01,9.166766724203090355e-02,1.660277880716776178e-02
4.250000000000000444e-01,1.872068621647641207e-01,1.729568635725844961e-02
4.255000000000000449e-01,1.872068621647641207e-01,1.868352859539981758e-02
4.260000000000000453e-01,1.872068621647641207e-01,2.007137083354119250e-02
4.265000000000000457e-01,1.872068621647641207e-01,2.145921307168256048e-02
4.270000000000000462e-01,1.872068621647641207e-01,2.284705530982393193e-02
4.275000000000000466e-01,1.872068621647641207e-01,2.423489754796530338e-02
4.280000000000000471e-01,1.872068621647641207e-01,2.562273978610667483e-02
4.285000000000000475e-01,1.872068621647641207e-01,2.701058202424804974e-02
4.290000000000000480e-01,1.872068621647641207e-01,2.839842426238941772e-02
4.295000000000000484e-01,1.872068621647641207e-01,2.978626650053078917e-02
4.300000000000000488e-01,1.872068621647641207e-01,3.117410873867216409e-02
4.304999999999999938e-01,1.872068621647641207e-01,3.256195097681337941e-02
4.310000000000000497e-01,1.872068621647641207e-01,3.394979321495490698e-02
4.314999999999999947e-01,1.872068621647641207e-01,3.533763545309612231e-02
4.320000000000000506e-01,1.872068621647641207e-01,3.672547769123764988e-02
4.324999999999999956e-01,1.872068621647641207e-01,3.811331992937886520e-02
4.330000000000000515e-01,1.872068621647641207e-01,3.950116216752039278e-02
4.334999999999999964e-01,1.872068621647641207e-01,4.088900440566160810e-02
4.340000000000000524e-01,1.872068621647641207e-01,4.227684664380312873e-02
4.344999999999999973e-01,1.872068621647641207e-01,4.366468888194435793e-02
4.350000000000000533e-01,2.850902376204251243e-01,4.505253112008595490e-02
4.354999999999999982e-01,2.850902376204251243e-01,4.711198409682801347e-02
4.360000000000000542e-01,2.850902376204251243e-01,4.917143707357052307e-02
4.364999999999999991e-01,2.850902376204251243e-01,5.123089005031258164e-02
4.369999999999999996e-01,2.850902376204251243e-01,5.329034302705486920e-02
4.375000000000000000e-01,2.850902376204251243e-01,5.534979600379714981e-02
4.380000000000000004e-01,2.850902376204251243e-01,5.740924898053944431e-02
4.385000000000000009e-01,2.850902376204251243e-01,5.946870195728172492e-02
4.390000000000000013e-01,2.850902376204251243e-01,6.152815493402401248e-02
4.395000000000000018e-01,2.850902376204251243e-01,6.358760791076630003e-02
4.400000000000000022e-01,2.850902376204251243e-01,6.564706088750858759e-02
4.405000000000000027e-01,2.850902376204251243e-01,6.770651386425087515e-02
4.410000000000000031e-01,2.850902376204251243e-01,6.976596684099314882e-02
4.415000000000000036e-01,2.850902376204251243e-01,7.182541981773543638e-02
4.420000000000000040e-01,2.850902376204251243e-01,7.388487279447772393e-02
4.425000000000000044e-01,2.850902376204251243e-01,7.594432577122001149e-02
4.430000000000000049e-01,2.850902376204251243e-01,7.800377874796229904e-02
4.435000000000000053e-01,2.850902376204251243e-01,8.006323172470458660e-02
4.440000000000000058e-01,2.850902376204251243e-01,8.212268470144687416e-02
4.445000000000000062e-01,2.850902376204251243e-01,8.418213767818916171e-02
4.450000000000000067e-01,3.831998987957312419e-01,8.624159065493144927e-02
4.455000000000000071e-01,3.831998987957312419e-01,8.893128623872910421e-02
4.460000000000000075e-01,3.831998987957312419e-01,9.162098182252675915e-02
4.465000000000000080e-01,3.831998987957312419e-01,9.431067740632440022e-02
4.470000000000000084e-01,3.831998987957312419e-01,9.700037299012204128e-02
4.475000000000000089e-01,3.831998987957312419e-01,9.969006857391969623e-02
4.480000000000000093e-01,3.831998987957312419e-01,1.023797641577173650e-01
4.485000000000000098e-01,3.831998987957312419e-01,1.050694597415149922e-01
4.490000000000000102e-01,3.831998987957312419e-01,1.077591553253126611e-01
4.495000000000000107e-01,3.831998987957312419e-01,1.104488509091103021e-01
4.500000000000000111e-01,3.831998987957312419e-01,1.131385464929079571e-01
4.505000000000000115e-01,3.831998987957312419e-01,1.158282420767056120e-01
4.510000000000000120e-01,3.831998987957312419e-01,1.185179376605032392e-01
4.515000000000000124e-01,3.831998987957312419e-01,1.212076332443008941e-01
4.520000000000000129e-01,3.831998987957312419e-01,1.238973288280985630e-01
4.525000000000000133e-01,3.831998987957312419e-01,1.265870244118962040e-01
4.530000000000000138e-01,3.831998987957312419e-01,1.292767199956938728e-01
4.535000000000000142e-01,3.831998987957312419e-01,1.319664155794915139e-01
4.540000000000000147e-01,3.831998987957312419e-01,1.346561111632891550e-01
4.545000000000000151e-01,3.831998987957312419e-01,1.373458067470867960e-01
4.550000000000000155e-01,4.821797578747464286e-01,1.400355023308844649e-01
4.555000000000000160e-01,4.821797578747464286e-01,1.433184541467698025e-01
4.560000000000000164e-01,4.821797578747464286e-01,1.466014059626551680e-01
4.565000000000000169e-01,4.821797578747464286e-01,1.498843577785405057e-01
4.570000000000000173e-01,4.821797578747464286e-01,1.531673095944258989e-01
4.575000000000000178e-01,4.821797578747464286e-01,1.564502614103112366e-01
4.580000000000000182e-01,4.821797578747464286e-01,1.597332132261966020e-01
4.585000000000000187e-01,4.821797578747464286e-01,1.630161650420819397e-01
4.590000000000000191e-01,4.821797578747464286e-01,1.662991168579673051e-01
4.595000000000000195e-01,4.821797578747464286e-01,1.695820686738526428e-01
4.600000000000000200e-01,4.821797578747464286e-01,1.728650204897380360e-01
4.605000000000000204e-01,4.821797578747464286e-01,1.761479723056233460e-01
4.610000000000000209e-01,4.821797578747464286e-01,1.794309241215087392e-01
4.615000000000000213e-01,4.821797578747464286e-01,1.827138759373940768e-01
4.620000000000000218e-01,4.821797578747464286e-01,1.859968277532794700e-01
4.625000000000000222e-01,4.821797578747464286e-01,1.892797795691647800e-01
4.630000000000000226e-01,4.821797578747464286e-01,1.925627313850501732e-01
4.635000000000000231e-01,4.821797578747464286e-01,1.958456832009355109e-01
4.640000000000000235e-01,4.821797578747464286e-01,1.991286350168208763e-01
4.645000000000000240e-01,4.821797578747464286e-01,2.024115868327062140e-01
4.650000000000000244e-01,5.817257761979475195e-01,2.056945386485915794e-01
4.655000000000000249e-01,5.817257761979475195e-01,2.095314778811590006e-01
4.660000000000000253e-01,5.817257761979475195e-01,2.133684171137264496e-01
4.665000000000000258e-01,5.817257761979475195e-01,2.172053563462938708e-01
4.670000000000000262e-01,5.817257761979475195e-01,2.210422955788612920e-01
4.675000000000000266e-01,5.817257761979475195e-01,2.248792348114287409e-01
4.680000000000000271e-01,5.817257761979475195e-01,2.287161740439961621e-01
4.685000000000000275e-01,5.817257761979475195e-01,2.325531132765635833e-01
4.690000000000000280e-01,5.817257761979475195e-01,2.363900525091310323e-01
4.695000000000000284e-01,5.817257761979475195e-01,2.402269917416984535e-01
4.700000000000000289e-01,5.817257761979475195e-01,2.440639309742659024e-01
4.705000000000000293e-01,5.817257761979475195e-01,2.479008702068332959e-01
4.710000000000000298e-01,5.817257761979475195e-01,2.517378094394007726e-01
4.715000000000000302e-01,5.817257761979475195e-01,2.555747486719681660e-01
4.720000000000000306e-01,5.817257761979475195e-01,2.594116879045356150e-01
4.725000000000000311e-01,5.817257761979475195e-01,2.632486271371030639e-01
4.730000000000000315e-01,5.817257761979475195e-01,2.670855663696704574e-01
4.735000000000000320e-01,5.817257761979475195e-01,2.709225056022379063e-01
4.740000000000000324e-01,5.817257761979475195e-01,2.747594448348052998e-01
4.745000000000000329e-01,5.817257761979475195e-01,2.785963840673727487e-01
4.750000000000000333e-01,6.797539891468580286e-01,2.824333232999401977e-01
4.755000000000000338e-01,6.797539891468580286e-01,2.867719031962264742e-01
4.760000000000000342e-01,6.797539891468580286e-01,2.911104830925127507e-01
4.765000000000000346e-01,6.797539891468580286e-01,2.954490629887990272e-01
4.770000000000000351e-01,6.797539891468580286e-01,2.997876428850853037e-01
4.775000000000000355e-01,6.797539891468580286e-01,3.041262227813716912e-01
4.780000000000000360e-01,6.797539891468580286e-01,3.084648026776579122e-01
4.785000000000000364e-01,6.797539891468580286e-01,3.128033825739442442e-01
4.790000000000000369e-01,6.797539891468580286e-01,3.171419624702305207e-01
4.795000000000000373e-01,6.797539891468580286e-01,3.214805423665167972e-01
4.800000000000000377e-01,6.797539891468580286e-01,3.258191222628030737e-01
4.805000000000000382e-01,6.797539891468580286e-01,3.301577021590893501e-01
4.810000000000000386e-01,6.797539891468580286e-01,3.344962820553756822e-01
4.815000000000000391e-01,6.797539891468580286e-01,3.388348619516619586e-01
4.820000000000000395e-01,6.797539891468580286e-01,3.431734418479482351e-01
4.825000000000000400e-01,6.797539891468580286e-01,3.475120217442345116e-01
4.830000000000000404e-01,6.797539891468580286e-01,3.518506016405208436e-01
4.835000000000000409e-01,6.797539891468580286e-01,3.561891815368071201e-01
4.840000000000000413e-01,6.797539891468580286e-01,3.605277614330933966e-01
4.845000000000000417e-01,6.797539891468580286e-01,3.648663413293796731e-01
4.850000000000000422e-01,7.773000039136859218e-01,3.692049212256660606e-01
4.855000000000000426e-01,7.773000039136859218e-01,3.739984043966236293e-01
4.860000000000000431e-01,7.773000039136859218e-01,3.787918875675811425e-01
4.865000000000000435e-01,7.773000039136859218e-01,3.835853707385387668e-01
4.870000000000000440e-01,7.773000039136859218e-01,3.883788539094963355e-01
4.875000000000000444e-01,7.773000039136859218e-01,3.931723370804538487e-01
4.879999999999999893e-01,7.773000039136859218e-01,3.979658202514109178e-01
4.885000000000000453e-01,7.773000039136859218e-01,4.027593034223689861e-01
4.889999999999999902e-01,7.773000039136859218e-01,4.075527865933260552e-01
4.895000000000000462e-01,7.773000039136859218e-01,4.123462697642842345e-01
4.899999999999999911e-01,7.773000039136859218e-01,4.171397529352411926e-01
4.905000000000000471e-01,7.773000039136859218e-01,4.219332361061993164e-01
4.909999999999999920e-01,7.773000039136859218e-01,4.267267192771563300e-01
4.915000000000000480e-01,7.773000039136859218e-01,4.315202024481143983e-01
4.919999999999999929e-01,7.773000039136859218e-01,4.363136856190715229e-01
4.925000000000000488e-01,7.773000039136859218e-01,4.411071687900295912e-01
4.929999999999999938e-01,7.773000039136859218e-01,4.459006519609866048e-01
4.935000000000000497e-01,7.773000039136859218e-01,4.506941351319447842e-01
4.939999999999999947e-01,7.773000039136859218e-01,4.554876183029017978e-01
4.945000000000000506e-01,7.773000039136859218e-01,4.602811014738598661e-01
4.949999999999999956e-01,8.739002295450437607e-01,4.650745846448168797e-01
4.955000000000000515e-01,8.739002295450437607e-01,4.702739217165608498e-01
4.959999999999999964e-01,8.739002295450437607e-01,4.754732587883037098e-01
4.965000000000000524e-01,8.739002295450437607e-01,4.806725958600476245e-01
4.969999999999999973e-01,8.739002295450437607e-01,4.858719329317904845e-01
4.975000000000000533e-01,8.739002295450437607e-01,4.910712700035344547e-01
4.979999999999999982e-01,8.739002295450437607e-01,4.962706070752772591e-01
4.985000000000000542e-01,8.739002295450437607e-01,5.014699441470211738e-01
4.989999999999999991e-01,8.739002295450437607e-01,5.066692812187640893e-01
4.995000000000000551e-01,8.739002295450437607e-01,5.118686182905080040e-01
5.000000000000000000e-01,8.739002295450437607e-01,5.170679553622508084e-01
5.005000000000000560e-01,8.739002295450437607e-01,5.222672924339948342e-01
5.010000000000000009e-01,8.739002295450437607e-01,5.274666295057376386e-01
5.015000000000000568e-01,8.739002295450437607e-01,5.326659665774816643e-01
5.020000000000000018e-01,8.739002295450437607e-01,5.378653036492244688e-01
5.025000000000000577e-01,8.739002295450437607e-01,5.430646407209683835e-01
5.030000000000000027e-01,8.739002295450437607e-01,5.482639777927111879e-01
5.035000000000000586e-01,8.739002295450437607e-01,5.534633148644551026e-01
5.040000000000000036e-01,8.739002295450437607e-01,5.586626519361980181e-01
5.045000000000000595e-01,8.739002295450437607e-01,5.638619890079419328e-01
5.050000000000000044e-01,9.697326029139105019e-01,5.690613260796847372e-01
5.055000000000000604e-01,9.697326029139105019e-01,5.746182794532644911e-01
5.060000000000000053e-01,9.697326029139105019e-01,5.801752328268428016e-01
5.065000000000000613e-01,9.697326029139105019e-01,5.857321862004225554e-01
5.070000000000000062e-01,9.697326029139105019e-01,5.912891395740009770e-01
5.075000000000000622e-01,9.697326029139105019e-01,5.968460929475806198e-01
5.080000000000000071e-01,9.697326029139105019e-01,6.024030463211591524e-01
5.085000000000000631e-01,9.697326029139105019e-01,6.079599996947386842e-01
5.090000000000000080e-01,9.697326029139105019e-01,6.135169530683172168e-01
5.095000000000000639e-01,9.697326029139105019e-01,6.190739064418968596e-01
5.100000000000000089e-01,9.697326029139105019e-01,6.246308598154752811e-01
5.105000000000000648e-01,9.697326029139105019e-01,6.301878131890550350e-01
5.110000000000000098e-01,9.697326029139105019e-01,6.357447665626334565e-01
5.115000000000000657e-01,9.697326029139105019e-01,6.413017199362130993e-01
5.120000000000000107e-01,9.697326029139105019e-01,6.468586733097915209e-01
5.125000000000000666e-01,9.697326029139105019e-01,6.524156266833711637e-01
5.130000000000000115e-01,9.697326029139105019e-01,6.579725800569495853e-01
5.135000000000000675e-01,9.697326029139105019e-01,6.635295334305293391e-01
5.140000000000000124e-01,9.697326029139105019e-01,6.690864868041077607e-01
5.145000000000000684e-01,9.697326029139105019e-01,6.746434401776874035e-01
5.150000000000000133e-01,1.064568214662267476e+00,6.802003935512658250e-01
5.155000000000000693e-01,1.064568214662267476e+00,6.860654640534503690e-01
5.160000000000000142e-01,1.064568214662267476e+00,6.919305345556336917e-01
5.165000000000000702e-01,1.064568214662267476e+00,6.977956050578182357e-01
5.170000000000000151e-01,1.064568214662267476e+00,7.036606755600014473e-01
5.175000000000000711e-01,1.064568214662267476e+00,7.095257460621861023e-01
5.180000000000000160e-01,1.064568214662267476e+00,7.153908165643694250e-01
5.185000000000000719e-01,1.064568214662267476e+00,7.212558870665539690e-01
5.190000000000000169e-01,1.064568214662267476e+00,7.271209575687371807e-01
5.195000000000000728e-01,1.064568214662267476e+00,7.329860280709217246e-01
5.200000000000000178e-01,1.064568214662267476e+00,7.388510985731049363e-01
5.204999999999999627e-01,1.064568214662267476e+00,7.447161690752882590e-01
5.210000000000000187e-01,1.064568214662267476e+00,7.505812395774728030e-01
5.215000000000000746e-01,1.064568214662267476e+00,7.564463100796572359e-01
5.220000000000000195e-01,1.064568214662267476e+00,7.623113805818406696e-01
5.224999999999999645e-01,1.064568214662267476e+00,7.681764510840238813e-01
5.230000000000000204e-01,1.064568214662267476e+00,7.740415215862084253e-01
5.235000000000000764e-01,1.064568214662267476e+00,7.799065920883929692e-01
5.240000000000000213e-01,1.064568214662267476e+00,7.857716625905764030e-01
5.244999999999999662e-01,1.064568214662267476e+00,7.916367330927595036e-01
5.250000000000000222e-01,1.158194517704525195e+00,7.975018035949441586e-01
5.255000000000000782e-01,1.158194517704525195e+00,8.036244488149412168e-01
5.260000000000000231e-01,1.158194517704525195e+00,8.097470940349368318e-01
5.264999999999999680e-01,1.158194517704525195e+00,8.158697392549323357e-01
5.270000000000000240e-01,1.158194517704525195e+00,8.219923844749292829e-01
5.275000000000000799e-01,1.158194517704525195e+00,8.281150296949262302e-01
5.280000000000000249e-01,1.158194517704525195e+00,8.342376749149218451e-01
5.284999999999999698e-01,1.158194517704525195e+00,8.403603201349174601e-01
5.290000000000000258e-01,1.158194517704525195e+00,8.464829653549144073e-01
5.295000000000000817e-01,1.158194517704525195e+00,8.526056105749114655e-01
5.300000000000000266e-01,1.158194517704525195e+00,8.587282557949069695e-01
5.304999999999999716e-01,1.158194517704525195e+00,8.648509010149026954e-01
5.310000000000000275e-01,1.158194517704525195e+00,8.709735462348996426e-01
5.315000000000000835e-01,1.158194517704525195e+00,8.770961914548964788e-01
5.320000000000000284e-01,1.158194517704525195e+00,8.832188366748922048e-01
5.324999999999999734e-01,1.158194517704525195e+00,8.893414818948879308e-01
5.330000000000000293e-01,1.158194517704525195e+00,8.954641271148848780e-01
5.335000000000000853e-01,1.158194517704525195e+00,9.015867723348818252e-01
5.340000000000000302e-01,1.158194517704525195e+00,9.077094175548774402e-01
5.344999999999999751e-01,1.158194517704525195e+00,9.138320627748729441e-01
5.350000000000000311e-01,1.250554243863859716e+00,9.199547079948700024e-01
5.355000000000000870e-01,1.250554243863859716e+00,9.262843261619047031e-01
5.360000000000000320e-01,1.250554243863859716e+00,9.326139443289378494e-01
5.364999999999999769e-01,1.250554243863859716e+00,9.389435624959712179e-01
5.370000000000000329e-01,1.250554243863859716e+00,9.452731806630058076e-01
5.375000000000000888e-01,1.250554243863859716e+00,9.516027988300405083e-01
5.380000000000000338e-01,1.250554243863859716e+00,9.579324169970737657e-01
5.384999999999999787e-01,1.250554243863859716e+00,9.642620351641071341e-01
5.390000000000000346e-01,1.250554243863859716e+00,9.705916533311418348e-01
5.395000000000000906e-01,1.250554243863859716e+00,9.769212714981765355e-01
5.400000000000000355e-01,1.250554243863859716e+00,9.832508896652097929e-01
5.404999999999999805e-01,1.250554243863859716e+00,9.895805078322430504e-01
5.410000000000000364e-01,1.250554243863859716e+00,9.959101259992777511e-01
5.415000000000000924e-01,1.250554243863859716e+00,1.002239744166312452e+00
5.420000000000000373e-01,1.250554243863859716e+00,1.008569362333345598e+00
5.424999999999999822e-01,1.250554243863859716e+00,1.014898980500378967e+00
5.430000000000000382e-01,1.250554243863859716e+00,1.021228598667413667e+00
5.435000000000000941e-01,1.250554243863859716e+00,1.027558216834448368e+00
5.440000000000000391e-01,1.250554243863859716e+00,1.033887835001481736e+00
5.444999999999999840e-01,1.250554243863859716e+00,1.040217453168514883e+00
5.450000000000000400e-01,1.341859295573376576e+00,1.046547071335549584e+00
5.454999999999999849e-01,1.341859295573376576e+00,1.053033429534106613e+00
5.460000000000000409e-01,1.341859295573376576e+00,1.059519787732665197e+00
5.464999999999999858e-01,1.341859295573376576e+00,1.066006145931222227e+00
5.470000000000000417e-01,1.341859295573376576e+00,1.072492504129780810e+00
5.474999999999999867e-01,1.341859295573376576e+00,1.078978862328337840e+00
5.480000000000000426e-01,1.341859295573376576e+00,1.085465220526896424e+00
5.484999999999999876e-01,1.341859295573376576e+00,1.091951578725453453e+00
5.490000000000000435e-01,1.341859295573376576e+00,1.098437936924011815e+00
5.494999999999999885e-01,1.341859295573376576e+00,1.104924295122569067e+00
5.500000000000000444e-01,1.341859295573376576e+00,1.111410653321127651e+00
5.504999999999999893e-01,1.341859295573376576e+00,1.117897011519684458e+00
5.510000000000000453e-01,1.341859295573376576e+00,1.124383369718243042e+00
5.514999999999999902e-01,1.341859295573376576e+00,1.130869727916800072e+00
5.520000000000000462e-01,1.341859295573376576e+00,1.137356086115358433e+00
5.524999999999999911e-01,1.341859295573376576e+00,1.143842444313915685e+00
5.530000000000000471e-01,1.341859295573376576e+00,1.150328802512474269e+00
5.534999999999999920e-01,1.341859295573376576e+00,1.156815160711031298e+00
5.540000000000000480e-01,1.341859295573376576e+00,1.163301518909589882e+00
5.544999999999999929e-01,1.341859295573376576e+00,1.169787877108146912e+00
5.550000000000000488e-01,1.431486964775678050e+00,1.176274235306705496e+00
5.554999999999999938e-01,1.431486964775678050e+00,1.182865492171742972e+00
5.560000000000000497e-01,1.431486964775678050e+00,1.189456749036782224e+00
5.564999999999999947e-01,1.431486964775678050e+00,1.196048005901819700e+00
5.570000000000000506e-01,1.431486964775678050e+00,1.202639262766858730e+00
5.574999999999999956e-01,1.431486964775678050e+00,1.209230519631896206e+00
5.580000000000000515e-01,1.431486964775678050e+00,1.215821776496935458e+00
5.584999999999999964e-01,1.431486964775678050e+00,1.222413033361972934e+00
5.590000000000000524e-01,1.431486964775678050e+00,1.229004290227011964e+00
5.594999999999999973e-01,1.431486964775678050e+00,1.235595547092049662e+00
5.600000000000000533e-01,1.431486964775678050e+00,1.242186803957088914e+00
5.604999999999999982e-01,1.431486964775678050e+00,1.248778060822126390e+00
5.610000000000000542e-01,1.431486964775678050e+00,1.255369317687165420e+00
5.614999999999999991e-01,1.431486964775678050e+00,1.261960574552202896e+00
5.620000000000000551e-01,1.431486964775678050e+00,1.268551831417242148e+00
5.625000000000000000e-01,1.431486964775678050e+00,1.275143088282279846e+00
5.630000000000000560e-01,1.431486964775678050e+00,1.281734345147318876e+00
5.635000000000000009e-01,1.431486964775678050e+00,1.288325602012356352e+00
5.640000000000000568e-01,1.431486964775678050e+00,1.294916858877395383e+00
5.645000000000000018e-01,1.431486964775678050e+00,1.301508115742433080e+00
5.650000000000000577e-01,1.518796469120922588e+00,1.308099372607472111e+00
5.655000000000000027e-01,1.518796469120922588e+00,1.314743166593332013e+00
5.660000000000000586e-01,1.518796469120922588e+00,1.321386960579193026e+00
5.665000000000000036e-01,1.518796469120922588e+00,1.328030754565052707e+00
5.670000000000000595e-01,1.518796469120922588e+00,1.334674548550913720e+00
5.675000000000000044e-01,1.518796469120922588e+00,1.341318342536773400e+00
5.680000000000000604e-01,1.518796469120922588e+00,1.347962136522634857e+00
5.685000000000000053e-01,1.518796469120922588e+00,1.354605930508494538e+00
5.690000000000000613e-01,1.518796469120922588e+00,1.361249724494355551e+00
5.695000000000000062e-01,1.518796469120922588e+00,1.367893518480215453e+00
5.700000000000000622e-01,1.518796469120922588e+00,1.374537312466076688e+00
5.705000000000000071e-01,1.518796469120922588e+00,1.381181106451936147e+00
5.710000000000000631e-01,1.518796469120922588e+00,1.387824900437797382e+00
5.715000000000000080e-01,1.518796469120922588e+00,1.394468694423657062e+00
5.720000000000000639e-01,1.518796469120922588e+00,1.401112488409518297e+00
5.725000000000000089e-01,1.518796469120922588e+00,1.407756282395377978e+00
5.730000000000000648e-01,1.518796469120922588e+00,1.414400076381239213e+00
5.735000000000000098e-01,1.518796469120922588e+00,1.421043870367098894e+00
5.740000000000000657e-01,1.518796469120922588e+00,1.427687664352960129e+00
5.745000000000000107e-01,1.518796469120922588e+00,1.434331458338819809e+00
5.750000000000000666e-01,1.604265076074085528e+00,1.440975252324681044e+00
5.755000000000000115e-01,1.604265076074085528e+00,1.447620074353709096e+00
5.760000000000000675e-01,1.604265076074085528e+00,1.454264896382738925e+00
5.765000000000000124e-01,1.604265076074085528e+00,1.460909718411766978e+00
5.769999999999999574e-01,1.604265076074085528e+00,1.467554540440795474e+00
5.775000000000000133e-01,1.604265076074085528e+00,1.474199362469824859e+00
5.780000000000000693e-01,1.604265076074085528e+00,1.480844184498854688e+00
5.785000000000000142e-01,1.604265076074085528e+00,1.487489006527882962e+00
5.789999999999999591e-01,1.604265076074085528e+00,1.494133828556911237e+00
5.795000000000000151e-01,1.604265076074085528e+00,1.500778650585940843e+00
5.800000000000000711e-01,1.604265076074085528e+00,1.507423472614970450e+00
5.805000000000000160e-01,1.604265076074085528e+00,1.514068294643998724e+00
5.809999999999999609e-01,1.604265076074085528e+00,1.520713116673026999e+00
5.815000000000000169e-01,1.604265076074085528e+00,1.527357938702056606e+00
5.820000000000000728e-01,1.604265076074085528e+00,1.534002760731086656e+00
5.825000000000000178e-01,1.604265076074085528e+00,1.540647582760114709e+00
5.829999999999999627e-01,1.604265076074085528e+00,1.547292404789142761e+00
5.835000000000000187e-01,1.604265076074085528e+00,1.553937226818172590e+00
5.840000000000000746e-01,1.604265076074085528e+00,1.560582048847202197e+00
5.845000000000000195e-01,1.604265076074085528e+00,1.567226870876230471e+00
5.849999999999999645e-01,1.687308792751246678e+00,1.573871692905258746e+00
5.855000000000000204e-01,1.687308792751246678e+00,1.580465988352151019e+00
5.860000000000000764e-01,1.687308792751246678e+00,1.587060283799043070e+00
5.865000000000000213e-01,1.687308792751246678e+00,1.593654579245933789e+00
5.869999999999999662e-01,1.687308792751246678e+00,1.600248874692824064e+00
5.875000000000000222e-01,1.687308792751246678e+00,1.606843170139716559e+00
5.880000000000000782e-01,1.687308792751246678e+00,1.613437465586608610e+00
5.885000000000000231e-01,1.687308792751246678e+00,1.620031761033499329e+00
5.889999999999999680e-01,1.687308792751246678e+00,1.626626056480389826e+00
5.895000000000000240e-01,1.687308792751246678e+00,1.633220351927282099e+00
5.900000000000000799e-01,1.687308792751246678e+00,1.639814647374173928e+00
5.905000000000000249e-01,1.687308792751246678e+00,1.646408942821064869e+00
5.909999999999999698e-01,1.687308792751246678e+00,1.653003238267955366e+00
5.915000000000000258e-01,1.687308792751246678e+00,1.659597533714847639e+00
5.920000000000000817e-01,1.687308792751246678e+00,1.666191829161739690e+00
5.925000000000000266e-01,1.687308792751246678e+00,1.672786124608630409e+00
5.929999999999999716e-01,1.687308792751246678e+00,1.679380420055520906e+00
5.935000000000000275e-01,1.687308792751246678e+00,1.685974715502413179e+00
5.940000000000000835e-01,1.687308792751246678e+00,1.692569010949305230e+00
5.945000000000000284e-01,1.687308792751246678e+00,1.699163306396195949e+00
5.949999999999999734e-01,1.767541677297938651e+00,1.705757601843086668e+00
5.955000000000000293e-01,1.767541677297938651e+00,1.712250405348695104e+00
5.960000000000000853e-01,1.767541677297938651e+00,1.718743208854303539e+00
5.965000000000000302e-01,1.767541677297938651e+00,1.725236012359910198e+00
5.969999999999999751e-01,1.767541677297938651e+00,1.731728815865517523e+00
5.975000000000000311e-01,1.767541677297938651e+00,1.738221619371125737e+00
5.980000000000000870e-01,1.767541677297938651e+00,1.744714422876734172e+00
5.985000000000000320e-01,1.767541677297938651e+00,1.751207226382341497e+00
5.989999999999999769e-01,1.767541677297938651e+00,1.757700029887948379e+00
5.995000000000000329e-01,1.767541677297938651e+00,1.764192833393556814e+00
6.000000000000000888e-01,1.767541677297938651e+00,1.770685636899165250e+00
6.005000000000000338e-01,1.767541677297938651e+00,1.777178440404771909e+00
6.009999999999999787e-01,1.767541677297938651e+00,1.783671243910379012e+00
6.015000000000000346e-01,1.767541677297938651e+00,1.790164047415987447e+00
6.020000000000000906e-01,1.767541677297938651e+00,1.796656850921595883e+00
6.025000000000000355e-01,1.767541677297938651e+00,1.803149654427202986e+00
6.029999999999999805e-01,1.767541677297938651e+00,1.809642457932809867e+00
6.035000000000000364e-01,1.767541677297938651e+00,1.816135261438418080e+00
6.040000000000000924e-01,1.767541677297938651e+00,1.822628064944026738e+00
6.045000000000000373e-01,1.767541677297938651e+00,1.829120868449633841e+00
6.049999999999999822e-01,1.845280209241556335e+00,1.835613671955240722e+00
6.055000000000000382e-01,1.845280209241556335e+00,1.841953989568502870e+00
6.060000000000000941e-01,1.845280209241556335e+00,1.848294307181765461e+00
6.065000000000000391e-01,1.845280209241556335e+00,1.854634624795026276e+00
6.069999999999999840e-01,1.845280209241556335e+00,1.860974942408287314e+00
6.075000000000000400e-01,1.845280209241556335e+00,1.867315260021549683e+00
6.080000000000000959e-01,1.845280209241556335e+00,1.873655577634812053e+00
6.085000000000000409e-01,1.845280209241556335e+00,1.879995895248073090e+00
6.089999999999999858e-01,1.845280209241556335e+00,1.886336212861333905e+00
6.095000000000000417e-01,1.845280209241556335e+00,1.892676530474596275e+00
6.099999999999999867e-01,1.845280209241556335e+00,1.899016848087857312e+00
6.105000000000000426e-01,1.845280209241556335e+00,1.905357165701119682e+00
6.109999999999999876e-01,1.845280209241556335e+00,1.911697483314380497e+00
6.115000000000000435e-01,1.845280209241556335e+00,1.918037800927643088e+00
6.119999999999999885e-01,1.845280209241556335e+00,1.924378118540903682e+00
6.125000000000000444e-01,1.845280209241556335e+00,1.930718436154166495e+00
6.129999999999999893e-01,1.845280209241556335e+00,1.937058753767427088e+00
6.135000000000000453e-01,1.845280209241556335e+00,1.943399071380689680e+00
6.139999999999999902e-01,1.845280209241556335e+00,1.949739388993950717e+00
6.145000000000000462e-01,1.845280209241556335e+00,1.956079706607213087e+00
6.149999999999999911e-01,1.919838240119685402e+00,1.962420024220473902e+00
6.155000000000000471e-01,1.919838240119685402e+00,1.968558439168717200e+00
6.159999999999999920e-01,1.919838240119685402e+00,1.974696854116958722e+00
6.165000000000000480e-01,1.919838240119685402e+00,1.980835269065202242e+00
6.169999999999999929e-01,1.919838240119685402e+00,1.986973684013443986e+00
6.175000000000000488e-01,1.919838240119685402e+00,1.993112098961687506e+00
6.179999999999999938e-01,1.919838240119685402e+00,1.999250513909929028e+00
6.185000000000000497e-01,1.919838240119685402e+00,2.005388928858172548e+00
6.189999999999999947e-01,1.919838240119685402e+00,2.011527343806414070e+00
6.195000000000000506e-01,1.919838240119685402e+00,2.017665758754657368e+00
6.199999999999999956e-01,1.919838240119685402e+00,2.023804173702899334e+00
6.205000000000000515e-01,1.919838240119685402e+00,2.029942588651142188e+00
6.209999999999999964e-01,1.919838240119685402e+00,2.036081003599384154e+00
6.215000000000000524e-01,1.919838240119685402e+00,2.042219418547627452e+00
6.219999999999999973e-01,1.919838240119685402e+00,2.048357833495868974e+00
6.225000000000000533e-01,1.919838240119685402e+00,2.054496248444112716e+00
6.229999999999999982e-01,1.919838240119685402e+00,2.060634663392354238e+00
6.235000000000000542e-01,1.919838240119685402e+00,2.066773078340597536e+00
6.239999999999999991e-01,1.919838240119685402e+00,2.072911493288839058e+00
6.245000000000000551e-01,1.919838240119685402e+00,2.079049908237082356e+00
6.250000000000000000e-01,1.990886292757685361e+00,2.085188323185324322e+00
6.255000000000000560e-01,1.990886292757685361e+00,2.091077059039333275e+00
6.260000000000000009e-01,1.990886292757685361e+00,2.096965794893340451e+00
6.265000000000000568e-01,1.990886292757685361e+00,2.102854530747349848e+00
6.270000000000000018e-01,1.990886292757685361e+00,2.108743266601357469e+00
6.275000000000000577e-01,1.990886292757685361e+00,2.114632002455366422e+00
6.280000000000000027e-01,1.990886292757685361e+00,2.120520738309374043e+00
6.285000000000000586e-01,1.990886292757685361e+00,2.126409474163382995e+00
6.290000000000000036e-01,1.990886292757685361e+00,2.132298210017390616e+00
6.295000000000000595e-01,1.990886292757685361e+00,2.138186945871399569e+00
6.300000000000000044e-01,1.990886292757685361e+00,2.144075681725407190e+00
6.305000000000000604e-01,1.990886292757685361e+00,2.149964417579416143e+00
6.310000000000000053e-01,1.990886292757685361e+00,2.155853153433423763e+00
6.315000000000000613e-01,1.990886292757685361e+00,2.161741889287432716e+00
6.320000000000000062e-01,1.990886292757685361e+00,2.167630625141440337e+00
6.325000000000000622e-01,1.990886292757685361e+00,2.173519360995449290e+00
6.330000000000000071e-01,1.990886292757685361e+00,2.179408096849456911e+00
6.335000000000000631e-01,1.990886292757685361e+00,2.185296832703465864e+00
6.340000000000000080e-01,1.990886292757685361e+00,2.191185568557473484e+00
6.345000000000000639e-01,1.990886292757685361e+00,2.197074304411482437e+00
6.350000000000000089e-01,2.057713434271655650e+00,2.202963040265490058e+00
6.355000000000000648e-01,2.057713434271655650e+00,2.208558080037801297e+00
6.360000000000000098e-01,2.057713434271655650e+00,2.214153119810111647e+00
6.365000000000000657e-01,2.057713434271655650e+00,2.219748159582422886e+00
6.370000000000000107e-01,2.057713434271655650e+00,2.225343199354733237e+00
6.375000000000000666e-01,2.057713434271655650e+00,2.230938239127044920e+00
6.380000000000000115e-01,2.057713434271655650e+00,2.236533278899354826e+00
6.385000000000000675e-01,2.057713434271655650e+00,2.242128318671666509e+00
6.390000000000000124e-01,2.057713434271655650e+00,2.247723358443976860e+00
6.395000000000000684e-01,2.057713434271655650e+00,2.253318398216288099e+00
6.400000000000000133e-01,2.057713434271655650e+00,2.258913437988598449e+00
6.405000000000000693e-01,2.057713434271655650e+00,2.264508477760910132e+00
6.410000000000000142e-01,2.057713434271655650e+00,2.270103517533220483e+00
6.414999999999999591e-01,2.057713434271655650e+00,2.275698557305530390e+00
6.420000000000000151e-01,2.057713434271655650e+00,2.281293597077842072e+00
6.425000000000000711e-01,2.057713434271655650e+00,2.286888636850153311e+00
6.430000000000000160e-01,2.057713434271655650e+00,2.292483676622463662e+00
6.434999999999999609e-01,2.057713434271655650e+00,2.298078716394774013e+00
6.440000000000000169e-01,2.057713434271655650e+00,2.303673756167085251e+00
6.445000000000000728e-01,2.057713434271655650e+00,2.309268795939396934e+00
6.450000000000000178e-01,2.120191690311142185e+00,2.314863835711707285e+00
6.454999999999999627e-01,2.120191690311142185e+00,2.320123410009965248e+00
6.460000000000000187e-01,2.120191690311142185e+00,2.325382984308224543e+00
6.465000000000000746e-01,2.120191690311142185e+00,2.330642558606483838e+00
6.470000000000000195e-01,2.120191690311142185e+00,2.335902132904742246e+00
6.474999999999999645e-01,2.120191690311142185e+00,2.341161707203000653e+00
6.480000000000000204e-01,2.120191690311142185e+00,2.346421281501259504e+00
6.485000000000000764e-01,2.120191690311142185e+00,2.351680855799518799e+00
6.490000000000000213e-01,2.120191690311142185e+00,2.356940430097777206e+00
6.494999999999999662e-01,2.120191690311142185e+00,2.362200004396035613e+00
6.500000000000000222e-01,2.120191690311142185e+00,2.367459578694294908e+00
6.505000000000000782e-01,2.120191690311142185e+00,2.372719152992554204e+00
6.510000000000000231e-01,2.120191690311142185e+00,2.377978727290812166e+00
6.514999999999999680e-01,2.120191690311142185e+00,2.383238301589070574e+00
6.520000000000000240e-01,2.120191690311142185e+00,2.388497875887329869e+00
6.525000000000000799e-01,2.120191690311142185e+00,2.393757450185589164e+00
6.530000000000000249e-01,2.120191690311142185e+00,2.399017024483847571e+00
6.534999999999999698e-01,2.120191690311142185e+00,2.404276598782105978e+00
6.540000000000000258e-01,2.120191690311142185e+00,2.409536173080365273e+00
6.545000000000000817e-01,2.120191690311142185e+00,2.414795747378624569e+00
6.550000000000000266e-01,2.178088009452189500e+00,2.420055321676882976e+00
6.554999999999999716e-01,2.178088009452189500e+00,2.424940694118387974e+00
6.560000000000000275e-01,2.178088009452189500e+00,2.429826066559894304e+00
6.565000000000000835e-01,2.178088009452189500e+00,2.434711439001400635e+00
6.570000000000000284e-01,2.178088009452189500e+00,2.439596811442906077e+00
6.574999999999999734e-01,2.178088009452189500e+00,2.444482183884411075e+00
6.580000000000000293e-01,2.178088009452189500e+00,2.449367556325917406e+00
6.585000000000000853e-01,2.178088009452189500e+00,2.454252928767423736e+00
6.590000000000000302e-01,2.178088009452189500e+00,2.459138301208929178e+00
6.594999999999999751e-01,2.178088009452189500e+00,2.464023673650434620e+00
6.600000000000000311e-01,2.178088009452189500e+00,2.468909046091940951e+00
6.605000000000000870e-01,2.178088009452189500e+00,2.473794418533447281e+00
6.610000000000000320e-01,2.178088009452189500e+00,2.478679790974952724e+00
6.614999999999999769e-01,2.178088009452189500e+00,2.483565163416457722e+00
6.620000000000000329e-01,2.178088009452189500e+00,2.488450535857964052e+00
6.625000000000000888e-01,2.178088009452189500e+00,2.493335908299470383e+00
6.630000000000000338e-01,2.178088009452189500e+00,2.498221280740975825e+00
6.634999999999999787e-01,2.178088009452189500e+00,2.503106653182481267e+00
6.640000000000000346e-01,2.178088009452189500e+00,2.507992025623987598e+00
6.645000000000000906e-01,2.178088009452189500e+00,2.512877398065493928e+00
6.650000000000000355e-01,2.231352271420936617e+00,2.517762770506998926e+00
6.654999999999999805e-01,2.231352271420936617e+00,2.522237268221244388e+00
6.660000000000000364e-01,2.231352271420936617e+00,2.526711765935490739e+00
6.665000000000000924e-01,2.231352271420936617e+00,2.531186263649736645e+00
6.670000000000000373e-01,2.231352271420936617e+00,2.535660761363981663e+00
6.674999999999999822e-01,2.231352271420936617e+00,2.540135259078227570e+00
6.680000000000000382e-01,2.231352271420936617e+00,2.544609756792473476e+00
6.685000000000000941e-01,2.231352271420936617e+00,2.549084254506719827e+00
6.690000000000000391e-01,2.231352271420936617e+00,2.553558752220965289e+00
6.694999999999999840e-01,2.231352271420936617e+00,2.558033249935210307e+00
6.700000000000000400e-01,2.231352271420936617e+00,2.562507747649457102e+00
6.705000000000000959e-01,2.231352271420936617e+00,2.566982245363703008e+00
6.710000000000000409e-01,2.231352271420936617e+00,2.571456743077948026e+00
6.714999999999999858e-01,2.231352271420936617e+00,2.575931240792193044e+00
6.720000000000000417e-01,2.231352271420936617e+00,2.580405738506439395e+00
6.725000000000000977e-01,2.231352271420936617e+00,2.584880236220685745e+00
6.730000000000000426e-01,2.231352271420936617e+00,2.589354733934931208e+00
6.734999999999999876e-01,2.231352271420936617e+00,2.593829231649176670e+00
6.740000000000000435e-01,2.231352271420936617e+00,2.598303729363422576e+00
6.745000000000000995e-01,2.231352271420936617e+00,2.602778227077669371e+00
6.750000000000000444e-01,2.280090808087308130e+00,2.607252724791914389e+00
6.754999999999999893e-01,2.280090808087308130e+00,2.611280049206765597e+00
6.760000000000000453e-01,2.280090808087308130e+00,2.615307373621617693e+00
6.765000000000001013e-01,2.280090808087308130e+00,2.619334698036469788e+00
6.770000000000000462e-01,2.280090808087308130e+00,2.623362022451320996e+00
6.774999999999999911e-01,2.280090808087308130e+00,2.627389346866172204e+00
6.780000000000000471e-01,2.280090808087308130e+00,2.631416671281024300e+00
6.785000000000001030e-01,2.280090808087308130e+00,2.635443995695876396e+00
6.790000000000000480e-01,2.280090808087308130e+00,2.639471320110727603e+00
6.794999999999999929e-01,2.280090808087308130e+00,2.643498644525579255e+00
6.800000000000000488e-01,2.280090808087308130e+00,2.647525968940431351e+00
6.805000000000001048e-01,2.280090808087308130e+00,2.651553293355283003e+00
6.810000000000000497e-01,2.280090808087308130e+00,2.655580617770134655e+00
6.814999999999999947e-01,2.280090808087308130e+00,2.659607942184985863e+00
6.820000000000000506e-01,2.280090808087308130e+00,2.663635266599837959e+00
6.825000000000001066e-01,2.280090808087308130e+00,2.667662591014690499e+00
6.830000000000000515e-01,2.280090808087308130e+00,2.671689915429541706e+00
6.834999999999999964e-01,2.280090808087308130e+00,2.675717239844392914e+00
6.840000000000000524e-01,2.280090808087308130e+00,2.679744564259245010e+00
6.845000000000001084e-01,2.280090808087308130e+00,2.683771888674096662e+00
6.850000000000000533e-01,2.324020381870408603e+00,2.687799213088948314e+00
6.854999999999999982e-01,2.324020381870408603e+00,2.691346518526236409e+00
6.860000000000000542e-01,2.324020381870408603e+00,2.694893823963525392e+00
6.865000000000001101e-01,2.324020381870408603e+00,2.698441129400815264e+00
6.870000000000000551e-01,2.324020381870408603e+00,2.701988434838103359e+00
6.875000000000000000e-01,2.324020381870408603e+00,2.705535740275391454e+00
6.880000000000000560e-01,2.324020381870408603e+00,2.709083045712680882e+00
6.885000000000000009e-01,2.324020381870408603e+00,2.712630351149969421e+00
6.890000000000000568e-01,2.324020381870408603e+00,2.716177656587258404e+00
6.895000000000000018e-01,2.324020381870408603e+00,2.719724962024546944e+00
6.899999999999999467e-01,2.324020381870408603e+00,2.723272267461835039e+00
6.905000000000000027e-01,2.324020381870408603e+00,2.726819572899124466e+00
6.910000000000000586e-01,2.324020381870408603e+00,2.730366878336413450e+00
6.915000000000000036e-01,2.324020381870408603e+00,2.733914183773701989e+00
6.919999999999999485e-01,2.324020381870408603e+00,2.737461489210990084e+00
6.925000000000000044e-01,2.324020381870408603e+00,2.741008794648279512e+00
6.930000000000000604e-01,2.324020381870408603e+00,2.744556100085568495e+00
6.935000000000000053e-01,2.324020381870408603e+00,2.748103405522856590e+00
6.939999999999999503e-01,2.324020381870408603e+00,2.751650710960145130e+00
6.945000000000000062e-01,2.324020381870408603e+00,2.755198016397434557e+00
6.950000000000000622e-01,2.362728776979603040e+00,2.758745321834723541e+00
6.955000000000000071e-01,2.362728776979603040e+00,2.761785544849148621e+00
6.959999999999999520e-01,2.362728776979603040e+00,2.764825767863573702e+00
6.965000000000000080e-01,2.362728776979603040e+00,2.767865990877998783e+00
6.970000000000000639e-01,2.362728776979603040e+00,2.770906213892424752e+00
6.975000000000000089e-01,2.362728776979603040e+00,2.773946436906849833e+00
6.979999999999999538e-01,2.362728776979603040e+00,2.776986659921274470e+00
6.985000000000000098e-01,2.362728776979603040e+00,2.780026882935699994e+00
6.990000000000000657e-01,2.362728776979603040e+00,2.783067105950125963e+00
6.995000000000000107e-01,2.362728776979603040e+00,2.786107328964550600e+00
6.999999999999999556e-01,2.362728776979603040e+00,2.789147551978975681e+00
7.005000000000000115e-01,2.362728776979603040e+00,2.792187774993401206e+00
7.010000000000000675e-01,2.362728776979603040e+00,2.795227998007827175e+00
7.015000000000000124e-01,2.362728776979603040e+00,2.798268221022251812e+00
7.019999999999999574e-01,2.362728776979603040e+00,2.801308444036676448e+00
7.025000000000000133e-01,2.362728776979603040e+00,2.804348667051102417e+00
7.030000000000000693e-01,2.362728776979603040e+00,2.807388890065527498e+00
7.035000000000000142e-01,2.362728776979603040e+00,2.810429113079952579e+00
7.039999999999999591e-01,2.362728776979603040e+00,2.813469336094377660e+00
7.045000000000000151e-01,2.362728776979603040e+00,2.816509559108802740e+00
7.050000000000000711e-01,2.396198590587447885e+00,2.819549782123228709e+00
7.055000000000000160e-01,2.396198590587447885e+00,2.822057199599790511e+00
7.059999999999999609e-01,2.396198590587447885e+00,2.824564617076352313e+00
7.065000000000000169e-01,2.396198590587447885e+00,2.827072034552915447e+00
7.070000000000000728e-01,2.396198590587447885e+00,2.829579452029477693e+00
7.075000000000000178e-01,2.396198590587447885e+00,2.832086869506039939e+00
7.079999999999999627e-01,2.396198590587447885e+00,2.834594286982602185e+00
7.085000000000000187e-01,2.396198590587447885e+00,2.837101704459164431e+00
7.090000000000000746e-01,2.396198590587447885e+00,2.839609121935727121e+00
7.095000000000000195e-01,2.396198590587447885e+00,2.842116539412288923e+00
7.099999999999999645e-01,2.396198590587447885e+00,2.844623956888851168e+00
7.105000000000000204e-01,2.396198590587447885e+00,2.847131374365413414e+00
7.110000000000000764e-01,2.396198590587447885e+00,2.849638791841976548e+00
7.115000000000000213e-01,2.396198590587447885e+00,2.852146209318538794e+00
7.119999999999999662e-01,2.396198590587447885e+00,2.854653626795100152e+00
7.125000000000000222e-01,2.396198590587447885e+00,2.857161044271663286e+00
7.130000000000000782e-01,2.396198590587447885e+00,2.859668461748225532e+00
7.135000000000000231e-01,2.396198590587447885e+00,2.862175879224787334e+00
7.139999999999999680e-01,2.396198590587447885e+00,2.864683296701350024e+00
7.145000000000000240e-01,2.396198590587447885e+00,2.867190714177912270e+00
7.150000000000000799e-01,2.424273436893962241e+00,2.869698131654474516e+00
7.155000000000000249e-01,2.424273436893962241e+00,2.871650036686606455e+00
7.159999999999999698e-01,2.424273436893962241e+00,2.873601941718738395e+00
7.165000000000000258e-01,2.424273436893962241e+00,2.875553846750870779e+00
7.170000000000000817e-01,2.424273436893962241e+00,2.877505751783002719e+00
7.175000000000000266e-01,2.424273436893962241e+00,2.879457656815135103e+00
7.179999999999999716e-01,2.424273436893962241e+00,2.881409561847267042e+00
7.185000000000000275e-01,2.424273436893962241e+00,2.883361466879398982e+00
7.190000000000000835e-01,2.424273436893962241e+00,2.885313371911530922e+00
7.195000000000000284e-01,2.424273436893962241e+00,2.887265276943662862e+00
7.199999999999999734e-01,2.424273436893962241e+00,2.889217181975794801e+00
7.205000000000000293e-01,2.424273436893962241e+00,2.891169087007927185e+00
7.210000000000000853e-01,2.424273436893962241e+00,2.893120992040059569e+00
7.215000000000000302e-01,2.424273436893962241e+00,2.895072897072191065e+00
7.219999999999999751e-01,2.424273436893962241e+00,2.897024802104323005e+00
7.225000000000000311e-01,2.424273436893962241e+00,2.898976707136455389e+00
7.230000000000000870e-01,2.424273436893962241e+00,2.900928612168587772e+00
7.235000000000000320e-01,2.424273436893962241e+00,2.902880517200719268e+00
7.239999999999999769e-01,2.424273436893962241e+00,2.904832422232851208e+00
7.245000000000000329e-01,2.424273436893962241e+00,2.906784327264984036e+00
7.250000000000000888e-01,2.446814677594298715e+00,2.908736232297115976e+00
7.255000000000000338e-01,2.446814677594298715e+00,2.910112234794600461e+00
7.259999999999999787e-01,2.446814677594298715e+00,2.911488237292084058e+00
7.265000000000000346e-01,2.446814677594298715e+00,2.912864239789568543e+00
7.270000000000000906e-01,2.446814677594298715e+00,2.914240242287053029e+00
7.275000000000000355e-01,2.446814677594298715e+00,2.915616244784537070e+00
7.279999999999999805e-01,2.446814677594298715e+00,2.916992247282021111e+00
7.285000000000000364e-01,2.446814677594298715e+00,2.918368249779505597e+00
7.290000000000000924e-01,2.446814677594298715e+00,2.919744252276989194e+00
7.295000000000000373e-01,2.446814677594298715e+00,2.921120254774473679e+00
7.299999999999999822e-01,2.446814677594298715e+00,2.922496257271957720e+00
7.305000000000000382e-01,2.446814677594298715e+00,2.923872259769442650e+00
7.310000000000000941e-01,2.446814677594298715e+00,2.925248262266927135e+00
7.315000000000000391e-01,2.446814677594298715e+00,2.926624264764410732e+00
7.319999999999999840e-01,2.446814677594298715e+00,2.928000267261895218e+00
7.325000000000000400e-01,2.446814677594298715e+00,2.929376269759379259e+00
7.330000000000000959e-01,2.446814677594298715e+00,2.930752272256863300e+00
7.335000000000000409e-01,2.446814677594298715e+00,2.932128274754347785e+00
7.339999999999999858e-01,2.446814677594298715e+00,2.933504277251832271e+00
7.345000000000000417e-01,2.446814677594298715e+00,2.934880279749316756e+00
7.350000000000000977e-01,2.463678363248205105e+00,2.936256282246800797e+00
7.355000000000000426e-01,2.463678363248205105e+00,2.937037527502656786e+00
7.359999999999999876e-01,2.463678363248205105e+00,2.937818772758513219e+00
7.365000000000000435e-01,2.463678363248205105e+00,2.938600018014368764e+00
7.370000000000000995e-01,2.463678363248205105e+00,2.939381263270225197e+00
7.375000000000000444e-01,2.463678363248205105e+00,2.940162508526081631e+00
7.379999999999999893e-01,2.463678363248205105e+00,2.940943753781937620e+00
7.385000000000000453e-01,2.463678363248205105e+00,2.941724999037794497e+00
7.390000000000001013e-01,2.463678363248205105e+00,2.942506244293650930e+00
7.395000000000000462e-01,2.463678363248205105e+00,2.943287489549506475e+00
7.399999999999999911e-01,2.463678363248205105e+00,2.944068734805362464e+00
7.405000000000000471e-01,2.463678363248205105e+00,2.944849980061218453e+00
7.410000000000001030e-01,2.463678363248205105e+00,2.945631225317075774e+00
7.415000000000000480e-01,2.463678363248205105e+00,2.946412470572931319e+00
7.419999999999999929e-01,2.463678363248205105e+00,2.947193715828787308e+00
7.425000000000000488e-01,2.463678363248205105e+00,2.947974961084643741e+00
7.430000000000001048e-01,2.463678363248205105e+00,2.948756206340499730e+00
7.435000000000000497e-01,2.463678363248205105e+00,2.949537451596356163e+00
7.439999999999999947e-01,2.463678363248205105e+00,2.950318696852212597e+00
7.445000000000000506e-01,2.463678363248205105e+00,2.951099942108068586e+00
7.450000000000001066e-01,2.474620478790035882e+00,2.951881187363925019e+00
7.455000000000000515e-01,2.474620478790035882e+00,2.952051754216631796e+00
7.459999999999999964e-01,2.474620478790035882e+00,2.952222321069339017e+00
7.465000000000000524e-01,2.474620478790035882e+00,2.952392887922045794e+00
7.470000000000001084e-01,2.474620478790035882e+00,2.952563454774753016e+00
7.475000000000000533e-01,2.474620478790035882e+00,2.952734021627459793e+00
7.479999999999999982e-01,2.474620478790035882e+00,2.952904588480167014e+00
7.485000000000000542e-01,2.474620478790035882e+00,2.953075155332873791e+00
7.490000000000001101e-01,2.474620478790035882e+00,2.953245722185581013e+00
7.495000000000000551e-01,2.474620478790035882e+00,2.953416289038287790e+00
7.500000000000000000e-01,2.474620478790035882e+00,2.953586855890995011e+00
7.505000000000000560e-01,2.474620478790035882e+00,2.953757422743701788e+00
7.510000000000001119e-01,2.474620478790035882e+00,2.953927989596409454e+00
7.515000000000000568e-01,2.474620478790035882e+00,2.954098556449116231e+00
7.520000000000000018e-01,2.474620478790035882e+00,2.954269123301823008e+00
7.524999999999999467e-01,2.474620478790035882e+00,2.954439690154530229e+00
7.530000000000000027e-01,2.474620478790035882e+00,2.954610257007237450e+00
7.535000000000000586e-01,2.474620478790035882e+00,2.954780823859944228e+00
7.540000000000000036e-01,2.474620478790035882e+00,2.954951390712651005e+00
7.544999999999999485e-01,2.474620478790035882e+00,2.955121957565358670e+00
7.550000000000000044e-01,2.479377867671364477e+00,2.955292524418065003e+00
7.555000000000000604e-01,2.479377867671364477e+00,2.954838183623835768e+00
7.560000000000000053e-01,2.479377867671364477e+00,2.954383842829606088e+00
7.564999999999999503e-01,2.479377867671364477e+00,2.953929502035376853e+00
7.570000000000000062e-01,2.479377867671364477e+00,2.953475161241147617e+00
7.575000000000000622e-01,2.479377867671364477e+00,2.953020820446917938e+00
7.580000000000000071e-01,2.479377867671364477e+00,2.952566479652688258e+00
7.584999999999999520e-01,2.479377867671364477e+00,2.952112138858459023e+00
7.590000000000000080e-01,2.479377867671364477e+00,2.951657798064229787e+00
7.595000000000000639e-01,2.479377867671364477e+00,2.951203457270000108e+00
7.600000000000000089e-01,2.479377867671364477e+00,2.950749116475770872e+00
7.604999999999999538e-01,2.479377867671364477e+00,2.950294775681541637e+00
7.610000000000000098e-01,2.479377867671364477e+00,2.949840434887311957e+00
7.615000000000000657e-01,2.479377867671364477e+00,2.949386094093082278e+00
7.620000000000000107e-01,2.479377867671364477e+00,2.948931753298853042e+00
7.624999999999999556e-01,2.479377867671364477e+00,2.948477412504623807e+00
7.630000000000000115e-01,2.479377867671364477e+00,2.948023071710394127e+00
7.635000000000000675e-01,2.479377867671364477e+00,2.947568730916164892e+00
7.640000000000000124e-01,2.479377867671364477e+00,2.947114390121935656e+00
7.644999999999999574e-01,2.479377867671364477e+00,2.946660049327705977e+00
7.650000000000000133e-01,2.477626892010452053e+00,2.946205708533476741e+00
7.655000000000000693e-01,2.477626892010452053e+00,2.945117263149765297e+00
7.660000000000000142e-01,2.477626892010452053e+00,2.944028817766055184e+00
7.664999999999999591e-01,2.477626892010452053e+00,2.942940372382344183e+00
7.670000000000000151e-01,2.477626892010452053e+00,2.941851926998633182e+00
7.675000000000000711e-01,2.477626892010452053e+00,2.940763481614921737e+00
7.680000000000000160e-01,2.477626892010452053e+00,2.939675036231211624e+00
7.684999999999999609e-01,2.477626892010452053e+00,2.938586590847500624e+00
7.690000000000000169e-01,2.477626892010452053e+00,2.937498145463790067e+00
7.695000000000000728e-01,2.477626892010452053e+00,2.936409700080079066e+00
7.700000000000000178e-01,2.477626892010452053e+00,2.935321254696368065e+00
7.704999999999999627e-01,2.477626892010452053e+00,2.934232809312657508e+00
7.710000000000000187e-01,2.477626892010452053e+00,2.933144363928946508e+00
7.715000000000000746e-01,2.477626892010452053e+00,2.932055918545235507e+00
7.720000000000000195e-01,2.477626892010452053e+00,2.930967473161524950e+00
7.724999999999999645e-01,2.477626892010452053e+00,2.929879027777814393e+00
7.730000000000000204e-01,2.477626892010452053e+00,2.928790582394103392e+00
7.735000000000000764e-01,2.477626892010452053e+00,2.927702137010392391e+00
7.740000000000000213e-01,2.477626892010452053e+00,2.926613691626681835e+00
7.744999999999999662e-01,2.477626892010452053e+00,2.925525246242970834e+00
7.750000000000000222e-01,2.469065423692274663e+00,2.924436800859259833e+00
7.755000000000000782e-01,2.469065423692274663e+00,2.922711386977249859e+00
7.760000000000000231e-01,2.469065423692274663e+00,2.920985973095239441e+00
7.764999999999999680e-01,2.469065423692274663e+00,2.919260559213229467e+00
7.770000000000000240e-01,2.469065423692274663e+00,2.917535145331219049e+00
7.775000000000000799e-01,2.469065423692274663e+00,2.915809731449208630e+00
7.780000000000000249e-01,2.469065423692274663e+00,2.914084317567198656e+00
7.784999999999999698e-01,2.469065423692274663e+00,2.912358903685188682e+00
7.790000000000000258e-01,2.469065423692274663e+00,2.910633489803178264e+00
7.795000000000000817e-01,2.469065423692274663e+00,2.908908075921167846e+00
7.800000000000000266e-01,2.469065423692274663e+00,2.907182662039158316e+00
7.804999999999999716e-01,2.469065423692274663e+00,2.905457248157148342e+00
7.810000000000000275e-01,2.469065423692274663e+00,2.903731834275137480e+00
7.815000000000000835e-01,2.469065423692274663e+00,2.902006420393127506e+00
7.820000000000000284e-01,2.469065423692274663e+00,2.900281006511117532e+00
7.824999999999999734e-01,2.469065423692274663e+00,2.898555592629107558e+00
7.830000000000000293e-01,2.469065423692274663e+00,2.896830178747097584e+00
7.835000000000000853e-01,2.469065423692274663e+00,2.895104764865086722e+00
7.840000000000000302e-01,2.469065423692274663e+00,2.893379350983076304e+00
7.844999999999999751e-01,2.469065423692274663e+00,2.891653937101066774e+00
7.850000000000000311e-01,2.453430319874733812e+00,2.889928523219056355e+00
7.855000000000000870e-01,2.453430319874733812e+00,2.887569087801511891e+00
7.860000000000000320e-01,2.453430319874733812e+00,2.885209652383968315e+00
7.864999999999999769e-01,2.453430319874733812e+00,2.882850216966425183e+00
7.870000000000000329e-01,2.453430319874733812e+00,2.880490781548880719e+00
7.875000000000000888e-01,2.453430319874733812e+00,2.878131346131337143e+00
7.880000000000000338e-01,2.453430319874733812e+00,2.875771910713793567e+00
7.884999999999999787e-01,2.453430319874733812e+00,2.873412475296249546e+00
7.890000000000000346e-01,2.453430319874733812e+00,2.871053039878705970e+00
7.895000000000000906e-01,2.453430319874733812e+00,2.868693604461161950e+00
7.900000000000000355e-01,2.453430319874733812e+00,2.866334169043618374e+00
7.904999999999999805e-01,2.453430319874733812e+00,2.863974733626074798e+00
7.910000000000000364e-01,2.453430319874733812e+00,2.861615298208530778e+00
7.915000000000000924e-01,2.453430319874733812e+00,2.859255862790986313e+00
7.920000000000000373e-01,2.453430319874733812e+00,2.856896427373443181e+00
7.924999999999999822e-01,2.453430319874733812e+00,2.854536991955899605e+00
7.930000000000000382e-01,2.453430319874733812e+00,2.852177556538355585e+00
7.935000000000000941e-01,2.453430319874733812e+00,2.849818121120811565e+00
7.940000000000000391e-01,2.453430319874733812e+00,2.847458685703267989e+00
7.944999999999999840e-01,2.453430319874733812e+00,2.845099250285724413e+00
7.950000000000000400e-01,2.430487532042033383e+00,2.842739814868180392e+00
7.955000000000000959e-01,2.430487532042033383e+00,2.839755537531035934e+00
7.960000000000000409e-01,2.430487532042033383e+00,2.836771260193891919e+00
7.964999999999999858e-01,2.430487532042033383e+00,2.833786982856747905e+00
7.970000000000000417e-01,2.430487532042033383e+00,2.830802705519603890e+00
7.975000000000000977e-01,2.430487532042033383e+00,2.827818428182458987e+00
7.980000000000000426e-01,2.430487532042033383e+00,2.824834150845315861e+00
7.984999999999999876e-01,2.430487532042033383e+00,2.821849873508171846e+00
7.990000000000000435e-01,2.430487532042033383e+00,2.818865596171026944e+00
7.995000000000000995e-01,2.430487532042033383e+00,2.815881318833882041e+00
8.000000000000000444e-01,2.430487532042033383e+00,2.812897041496738915e+00
8.004999999999999893e-01,2.430487532042033383e+00,2.809912764159594900e+00
8.010000000000000453e-01,2.430487532042033383e+00,2.806928486822449997e+00
8.015000000000001013e-01,2.430487532042033383e+00,2.803944209485305983e+00
8.020000000000000462e-01,2.430487532042033383e+00,2.800959932148161968e+00
8.024999999999999911e-01,2.430487532042033383e+00,2.797975654811017954e+00
8.030000000000000471e-01,2.430487532042033383e+00,2.794991377473873939e+00
8.035000000000001030e-01,2.430487532042033383e+00,2.792007100136729925e+00
8.040000000000000480e-01,2.430487532042033383e+00,2.789022822799585910e+00
8.044999999999999929e-01,2.430487532042033383e+00,2.786038545462441895e+00
8.050000000000000488e-01,2.400174840455069791e+00,2.783054268125296993e+00
8.055000000000001048e-01,2.400174840455069791e+00,2.779463627500140088e+00
8.060000000000000497e-01,2.400174840455069791e+00,2.775872986874984516e+00
8.064999999999999947e-01,2.400174840455069791e+00,2.772282346249828944e+00
8.070000000000000506e-01,2.400174840455069791e+00,2.768691705624672039e+00
8.075000000000001066e-01,2.400174840455069791e+00,2.765101064999515579e+00
8.080000000000000515e-01,2.400174840455069791e+00,2.761510424374360007e+00
8.084999999999999964e-01,2.400174840455069791e+00,2.757919783749203990e+00
8.090000000000000524e-01,2.400174840455069791e+00,2.754329143124047086e+00
8.095000000000001084e-01,2.400174840455069791e+00,2.750738502498890625e+00
8.100000000000000533e-01,2.400174840455069791e+00,2.747147861873734609e+00
8.104999999999999982e-01,2.400174840455069791e+00,2.743557221248578593e+00
8.110000000000000542e-01,2.400174840455069791e+00,2.739966580623422576e+00
8.115000000000001101e-01,2.400174840455069791e+00,2.736375939998266116e+00
8.120000000000000551e-01,2.400174840455069791e+00,2.732785299373110099e+00
8.125000000000000000e-01,2.400174840455069791e+00,2.729194658747954083e+00
8.130000000000000560e-01,2.400174840455069791e+00,2.725604018122798067e+00
8.135000000000001119e-01,2.400174840455069791e+00,2.722013377497641606e+00
8.140000000000000568e-01,2.400174840455069791e+00,2.718422736872485146e+00
8.145000000000000018e-01,2.400174840455069791e+00,2.714832096247329574e+00
8.150000000000000577e-01,2.362446261855187579e+00,2.711241455622172669e+00
8.155000000000001137e-01,2.362446261855187579e+00,2.707069942281500108e+00
8.160000000000000586e-01,2.362446261855187579e+00,2.702898428940827991e+00
8.165000000000000036e-01,2.362446261855187579e+00,2.698726915600156318e+00
8.169999999999999485e-01,2.362446261855187579e+00,2.694555402259484644e+00
8.175000000000000044e-01,2.362446261855187579e+00,2.690383888918811195e+00
8.180000000000000604e-01,2.362446261855187579e+00,2.686212375578138634e+00
8.185000000000000053e-01,2.362446261855187579e+00,2.682040862237466960e+00
8.189999999999999503e-01,2.362446261855187579e+00,2.677869348896794843e+00
8.195000000000000062e-01,2.362446261855187579e+00,2.673697835556122282e+00
8.200000000000000622e-01,2.362446261855187579e+00,2.669526322215449721e+00
8.205000000000000071e-01,2.362446261855187579e+00,2.665354808874777603e+00
8.209999999999999520e-01,2.362446261855187579e+00,2.661183295534105486e+00
8.215000000000000080e-01,2.362446261855187579e+00,2.657011782193432925e+00
8.220000000000000639e-01,2.362446261855187579e+00,2.652840268852759920e+00
8.225000000000000089e-01,2.362446261855187579e+00,2.648668755512088246e+00
8.229999999999999538e-01,2.362446261855187579e+00,2.644497242171416573e+00
8.235000000000000098e-01,2.362446261855187579e+00,2.640325728830743124e+00
8.240000000000000657e-01,2.362446261855187579e+00,2.636154215490070563e+00
8.245000000000000107e-01,2.362446261855187579e+00,2.631982702149398889e+00
8.249999999999999556e-01,2.317256229461024386e+00,2.627811188808726772e+00
8.255000000000000115e-01,2.317256229461024386e+00,2.623090487213259436e+00
8.260000000000000675e-01,2.317256229461024386e+00,2.618369785617792544e+00
8.265000000000000124e-01,2.317256229461024386e+00,2.613649084022327429e+00
8.269999999999999574e-01,2.317256229461024386e+00,2.608928382426861425e+00
8.275000000000000133e-01,2.317256229461024386e+00,2.604207680831394089e+00
8.280000000000000693e-01,2.317256229461024386e+00,2.599486979235927198e+00
8.285000000000000142e-01,2.317256229461024386e+00,2.594766277640461638e+00
8.289999999999999591e-01,2.317256229461024386e+00,2.590045576044995634e+00
8.295000000000000151e-01,2.317256229461024386e+00,2.585324874449528298e+00
8.300000000000000711e-01,2.317256229461024386e+00,2.580604172854061851e+00
8.305000000000000160e-01,2.317256229461024386e+00,2.575883471258595847e+00
8.309999999999999609e-01,2.317256229461024386e+00,2.571162769663129399e+00
8.315000000000000169e-01,2.317256229461024386e+00,2.566442068067662952e+00
8.320000000000000728e-01,2.317256229461024386e+00,2.561721366472196060e+00
8.325000000000000178e-01,2.317256229461024386e+00,2.557000664876730056e+00
8.329999999999999627e-01,2.317256229461024386e+00,2.552279963281264052e+00
8.335000000000000187e-01,2.317256229461024386e+00,2.547559261685797161e+00
8.340000000000000746e-01,2.317256229461024386e+00,2.542838560090329825e+00
8.345000000000000195e-01,2.317256229461024386e+00,2.538117858494864265e+00
8.349999999999999645e-01,2.264816886075535773e+00,2.533397156899398261e+00
8.355000000000000204e-01,2.264816886075535773e+00,2.528167158520671531e+00
8.360000000000000764e-01,2.264816886075535773e+00,2.522937160141945689e+00
8.365000000000000213e-01,2.264816886075535773e+00,2.517707161763220736e+00
8.369999999999999662e-01,2.264816886075535773e+00,2.512477163384494894e+00
8.375000000000000222e-01,2.264816886075535773e+00,2.507247165005769052e+00
8.380000000000000782e-01,2.264816886075535773e+00,2.502017166627043210e+00
8.385000000000000231e-01,2.264816886075535773e+00,2.496787168248317812e+00
8.389999999999999680e-01,2.264816886075535773e+00,2.491557169869592414e+00
8.395000000000000240e-01,2.264816886075535773e+00,2.486327171490865684e+00
8.400000000000000799e-01,2.264816886075535773e+00,2.481097173112139842e+00
8.405000000000000249e-01,2.264816886075535773e+00,2.475867174733414444e+00
8.409999999999999698e-01,2.264816886075535773e+00,2.470637176354689490e+00
8.415000000000000258e-01,2.264816886075535773e+00,2.465407177975963648e+00
8.420000000000000817e-01,2.264816886075535773e+00,2.460177179597237362e+00
8.425000000000000266e-01,2.264816886075535773e+00,2.454947181218511076e+00
8.429999999999999716e-01,2.264816886075535773e+00,2.449717182839786567e+00
8.435000000000000275e-01,2.264816886075535773e+00,2.444487184461060281e+00
8.440000000000000835e-01,2.264816886075535773e+00,2.439257186082333551e+00
8.445000000000000284e-01,2.264816886075535773e+00,2.434027187703608597e+00
8.449999999999999734e-01,2.205210399573694691e+00,2.428797189324883643e+00
8.455000000000000293e-01,2.205210399573694691e+00,2.423103415151794060e+00
8.460000000000000853e-01,2.205210399573694691e+00,2.417409640978704921e+00
8.465000000000000302e-01,2.205210399573694691e+00,2.411715866805616670e+00
8.469999999999999751e-01,2.205210399573694691e+00,2.406022092632528420e+00
8.475000000000000311e-01,2.205210399573694691e+00,2.400328318459439281e+00
8.480000000000000870e-01,2.205210399573694691e+00,2.394634544286350142e+00
8.485000000000000320e-01,2.205210399573694691e+00,2.388940770113261891e+00
8.489999999999999769e-01,2.205210399573694691e+00,2.383246995940174084e+00
8.495000000000000329e-01,2.205210399573694691e+00,2.377553221767084501e+00
8.500000000000000888e-01,2.205210399573694691e+00,2.371859447593995363e+00
8.505000000000000338e-01,2.205210399573694691e+00,2.366165673420907556e+00
8.509999999999999787e-01,2.205210399573694691e+00,2.360471899247819305e+00
8.515000000000000346e-01,2.205210399573694691e+00,2.354778125074730610e+00
8.520000000000000906e-01,2.205210399573694691e+00,2.349084350901641027e+00
8.525000000000000355e-01,2.205210399573694691e+00,2.343390576728552332e+00
8.529999999999999805e-01,2.205210399573694691e+00,2.337696802555464970e+00
8.535000000000000364e-01,2.205210399573694691e+00,2.332003028382375831e+00
8.540000000000000924e-01,2.205210399573694691e+00,2.326309254209286248e+00
8.545000000000000373e-01,2.205210399573694691e+00,2.320615480036197553e+00
8.549999999999999822e-01,2.138302981611458264e+00,2.314921705863110191e+00
8.555000000000000382e-01,2.138302981611458264e+00,2.308813433109594637e+00
8.560000000000000941e-01,2.138302981611458264e+00,2.302705160356079528e+00
8.565000000000000391e-01,2.138302981611458264e+00,2.296596887602565307e+00
8.569999999999999840e-01,2.138302981611458264e+00,2.290488614849050641e+00
8.575000000000000400e-01,2.138302981611458264e+00,2.284380342095535532e+00
8.580000000000000959e-01,2.138302981611458264e+00,2.278272069342020423e+00
8.585000000000000409e-01,2.138302981611458264e+00,2.272163796588506202e+00
8.589999999999999858e-01,2.138302981611458264e+00,2.266055523834991980e+00
8.595000000000000417e-01,2.138302981611458264e+00,2.259947251081476871e+00
8.600000000000000977e-01,2.138302981611458264e+00,2.253838978327961318e+00
8.605000000000000426e-01,2.138302981611458264e+00,2.247730705574447541e+00
8.609999999999999876e-01,2.138302981611458264e+00,2.241622432820933319e+00
8.615000000000000435e-01,2.138302981611458264e+00,2.235514160067418210e+00
8.620000000000000995e-01,2.138302981611458264e+00,2.229405887313902657e+00
8.625000000000000444e-01,2.138302981611458264e+00,2.223297614560387991e+00
8.629999999999999893e-01,2.138302981611458264e+00,2.217189341806874658e+00
8.635000000000000453e-01,2.138302981611458264e+00,2.211081069053359105e+00
8.640000000000001013e-01,2.138302981611458264e+00,2.204972796299843552e+00
8.645000000000000462e-01,2.138302981611458264e+00,2.198864523546329330e+00
8.649999999999999911e-01,2.064546720064116769e+00,2.192756250792815553e+00
8.655000000000000471e-01,2.064546720064116769e+00,2.186289994996019725e+00
8.660000000000001030e-01,2.064546720064116769e+00,2.179823739199223454e+00
8.665000000000000480e-01,2.064546720064116769e+00,2.173357483402429402e+00
8.669999999999999929e-01,2.064546720064116769e+00,2.166891227605634906e+00
8.675000000000000488e-01,2.064546720064116769e+00,2.160424971808839079e+00
8.680000000000001048e-01,2.064546720064116769e+00,2.153958716012042807e+00
8.685000000000000497e-01,2.064546720064116769e+00,2.147492460215248755e+00
8.689999999999999947e-01,2.064546720064116769e+00,2.141026204418454704e+00
8.695000000000000506e-01,2.064546720064116769e+00,2.134559948621658876e+00
8.700000000000001066e-01,2.064546720064116769e+00,2.128093692824863048e+00
8.705000000000000515e-01,2.064546720064116769e+00,2.121627437028068108e+00
8.709999999999999964e-01,2.064546720064116769e+00,2.115161181231274057e+00
8.715000000000000524e-01,2.064546720064116769e+00,2.108694925434478229e+00
8.720000000000001084e-01,2.064546720064116769e+00,2.102228669637681957e+00
8.725000000000000533e-01,2.064546720064116769e+00,2.095762413840887461e+00
8.729999999999999982e-01,2.064546720064116769e+00,2.089296158044092966e+00
8.735000000000000542e-01,2.064546720064116769e+00,2.082829902247297582e+00
8.740000000000001101e-01,2.064546720064116769e+00,2.076363646450501754e+00
8.745000000000000551e-01,2.064546720064116769e+00,2.069897390653706815e+00
8.750000000000000000e-01,1.984463832655402493e+00,2.063431134856912763e+00
8.755000000000000560e-01,1.984463832655402493e+00,2.056669300969008241e+00
8.760000000000001119e-01,1.984463832655402493e+00,2.049907467081103274e+00
8.765000000000000568e-01,1.984463832655402493e+00,2.043145633193200528e+00
8.770000000000000018e-01,1.984463832655402493e+00,2.036383799305297337e+00
8.775000000000000577e-01,1.984463832655402493e+00,2.029621965417392815e+00
8.780000000000001137e-01,1.984463832655402493e+00,2.022860131529488292e+00
8.785000000000000586e-01,1.984463832655402493e+00,2.016098297641585102e+00
8.790000000000000036e-01,1.984463832655402493e+00,2.009336463753682800e+00
8.795000000000000595e-01,1.984463832655402493e+00,2.002574629865777389e+00
8.800000000000000044e-01,1.984463832655402493e+00,1.995812795977874643e+00
8.805000000000000604e-01,1.984463832655402493e+00,1.989050962089970120e+00
8.810000000000000053e-01,1.984463832655402493e+00,1.982289128202066930e+00
8.814999999999999503e-01,1.984463832655402493e+00,1.975527294314164184e+00
8.820000000000000062e-01,1.984463832655402493e+00,1.968765460426259217e+00
8.825000000000000622e-01,1.984463832655402493e+00,1.962003626538355139e+00
8.830000000000000071e-01,1.984463832655402493e+00,1.955241792650451726e+00
8.834999999999999520e-01,1.984463832655402493e+00,1.948479958762548758e+00
8.840000000000000080e-01,1.984463832655402493e+00,1.941718124874644680e+00
8.845000000000000639e-01,1.984463832655402493e+00,1.934956290986739713e+00
8.850000000000000089e-01,1.897970487396189343e+00,1.928194457098836301e+00
8.854999999999999538e-01,1.897970487396189343e+00,1.921202187964756058e+00
8.860000000000000098e-01,1.897970487396189343e+00,1.914209918830674706e+00
8.865000000000000657e-01,1.897970487396189343e+00,1.907217649696592687e+00
8.870000000000000107e-01,1.897970487396189343e+00,1.900225380562512001e+00
8.874999999999999556e-01,1.897970487396189343e+00,1.893233111428432203e+00
8.880000000000000115e-01,1.897970487396189343e+00,1.886240842294350184e+00
8.885000000000000675e-01,1.897970487396189343e+00,1.879248573160268609e+00
8.890000000000000124e-01,1.897970487396189343e+00,1.872256304026187923e+00
8.894999999999999574e-01,1.897970487396189343e+00,1.865264034892107681e+00
8.900000000000000133e-01,1.897970487396189343e+00,1.858271765758025884e+00
8.905000000000000693e-01,1.897970487396189343e+00,1.851279496623944087e+00
8.910000000000000142e-01,1.897970487396189343e+00,1.844287227489864067e+00
8.914999999999999591e-01,1.897970487396189343e+00,1.837294958355783603e+00
8.920000000000000151e-01,1.897970487396189343e+00,1.830302689221701584e+00
8.925000000000000711e-01,1.897970487396189343e+00,1.823310420087620010e+00
8.930000000000000160e-01,1.897970487396189343e+00,1.816318150953539767e+00
8.934999999999999609e-01,1.897970487396189343e+00,1.809325881819459525e+00
8.940000000000000169e-01,1.897970487396189343e+00,1.802333612685377284e+00
8.945000000000000728e-01,1.897970487396189343e+00,1.795341343551295488e+00
8.950000000000000178e-01,1.805804044640653139e+00,1.788349074417215245e+00
8.954999999999999627e-01,1.805804044640653139e+00,1.781196209001161268e+00
8.960000000000000187e-01,1.805804044640653139e+00,1.774043343585105070e+00
8.965000000000000746e-01,1.805804044640653139e+00,1.766890478169049317e+00
8.970000000000000195e-01,1.805804044640653139e+00,1.759737612752995117e+00
8.974999999999999645e-01,1.805804044640653139e+00,1.752584747336940918e+00
8.980000000000000204e-01,1.805804044640653139e+00,1.745431881920884720e+00
8.985000000000000764e-01,1.805804044640653139e+00,1.738279016504828745e+00
8.990000000000000213e-01,1.805804044640653139e+00,1.731126151088774545e+00
8.994999999999999662e-01,1.805804044640653139e+00,1.723973285672720346e+00
9.000000000000000222e-01,1.805804044640653139e+00,1.716820420256664370e+00
9.005000000000000782e-01,1.805804044640653139e+00,1.709667554840608394e+00
9.010000000000000231e-01,1.805804044640653139e+00,1.702514689424554195e+00
9.015000000000000790e-01,1.805804044640653139e+00,1.695361824008498441e+00
9.020000000000000240e-01,1.805804044640653139e+00,1.688208958592443576e+00
9.025000000000000799e-01,1.805804044640653139e+00,1.681056093176388266e+00
9.030000000000000249e-01,1.805804044640653139e+00,1.673903227760333401e+00
9.035000000000000808e-01,1.805804044640653139e+00,1.666750362344277647e+00
9.040000000000000258e-01,1.805804044640653139e+00,1.659597496928223448e+00
9.045000000000000817e-01,1.805804044640653139e+00,1.652444631512167472e+00
9.050000000000000266e-01,1.708613823029996981e+00,1.645291766096113051e+00
9.055000000000000826e-01,1.708613823029996981e+00,1.638051141278132894e+00
9.060000000000000275e-01,1.708613823029996981e+00,1.630810516460154291e+00
9.065000000000000835e-01,1.708613823029996981e+00,1.623569891642173912e+00
9.070000000000000284e-01,1.708613823029996981e+00,1.616329266824195088e+00
9.075000000000000844e-01,1.708613823029996981e+00,1.609088642006214931e+00
9.080000000000000293e-01,1.708613823029996981e+00,1.601848017188236550e+00
9.085000000000000853e-01,1.708613823029996981e+00,1.594607392370256171e+00
9.090000000000000302e-01,1.708613823029996981e+00,1.587366767552277791e+00
9.095000000000000862e-01,1.708613823029996981e+00,1.580126142734297634e+00
9.100000000000000311e-01,1.708613823029996981e+00,1.572885517916318587e+00
9.105000000000000870e-01,1.708613823029996981e+00,1.565644893098338430e+00
9.110000000000000320e-01,1.708613823029996981e+00,1.558404268280360050e+00
9.115000000000000879e-01,1.708613823029996981e+00,1.551163643462379671e+00
9.120000000000000329e-01,1.708613823029996981e+00,1.543923018644400624e+00
9.124999999999999778e-01,1.708613823029996981e+00,1.536682393826422466e+00
9.130000000000000338e-01,1.708613823029996981e+00,1.529441769008442309e+00
9.134999999999999787e-01,1.708613823029996981e+00,1.522201144190463484e+00
9.140000000000000346e-01,1.708613823029996981e+00,1.514960519372483327e+00
9.144999999999999796e-01,1.708613823029996981e+00,1.507719894554504725e+00
9.150000000000000355e-01,1.606499437394978802e+00,1.500479269736524568e+00
9.154999999999999805e-01,1.606499437394978802e+00,1.493225421135909725e+00
9.160000000000000364e-01,1.606499437394978802e+00,1.485971572535293550e+00
9.164999999999999813e-01,1.606499437394978802e+00,1.478717723934679373e+00
9.170000000000000373e-01,1.606499437394978802e+00,1.471463875334063642e+00
9.174999999999999822e-01,1.606499437394978802e+00,1.464210026733448800e+00
9.180000000000000382e-01,1.606499437394978802e+00,1.456956178132832624e+00
9.184999999999999831e-01,1.606499437394978802e+00,1.449702329532218226e+00
9.190000000000000391e-01,1.606499437394978802e+00,1.442448480931602495e+00
9.194999999999999840e-01,1.606499437394978802e+00,1.435194632330987874e+00
9.200000000000000400e-01,1.606499437394978802e+00,1.427940783730371699e+00
9.204999999999999849e-01,1.606499437394978802e+00,1.420686935129757078e+00
9.210000000000000409e-01,1.606499437394978802e+00,1.413433086529141125e+00
9.214999999999999858e-01,1.606499437394978802e+00,1.406179237928526282e+00
9.220000000000000417e-01,1.606499437394978802e+00,1.398925389327910551e+00
9.224999999999999867e-01,1.606499437394978802e+00,1.391671540727296819e+00
9.230000000000000426e-01,1.606499437394978802e+00,1.384417692126680199e+00
9.234999999999999876e-01,1.606499437394978802e+00,1.377163843526065801e+00
9.240000000000000435e-01,1.606499437394978802e+00,1.369909994925450292e+00
9.244999999999999885e-01,1.606499437394978802e+00,1.362656146324835449e+00
9.250000000000000444e-01,1.499796240703853645e+00,1.355402297724219496e+00
9.254999999999999893e-01,1.499796240703853645e+00,1.348211416149234010e+00
9.260000000000000453e-01,1.499796240703853645e+00,1.341020534574246970e+00
9.264999999999999902e-01,1.499796240703853645e+00,1.333829652999261484e+00
9.270000000000000462e-01,1.499796240703853645e+00,1.326638771424274665e+00
9.274999999999999911e-01,1.499796240703853645e+00,1.319447889849289623e+00
9.280000000000000471e-01,1.499796240703853645e+00,1.312257008274302805e+00
9.284999999999999920e-01,1.499796240703853645e+00,1.305066126699317763e+00
9.290000000000000480e-01,1.499796240703853645e+00,1.297875245124330501e+00
9.294999999999999929e-01,1.499796240703853645e+00,1.290684363549345903e+00
9.300000000000000488e-01,1.499796240703853645e+00,1.283493481974358863e+00
9.304999999999999938e-01,1.499796240703853645e+00,1.276302600399373155e+00
9.310000000000000497e-01,1.499796240703853645e+00,1.269111718824387003e+00
9.314999999999999947e-01,1.499796240703853645e+00,1.261920837249401295e+00
9.320000000000000506e-01,1.499796240703853645e+00,1.254729955674414033e+00
9.324999999999999956e-01,1.499796240703853645e+00,1.247539074099429213e+00
9.330000000000000515e-01,1.499796240703853645e+00,1.240348192524442394e+00
9.334999999999999964e-01,1.499796240703853645e+00,1.233157310949457131e+00
9.340000000000000524e-01,1.499796240703853645e+00,1.225966429374470312e+00
9.344999999999999973e-01,1.499796240703853645e+00,1.218775547799485270e+00
9.350000000000000533e-01,1.389672717537542734e+00,1.211584666224498008e+00
9.354999999999999982e-01,1.389672717537542734e+00,1.204532871741231581e+00
9.360000000000000542e-01,1.389672717537542734e+00,1.197481077257964044e+00
9.364999999999999991e-01,1.389672717537542734e+00,1.190429282774696729e+00
9.370000000000000551e-01,1.389672717537542734e+00,1.183377488291428747e+00
9.375000000000000000e-01,1.389672717537542734e+00,1.176325693808161876e+00
9.380000000000000560e-01,1.389672717537542734e+00,1.169273899324894117e+00
9.385000000000000009e-01,1.389672717537542734e+00,1.162222104841627912e+00
9.390000000000000568e-01,1.389672717537542734e+00,1.155170310358359487e+00
9.395000000000000018e-01,1.389672717537542734e+00,1.148118515875092838e+00
9.400000000000000577e-01,1.389672717537542734e+00,1.141066721391824856e+00
9.405000000000000027e-01,1.389672717537542734e+00,1.134014926908558207e+00
9.410000000000000586e-01,1.389672717537542734e+00,1.126963132425290226e+00
9.415000000000000036e-01,1.389672717537542734e+00,1.119911337942023577e+00
9.420000000000000595e-01,1.389672717537542734e+00,1.112859543458754930e+00
9.425000000000000044e-01,1.389672717537542734e+00,1.105807748975489391e+00
9.430000000000000604e-01,1.389672717537542734e+00,1.098755954492220521e+00
9.435000000000000053e-01,1.389672717537542734e+00,1.091704160008954316e+00
9.440000000000000613e-01,1.389672717537542734e+00,1.084652365525686335e+00
9.445000000000000062e-01,1.389672717537542734e+00,1.077600571042419464e+00
9.450000000000000622e-01,1.277157403705375893e+00,1.070548776559151705e+00
9.455000000000000071e-01,1.277157403705375893e+00,1.063710329030543633e+00
9.460000000000000631e-01,1.277157403705375893e+00,1.056871881501934007e+00
9.465000000000000080e-01,1.277157403705375893e+00,1.050033433973325492e+00
9.470000000000000639e-01,1.277157403705375893e+00,1.043194986444715422e+00
9.475000000000000089e-01,1.277157403705375893e+00,1.036356538916107795e+00
9.480000000000000648e-01,1.277157403705375893e+00,1.029518091387497947e+00
9.485000000000000098e-01,1.277157403705375893e+00,1.022679643858889875e+00
9.490000000000000657e-01,1.277157403705375893e+00,1.015841196330279805e+00
9.495000000000000107e-01,1.277157403705375893e+00,1.009002748801671956e+00
9.500000000000000666e-01,1.277157403705375893e+00,1.002164301273062552e+00
9.505000000000000115e-01,1.277157403705375893e+00,9.953258537444542586e-01
9.510000000000000675e-01,1.277157403705375893e+00,9.884874062158444108e-01
9.515000000000000124e-01,1.277157403705375893e+00,9.816489586872364503e-01
9.520000000000000684e-01,1.277157403705375893e+00,9.748105111586270466e-01
9.525000000000000133e-01,1.277157403705375893e+00,9.679720636300187531e-01
9.530000000000000693e-01,1.277157403705375893e+00,9.611336161014086832e-01
9.535000000000000142e-01,1.277157403705375893e+00,9.542951685728007227e-01
9.540000000000000702e-01,1.277157403705375893e+00,9.474567210441910969e-01
9.545000000000000151e-01,1.277157403705375893e+00,9.406182735155831365e-01
9.550000000000000711e-01,1.163061088799983711e+00,9.337798259869728446e-01
9.555000000000000160e-01,1.163061088799983711e+00,9.272267683193027299e-01
9.560000000000000719e-01,1.163061088799983711e+00,9.206737106516320601e-01
9.565000000000000169e-01,1.163061088799983711e+00,9.141206529839625006e-01
9.570000000000000728e-01,1.163061088799983711e+00,9.075675953162899434e-01
9.575000000000000178e-01,1.163061088799983711e+00,9.010145376486208280e-01
9.580000000000000737e-01,1.163061088799983711e+00,8.944614799809496031e-01
9.585000000000000187e-01,1.163061088799983711e+00,8.879084223132794884e-01
9.590000000000000746e-01,1.163061088799983711e+00,8.813553646456079305e-01
9.595000000000000195e-01,1.163061088799983711e+00,8.748023069779379268e-01
9.600000000000000755e-01,1.163061088799983711e+00,8.682492493102667019e-01
9.605000000000000204e-01,1.163061088799983711e+00,8.616961916425971424e-01
9.610000000000000764e-01,1.163061088799983711e+00,8.551431339749255844e-01
9.615000000000000213e-01,1.163061088799983711e+00,8.485900763072552477e-01
9.620000000000000773e-01,1.163061088799983711e+00,8.420370186395848000e-01
9.625000000000000222e-01,1.163061088799983711e+00,8.354839609719146853e-01
9.630000000000000782e-01,1.163061088799983711e+00,8.289309033042429053e-01
9.635000000000000231e-01,1.163061088799983711e+00,8.223778456365722356e-01
9.640000000000000790e-01,1.163061088799983711e+00,8.158247879689015658e-01
9.645000000000000240e-01,1.163061088799983711e+00,8.092717303012315622e-01
9.650000000000000799e-01,1.048756451824906621e+00,8.027186726335602263e-01
9.655000000000000249e-01,1.048756451824906621e+00,7.965177493688311294e-01
9.660000000000000808e-01,1.048756451824906621e+00,7.903168261041009224e-01
9.665000000000000258e-01,1.048756451824906621e+00,7.841159028393720476e-01
9.670000000000000817e-01,1.048756451824906621e+00,7.779149795746409524e-01
9.675000000000000266e-01,1.048756451824906621e+00,7.717140563099121886e-01
9.680000000000000826e-01,1.048756451824906621e+00,7.655131330451817595e-01
9.685000000000000275e-01,1.048756451824906621e+00,7.593122097804532178e-01
9.690000000000000835e-01,1.048756451824906621e+00,7.531112865157220115e-01
9.695000000000000284e-01,1.048756451824906621e+00,7.469103632509925816e-01
9.700000000000000844e-01,1.048756451824906621e+00,7.407094399862630407e-01
9.705000000000000293e-01,1.048756451824906621e+00,7.345085167215337218e-01
9.710000000000000853e-01,1.048756451824906621e+00,7.283075934568031817e-01
9.715000000000000302e-01,1.048756451824906621e+00,7.221066701920739739e-01
9.720000000000000862e-01,1.048756451824906621e+00,7.159057469273439889e-01
9.725000000000000311e-01,1.048756451824906621e+00,7.097048236626144480e-01
9.730000000000000870e-01,1.048756451824906621e+00,7.035039003978841299e-01
9.735000000000000320e-01,1.048756451824906621e+00,6.973029771331542559e-01
9.740000000000000879e-01,1.048756451824906621e+00,6.911020538684248260e-01
9.745000000000000329e-01,1.048756451824906621e+00,6.849011306036958402e-01
9.750000000000000888e-01,9.360272979913901725e-01,6.787002073389647450e-01
9.755000000000000338e-01,9.360272979913901725e-01,6.729090353864005669e-01
9.760000000000000897e-01,9.360272979913901725e-01,6.671178634338358338e-01
9.765000000000000346e-01,9.360272979913901725e-01,6.613266914812722108e-01
9.769999999999999796e-01,9.360272979913901725e-01,6.555355195287078107e-01
9.775000000000000355e-01,9.360272979913901725e-01,6.497443475761421894e-01
9.779999999999999805e-01,9.360272979913901725e-01,6.439531756235776783e-01
9.785000000000000364e-01,9.360272979913901725e-01,6.381620036710131671e-01
9.789999999999999813e-01,9.360272979913901725e-01,6.323708317184491001e-01
9.795000000000000373e-01,9.360272979913901725e-01,6.265796597658828126e-01
9.799999999999999822e-01,9.360272979913901725e-01,6.207884878133190787e-01
9.805000000000000382e-01,9.360272979913901725e-01,6.149973158607537904e-01
9.809999999999999831e-01,9.360272979913901725e-01,6.092061439081901675e-01
9.815000000000000391e-01,9.360272979913901725e-01,6.034149719556242131e-01
9.819999999999999840e-01,9.360272979913901725e-01,5.976238000030600350e-01
9.825000000000000400e-01,9.360272979913901725e-01,5.918326280504954129e-01
9.829999999999999849e-01,9.360272979913901725e-01,5.860414560979312348e-01
9.835000000000000409e-01,9.360272979913901725e-01,5.802502841453649474e-01
9.839999999999999858e-01,9.360272979913901725e-01,5.744591121928008803e-01
9.845000000000000417e-01,9.360272979913901725e-01,5.686679402402363692e-01
9.849999999999999867e-01,8.252186976987978539e-01,5.628767682876725242e-01
9.855000000000000426e-01,8.252186976987978539e-01,5.575479733273398519e-01
9.859999999999999876e-01,8.252186976987978539e-01,5.522191783670096221e-01
9.865000000000000435e-01,8.252186976987978539e-01,5.468903834066785041e-01
9.869999999999999885e-01,8.252186976987978539e-01,5.415615884463484964e-01
9.875000000000000444e-01,8.252186976987978539e-01,5.362327934860161571e-01
9.879999999999999893e-01,8.252186976987978539e-01,5.309039985256855942e-01
9.885000000000000453e-01,8.252186976987978539e-01,5.255752035653549203e-01
9.889999999999999902e-01,8.252186976987978539e-01,5.202464086050241354e-01
9.895000000000000462e-01,8.252186976987978539e-01,5.149176136446920182e-01
9.899999999999999911e-01,8.252186976987978539e-01,5.095888186843613443e-01
9.905000000000000471e-01,8.252186976987978539e-01,5.042600237240301153e-01
9.909999999999999920e-01,8.252186976987978539e-01,4.989312287637002741e-01
9.915000000000000480e-01,8.252186976987978539e-01,4.936024338033678793e-01
9.919999999999999929e-01,8.252186976987978539e-01,4.882736388430370944e-01
9.925000000000000488e-01,8.252186976987978539e-01,4.829448438827066425e-01
9.929999999999999938e-01,8.252186976987978539e-01,4.776160489223761352e-01
9.935000000000000497e-01,8.252186976987978539e-01,4.722872539620439070e-01
9.939999999999999947e-01,8.252186976987978539e-01,4.669584590017135661e-01
9.945000000000000506e-01,8.252186976987978539e-01,4.616296640413823926e-01
9.949999999999999956e-01,7.171522459778731928e-01,4.563008690810521628e-01
9.955000000000000515e-01,7.171522459778731928e-01,4.514789909699065684e-01
9.959999999999999964e-01,7.171522459778731928e-01,4.466571128587629169e-01
9.965000000000000524e-01,7.171522459778731928e-01,4.418352347476182107e-01
9.969999999999999973e-01,7.171522459778731928e-01,4.370133566364740596e-01
9.975000000000000533e-01,7.171522459778731928e-01,4.321914785253281321e-01
9.979999999999999982e-01,7.171522459778731928e-01,4.273696004141844806e-01
9.985000000000000542e-01,7.171522459778731928e-01,4.225477223030402740e-01
9.989999999999999991e-01,7.171522459778731928e-01,4.177258441918955123e-01
9.995000000000000551e-01,7.171522459778731928e-01,4.129039660807500844e-01
1.000000000000000000e+00,7.171522459778731928e-01,4.080820879696061554e-01
1.000500000000000167e+00,7.171522459778731928e-01,4.032602098584600059e-01
1.000999999999999890e+00,7.171522459778731928e-01,3.984383317473181862e-01
1.001500000000000057e+00,7.171522459778731928e-01,3.936164536361719257e-01
1.002000000000000002e+00,7.171522459778731928e-01,3.887945755250282742e-01
1.002499999999999947e+00,7.171522459778731928e-01,3.839726974138843452e-01
1.003000000000000114e+00,7.171522459778731928e-01,3.791508193027379736e-01
1.003500000000000059e+00,7.171522459778731928e-01,3.743289411915938225e-01
1.004000000000000004e+00,7.171522459778731928e-01,3.695070630804495604e-01
1.004500000000000171e+00,7.171522459778731928e-01,3.646851849693033554e-01
1.004999999999999893e+00,6.127677754599470950e-01,3.598633068581620909e-01
1.005500000000000060e+00,6.127677754599470950e-01,3.555832147731143866e-01
1.006000000000000005e+00,6.127677754599470950e-01,3.513031226880682922e-01
1.006499999999999950e+00,6.127677754599470950e-01,3.470230306030220868e-01
1.007000000000000117e+00,6.127677754599470950e-01,3.427429385179738830e-01
1.007500000000000062e+00,6.127677754599470950e-01,3.384628464329281217e-01
1.008000000000000007e+00,6.127677754599470950e-01,3.341827543478829710e-01
1.008500000000000174e+00,6.127677754599470950e-01,3.299026622628348226e-01
1.008999999999999897e+00,6.127677754599470950e-01,3.256225701777907267e-01
1.009500000000000064e+00,6.127677754599470950e-01,3.213424780927427449e-01
1.010000000000000009e+00,6.127677754599470950e-01,3.170623860076965395e-01
1.010499999999999954e+00,6.127677754599470950e-01,3.127822939226507226e-01
1.011000000000000121e+00,6.127677754599470950e-01,3.085022018376026853e-01
1.011500000000000066e+00,6.127677754599470950e-01,3.042221097525569240e-01
1.012000000000000011e+00,6.127677754599470950e-01,2.999420176675111072e-01
1.012500000000000178e+00,6.127677754599470950e-01,2.956619255824632919e-01
1.012999999999999901e+00,6.127677754599470950e-01,2.913818334974193625e-01
1.013500000000000068e+00,6.127677754599470950e-01,2.871017414123712697e-01
1.014000000000000012e+00,6.127677754599470950e-01,2.828216493273256749e-01
1.014499999999999957e+00,6.127677754599470950e-01,2.785415572422795250e-01
1.015000000000000124e+00,5.122469431812808338e-01,2.742614651572318207e-01
1.015500000000000069e+00,5.122469431812808338e-01,2.705521126913230101e-01
1.016000000000000014e+00,5.122469431812808338e-01,2.668427602254138109e-01
1.016500000000000181e+00,5.122469431812808338e-01,2.631334077595030019e-01
1.016999999999999904e+00,5.122469431812808338e-01,2.594240552935955235e-01
1.017500000000000071e+00,5.122469431812808338e-01,2.557147028276849920e-01
1.018000000000000016e+00,5.122469431812808338e-01,2.520053503617759039e-01
1.018499999999999961e+00,5.122469431812808338e-01,2.482959978958665381e-01
1.019000000000000128e+00,5.122469431812808338e-01,2.445866454299560622e-01
1.019500000000000073e+00,5.122469431812808338e-01,2.408772929640466964e-01
1.020000000000000018e+00,5.122469431812808338e-01,2.371679404981378858e-01
1.020500000000000185e+00,5.122469431812808338e-01,2.334585880322271323e-01
1.020999999999999908e+00,5.122469431812808338e-01,2.297492355663197650e-01
1.021500000000000075e+00,5.122469431812808338e-01,2.260398831004087894e-01
1.022000000000000020e+00,5.122469431812808338e-01,2.223305306344998677e-01
1.022499999999999964e+00,5.122469431812808338e-01,2.186211781685906685e-01
1.023000000000000131e+00,5.122469431812808338e-01,2.149118257026796375e-01
1.023500000000000076e+00,5.122469431812808338e-01,2.112024732367705493e-01
1.024000000000000021e+00,5.122469431812808338e-01,2.074931207708617942e-01
1.024500000000000188e+00,5.122469431812808338e-01,2.037837683049510407e-01
1.024999999999999911e+00,4.163144573126346115e-01,2.000744158390435623e-01
1.025500000000000078e+00,4.163144573126346115e-01,1.969554419310191040e-01
1.026000000000000023e+00,4.163144573126346115e-01,1.938364680229954229e-01
1.026499999999999968e+00,4.163144573126346115e-01,1.907174941149722414e-01
1.027000000000000135e+00,4.163144573126346115e-01,1.875985202069475610e-01
1.027500000000000080e+00,4.163144573126346115e-01,1.844795462989244905e-01
1.028000000000000025e+00,4.163144573126346115e-01,1.813605723909011980e-01
1.028500000000000192e+00,4.163144573126346115e-01,1.782415984828765176e-01
1.028999999999999915e+00,4.163144573126346115e-01,1.751226245748546129e-01
1.029500000000000082e+00,4.163144573126346115e-01,1.720036506668299880e-01
1.030000000000000027e+00,4.163144573126346115e-01,1.688846767588064735e-01
1.030499999999999972e+00,4.163144573126346115e-01,1.657657028507834585e-01
1.031000000000000139e+00,4.163144573126346115e-01,1.626467289427590002e-01
1.031500000000000083e+00,4.163144573126346115e-01,1.595277550347348750e-01
1.032000000000000028e+00,4.163144573126346115e-01,1.564087811267120820e-01
1.032500000000000195e+00,4.163144573126346115e-01,1.532898072186873462e-01
1.032999999999999918e+00,4.163144573126346115e-01,1.501708333106653304e-01
1.033500000000000085e+00,4.163144573126346115e-01,1.470518594026412051e-01
1.034000000000000030e+00,4.163144573126346115e-01,1.439328854946178016e-01
1.034499999999999975e+00,4.163144573126346115e-01,1.408139115865940649e-01
1.035000000000000142e+00,3.249495433392437516e-01,1.376949376785699952e-01
1.035500000000000087e+00,3.249495433392437516e-01,1.351810387904396338e-01
1.036000000000000032e+00,3.249495433392437516e-01,1.326671399023094944e-01
1.036500000000000199e+00,3.249495433392437516e-01,1.301532410141792995e-01
1.036999999999999922e+00,3.249495433392437516e-01,1.276393421260496042e-01
1.037500000000000089e+00,3.249495433392437516e-01,1.251254432379182990e-01
1.038000000000000034e+00,3.249495433392437516e-01,1.226115443497883817e-01
1.038499999999999979e+00,3.249495433392437516e-01,1.200976454616580757e-01
1.039000000000000146e+00,3.249495433392437516e-01,1.175837465735267706e-01
1.039500000000000091e+00,3.249495433392437516e-01,1.150698476853965202e-01
1.040000000000000036e+00,3.249495433392437516e-01,1.125559487972659367e-01
1.040499999999999980e+00,3.249495433392437516e-01,1.100420499091362969e-01
1.040999999999999925e+00,3.249495433392437516e-01,1.075281510210057689e-01
1.041500000000000092e+00,3.249495433392437516e-01,1.050142521328745193e-01
1.042000000000000037e+00,3.249495433392437516e-01,1.025003532447446020e-01
1.042499999999999982e+00,3.249495433392437516e-01,9.998645435661468461e-02
1.043000000000000149e+00,3.249495433392437516e-01,9.747255546848304641e-02
1.043499999999999872e+00,3.249495433392437516e-01,9.495865658035462786e-02
1.044000000000000039e+00,3.249495433392437516e-01,9.244475769222315620e-02
1.044499999999999984e+00,3.249495433392437516e-01,8.993085880409235067e-02
1.044999999999999929e+00,2.399406047027058675e-01,8.741695991596326598e-02
1.045500000000000096e+00,2.399406047027058675e-01,8.550440338248237182e-02
1.046000000000000041e+00,2.399406047027058675e-01,8.359184684900287932e-02
1.046499999999999986e+00,2.399406047027058675e-01,8.167929031552338681e-02
1.047000000000000153e+00,2.399406047027058675e-01,7.976673378204326981e-02
1.047499999999999876e+00,2.399406047027058675e-01,7.785417724856379118e-02
1.048000000000000043e+00,2.399406047027058675e-01,7.594162071508417378e-02
1.048499999999999988e+00,2.399406047027058675e-01,7.402906418160423718e-02
1.048999999999999932e+00,2.399406047027058675e-01,7.211650764812485570e-02
1.049500000000000099e+00,2.399406047027058675e-01,7.020395111464462767e-02
1.050000000000000044e+00,2.399406047027058675e-01,6.829139458116441352e-02
1.050499999999999989e+00,2.399406047027058675e-01,6.637883804768497653e-02
1.051000000000000156e+00,2.399406047027058675e-01,6.446628151420480402e-02
1.051499999999999879e+00,2.399406047027058675e-01,6.255372498072599152e-02
1.052000000000000046e+00,2.399406047027058675e-01,6.064116844724570798e-02
1.052499999999999991e+00,2.399406047027058675e-01,5.872861191376593792e-02
1.052999999999999936e+00,2.399406047027058675e-01,5.681605538028589031e-02
1.053500000000000103e+00,2.399406047027058675e-01,5.490349884680616188e-02
1.054000000000000048e+00,2.399406047027058675e-01,5.299094231332700244e-02
1.054499999999999993e+00,2.399406047027058675e-01,5.107838577984717687e-02
1.055000000000000160e+00,1.616220369851243399e-01,4.916582924636726804e-02
1.055499999999999883e+00,1.616220369851243399e-01,4.784213071969052600e-02
1.056000000000000050e+00,1.616220369851243399e-01,4.651843219301250720e-02
1.056499999999999995e+00,1.616220369851243399e-01,4.519473366633529332e-02
1.056999999999999940e+00,1.616220369851243399e-01,4.387103513965825291e-02
1.057500000000000107e+00,1.616220369851243399e-01,4.254733661298062269e-02
1.058000000000000052e+00,1.616220369851243399e-01,4.122363808630313126e-02
1.058499999999999996e+00,1.616220369851243399e-01,3.989993955962636146e-02
1.059000000000000163e+00,1.616220369851243399e-01,3.857624103294845369e-02
1.059499999999999886e+00,1.616220369851243399e-01,3.725254250627160757e-02
1.060000000000000053e+00,1.616220369851243399e-01,3.592884397959402593e-02
1.060499999999999998e+00,1.616220369851243399e-01,3.460514545291720062e-02
1.060999999999999943e+00,1.616220369851243399e-01,3.328144692623987572e-02
1.061500000000000110e+00,1.616220369851243399e-01,3.195774839956203039e-02
1.062000000000000055e+00,1.616220369851243399e-01,3.063404987288486855e-02
1.062500000000000000e+00,1.616220369851243399e-01,2.931035134620788019e-02
1.063000000000000167e+00,1.616220369851243399e-01,2.798665281953002792e-02
1.063499999999999890e+00,1.616220369851243399e-01,2.666295429285384100e-02
1.064000000000000057e+00,1.616220369851243399e-01,2.533925576617554465e-02
1.064500000000000002e+00,1.616220369851243399e-01,2.401555723949861179e-02
1.064999999999999947e+00,8.988129143516537800e-02,2.269185871282162342e-02
1.065500000000000114e+00,8.988129143516537800e-02,2.193942252359794981e-02
1.066000000000000059e+00,8.988129143516537800e-02,2.118698633437444273e-02
1.066500000000000004e+00,8.988129143516537800e-02,2.043455014515165383e-02
1.067000000000000171e+00,8.988129143516537800e-02,1.968211395592776511e-02
1.067499999999999893e+00,8.988129143516537800e-02,1.892967776670513580e-02
1.068000000000000060e+00,8.988129143516537800e-02,1.817724157748202424e-02
1.068500000000000005e+00,8.988129143516537800e-02,1.742480538825806960e-02
1.068999999999999950e+00,8.988129143516537800e-02,1.667236919903528417e-02
1.069500000000000117e+00,8.988129143516537800e-02,1.591993300981172504e-02
1.070000000000000062e+00,8.988129143516537800e-02,1.516749682058849205e-02
1.070500000000000007e+00,8.988129143516537800e-02,1.441506063136543080e-02
1.071000000000000174e+00,8.988129143516537800e-02,1.366262444214192892e-02
1.071499999999999897e+00,8.988129143516537800e-02,1.291018825291880001e-02
1.072000000000000064e+00,8.988129143516537800e-02,1.215775206369612733e-02
1.072500000000000009e+00,8.988129143516537800e-02,1.140531587447256301e-02
1.072999999999999954e+00,8.988129143516537800e-02,1.065287968524927624e-02
1.073500000000000121e+00,8.988129143516537800e-02,9.900443496025888857e-03
1.074000000000000066e+00,8.988129143516537800e-02,9.148007306802876173e-03
1.074500000000000011e+00,8.988129143516537800e-02,8.395571117578977047e-03
1.075000000000000178e+00,3.641173625060754176e-02,7.643134928356175133e-03
1.075499999999999901e+00,3.641173625060754176e-02,7.333387391085835830e-03
1.076000000000000068e+00,3.641173625060754176e-02,7.023639853814735851e-03
1.076500000000000012e+00,3.641173625060754176e-02,6.713892316544269045e-03
1.076999999999999957e+00,3.641173625060754176e-02,6.404144779274078061e-03
1.077500000000000124e+00,3.641173625060754176e-02,6.094397242002922571e-03
1.078000000000000069e+00,3.641173625060754176e-02,5.784649704732454031e-03
1.078500000000000014e+00,3.641173625060754176e-02,5.474902167461766916e-03
1.079000000000000181e+00,3.641173625060754176e-02,5.165154630191052913e-03
1.079499999999999904e+00,3.641173625060754176e-02,4.855407092920279062e-03
1.080000000000000071e+00,3.641173625060754176e-02,4.545659555649509548e-03
1.080500000000000016e+00,3.641173625060754176e-02,4.235912018378650695e-03
1.080999999999999961e+00,3.641173625060754176e-02,3.926164481108243738e-03
1.081500000000000128e+00,3.641173625060754176e-02,3.616416943837248710e-03
1.082000000000000073e+00,3.641173625060754176e-02,3.306669406566781905e-03
1.082500000000000018e+00,3.641173625060754176e-02,2.996921869296930059e-03
1.083000000000000185e+00,3.641173625060754176e-02,2.687174332025275836e-03
1.083499999999999908e+00,3.641173625060754176e-02,2.377426794754993779e-03
1.084000000000000075e+00,3.641173625060754176e-02,2.067679257484113242e-03
1.084500000000000020e+00,3.641173625060754176e-02,1.757931720213597865e-03
1.084999999999999964e+00,8.359211061751165017e-03,1.448184182943524842e-03
1.085500000000000131e+00,8.359211061751165017e-03,1.375774973795977629e-03
1.086000000000000076e+00,8.359211061751165017e-03,1.303365764648316358e-03
1.086500000000000021e+00,8.359211061751165017e-03,1.230956555501538062e-03
1.087000000000000188e+00,8.359211061751165017e-03,1.158547346354413905e-03
1.087499999999999911e+00,8.359211061751165017e-03,1.086138137207093074e-03
1.088000000000000078e+00,8.359211061751165017e-03,1.013728928059688108e-03
1.088500000000000023e+00,8.359211061751165017e-03,9.413197189121983582e-04
1.088999999999999968e+00,8.359211061751165017e-03,8.689105097648632155e-04
1.089500000000000135e+00,8.359211061751165017e-03,7.965013006180445866e-04
1.090000000000000080e+00,8.359211061751165017e-03,7.240920914707666897e-04
1.090500000000000025e+00,8.359211061751165017e-03,6.516828823235425693e-04
1.091000000000000192e+00,8.359211061751165017e-03,5.792736731758080064e-04
1.091499999999999915e+00,8.359211061751165017e-03,5.068644640290492255e-04
1.092000000000000082e+00,8.359211061751165017e-03,4.344552548809273856e-04
1.092500000000000027e+00,8.359211061751165017e-03,3.620460457345949130e-04
1.092999999999999972e+00,8.359211061751165017e-03,2.896368365872025244e-04
1.093500000000000139e+00,8.359211061751165017e-03,2.172276274399346022e-04
1.094000000000000083e+00,8.359211061751165017e-03,1.448184182932694963e-04
1.094500000000000028e+00,8.359211061751165017e-03,7.240920914550370846e-05
1.095000000000000195e+00,-5.551115123125782702e-17,-1.045107130105537421e-15
1.095499999999999918e+00,-5.551115123125782702e-17,-1.448195946843200410e-15
1.096000000000000085e+00,-5.551115123125782702e-17,-1.659452740152000949e-15
1.096500000000000030e+00,-5.551115123125782702e-17,-9.921534080414851076e-16
1.096999999999999975e+00,-5.551115123125782702e-17,-1.673574473448624644e-15
1.097500000000000142e+00,-5.551115123125782702e-17,-1.961213309809028971e-15
1.098000000000000087e+00,-5.551115123125782702e-17,-1.446542538530160016e-15
1.098500000000000032e+00,-5.551115123125782702e-17,-1.677802861921318112e-15
1.099000000000000199e+00,-5.551115123125782702e-17,-1.562985851855103192e-15
1.099499999999999922e+00,-5.551115123125782702e-17,-1.626086418293759550e-15
1.100000000000000089e+00,-5.551115123125782702e-17,-2.014230796043570137e-15
